{
  "type": "Filesystem",
  "managed": true,
  "formatType": "csv",
  "checklists": {
    "checklists": []
  },
  "checks": [],
  "customMeta": {
    "kv": {}
  },
  "flowOptions": {
    "virtualizable": false,
    "rebuildBehavior": "NORMAL",
    "crossProjectBuildBehavior": "DEFAULT"
  },
  "readWriteOptions": {
    "preserveOrder": false,
    "writeBuckets": 1,
    "forceSingleOutputFile": false,
    "defaultReadOrdering": {
      "enabled": false,
      "rules": []
    }
  },
  "formatParams": {
    "style": "unix",
    "charset": "utf8",
    "separator": "\t",
    "quoteChar": "\"",
    "escapeChar": "\\",
    "dateSerializationFormat": "ISO",
    "arrayMapFormat": "json",
    "hiveSeparators": [
      "\u0002",
      "\u0003",
      "\u0004",
      "\u0005",
      "\u0006",
      "\u0007",
      "\b"
    ],
    "skipRowsBeforeHeader": 0,
    "parseHeaderRow": false,
    "skipRowsAfterHeader": 0,
    "probableNumberOfRecords": 0,
    "normalizeBooleans": false,
    "normalizeDoubles": true,
    "readAdditionalColumnsBehavior": "INSERT_IN_DATA_WARNING",
    "readMissingColumnsBehavior": "DISCARD_SILENT",
    "readDataTypeMismatchBehavior": "DISCARD_WARNING",
    "writeDataTypeMismatchBehavior": "DISCARD_WARNING",
    "fileReadFailureBehavior": "FAIL",
    "compress": "gz"
  },
  "partitioning": {
    "ignoreNonMatchingFile": false,
    "considerMissingRequestedPartitionsAsEmpty": false,
    "dimensions": []
  },
  "versionTag": {
    "versionNumber": 33,
    "lastModifiedBy": {
      "login": "admin"
    },
    "lastModifiedOn": 1676960244670
  },
  "creationTag": {
    "versionNumber": 0,
    "lastModifiedBy": {
      "login": "admin"
    },
    "lastModifiedOn": 1673110530116
  },
  "tags": [],
  "params": {
    "connection": "filesystem_managed",
    "path": "${projectKey}/marketing_campaign_dataset_prepared",
    "notReadyIfEmpty": false,
    "filesSelectionRules": {
      "mode": "ALL",
      "excludeRules": [],
      "includeRules": [],
      "explicitFiles": []
    }
  },
  "schema": {
    "columns": [
      {
        "name": "ID",
        "type": "bigint"
      },
      {
        "name": "Year_Birth",
        "type": "bigint"
      },
      {
        "name": "Age",
        "type": "bigint"
      },
      {
        "name": "Education",
        "type": "string"
      },
      {
        "name": "Marital_Status",
        "type": "string"
      },
      {
        "name": "Income",
        "type": "bigint"
      },
      {
        "name": "Kidhome",
        "type": "bigint"
      },
      {
        "name": "Teenhome",
        "type": "bigint"
      },
      {
        "name": "Kids",
        "type": "double"
      },
      {
        "name": "Dt_Customer",
        "type": "string"
      },
      {
        "name": "Dt_Customer_parsed",
        "type": "date"
      },
      {
        "name": "Engaged in Days",
        "type": "bigint"
      },
      {
        "name": "Recency",
        "type": "bigint"
      },
      {
        "name": "MntWines",
        "type": "bigint"
      },
      {
        "name": "MntFruits",
        "type": "bigint"
      },
      {
        "name": "MntMeatProducts",
        "type": "bigint"
      },
      {
        "name": "MntFishProducts",
        "type": "bigint"
      },
      {
        "name": "MntSweetProducts",
        "type": "bigint"
      },
      {
        "name": "MntGoldProds",
        "type": "bigint"
      },
      {
        "name": "Expenses",
        "type": "double"
      },
      {
        "name": "% Spent on Gold Products",
        "type": "double"
      },
      {
        "name": "% Spent on Sweet Products",
        "type": "double"
      },
      {
        "name": "% Spent on Fish Products",
        "type": "double"
      },
      {
        "name": "% Spent on Meat Products",
        "type": "double"
      },
      {
        "name": "% Spent on Fruits",
        "type": "double"
      },
      {
        "name": "% Spent on Wines",
        "type": "double"
      },
      {
        "name": "NumDealsPurchases",
        "type": "bigint"
      },
      {
        "name": "NumWebPurchases",
        "type": "bigint"
      },
      {
        "name": "NumCatalogPurchases",
        "type": "bigint"
      },
      {
        "name": "NumStorePurchases",
        "type": "bigint"
      },
      {
        "name": "Num Total Purchase",
        "type": "double"
      },
      {
        "name": "Amount Per Purchase",
        "type": "double"
      },
      {
        "name": "NumWebVisitsMonth",
        "type": "bigint"
      },
      {
        "name": "AcceptedCmp3",
        "type": "bigint"
      },
      {
        "name": "AcceptedCmp4",
        "type": "bigint"
      },
      {
        "name": "AcceptedCmp5",
        "type": "bigint"
      },
      {
        "name": "AcceptedCmp1",
        "type": "bigint"
      },
      {
        "name": "AcceptedCmp2",
        "type": "bigint"
      },
      {
        "name": "Total Accepted Cmp",
        "type": "double"
      },
      {
        "name": "Complain",
        "type": "bigint"
      },
      {
        "name": "Response",
        "type": "bigint"
      }
    ],
    "userModified": true
  },
  "dkuProperties": [],
  "metrics": {
    "probes": [
      {
        "type": "basic",
        "enabled": true,
        "computeOnBuildMode": "PARTITION",
        "meta": {
          "name": "Basic data",
          "level": 0
        },
        "configuration": {}
      },
      {
        "type": "records",
        "enabled": true,
        "computeOnBuildMode": "NO",
        "meta": {
          "name": "Record count",
          "level": 0
        },
        "configuration": {}
      },
      {
        "type": "col_stats",
        "enabled": true,
        "computeOnBuildMode": "PARTITION",
        "meta": {
          "name": "Columns statistics",
          "level": 2
        },
        "configuration": {
          "aggregates": [
            {
              "column": "ID",
              "aggregated": "MIN"
            },
            {
              "column": "ID",
              "aggregated": "MEAN"
            },
            {
              "column": "ID",
              "aggregated": "MAX"
            },
            {
              "column": "ID",
              "aggregated": "SUM"
            },
            {
              "column": "ID",
              "aggregated": "COUNT"
            },
            {
              "column": "ID",
              "aggregated": "COUNT_NULL"
            },
            {
              "column": "ID",
              "aggregated": "STDDEV"
            },
            {
              "column": "ID",
              "aggregated": "COUNT_DISTINCT"
            },
            {
              "column": "Year_Birth",
              "aggregated": "MIN"
            },
            {
              "column": "Year_Birth",
              "aggregated": "MEAN"
            },
            {
              "column": "Year_Birth",
              "aggregated": "MAX"
            },
            {
              "column": "Year_Birth",
              "aggregated": "SUM"
            },
            {
              "column": "Year_Birth",
              "aggregated": "COUNT"
            },
            {
              "column": "Year_Birth",
              "aggregated": "COUNT_NULL"
            },
            {
              "column": "Year_Birth",
              "aggregated": "STDDEV"
            },
            {
              "column": "Year_Birth",
              "aggregated": "COUNT_DISTINCT"
            },
            {
              "column": "Age",
              "aggregated": "MIN"
            },
            {
              "column": "Age",
              "aggregated": "MEAN"
            },
            {
              "column": "Age",
              "aggregated": "MAX"
            },
            {
              "column": "Age",
              "aggregated": "SUM"
            },
            {
              "column": "Age",
              "aggregated": "COUNT"
            },
            {
              "column": "Age",
              "aggregated": "COUNT_NULL"
            },
            {
              "column": "Age",
              "aggregated": "STDDEV"
            },
            {
              "column": "Age",
              "aggregated": "COUNT_DISTINCT"
            },
            {
              "column": "Education",
              "aggregated": "MIN"
            },
            {
              "column": "Education",
              "aggregated": "MAX"
            },
            {
              "column": "Education",
              "aggregated": "COUNT"
            },
            {
              "column": "Education",
              "aggregated": "COUNT_NULL"
            },
            {
              "column": "Education",
              "aggregated": "COUNT_DISTINCT"
            },
            {
              "column": "Marital_Status",
              "aggregated": "MIN"
            },
            {
              "column": "Marital_Status",
              "aggregated": "MAX"
            },
            {
              "column": "Marital_Status",
              "aggregated": "COUNT"
            },
            {
              "column": "Marital_Status",
              "aggregated": "COUNT_NULL"
            },
            {
              "column": "Marital_Status",
              "aggregated": "COUNT_DISTINCT"
            },
            {
              "column": "Income",
              "aggregated": "MIN"
            },
            {
              "column": "Income",
              "aggregated": "MEAN"
            },
            {
              "column": "Income",
              "aggregated": "MAX"
            },
            {
              "column": "Income",
              "aggregated": "SUM"
            },
            {
              "column": "Income",
              "aggregated": "COUNT"
            },
            {
              "column": "Income",
              "aggregated": "COUNT_NULL"
            },
            {
              "column": "Income",
              "aggregated": "STDDEV"
            },
            {
              "column": "Income",
              "aggregated": "COUNT_DISTINCT"
            },
            {
              "column": "Kidhome",
              "aggregated": "MIN"
            },
            {
              "column": "Kidhome",
              "aggregated": "MEAN"
            },
            {
              "column": "Kidhome",
              "aggregated": "MAX"
            },
            {
              "column": "Kidhome",
              "aggregated": "SUM"
            },
            {
              "column": "Kidhome",
              "aggregated": "COUNT"
            },
            {
              "column": "Kidhome",
              "aggregated": "COUNT_NULL"
            },
            {
              "column": "Kidhome",
              "aggregated": "STDDEV"
            },
            {
              "column": "Kidhome",
              "aggregated": "COUNT_DISTINCT"
            },
            {
              "column": "Teenhome",
              "aggregated": "MIN"
            },
            {
              "column": "Teenhome",
              "aggregated": "MEAN"
            },
            {
              "column": "Teenhome",
              "aggregated": "MAX"
            },
            {
              "column": "Teenhome",
              "aggregated": "SUM"
            },
            {
              "column": "Teenhome",
              "aggregated": "COUNT"
            },
            {
              "column": "Teenhome",
              "aggregated": "COUNT_NULL"
            },
            {
              "column": "Teenhome",
              "aggregated": "STDDEV"
            },
            {
              "column": "Teenhome",
              "aggregated": "COUNT_DISTINCT"
            },
            {
              "column": "Kids",
              "aggregated": "MIN"
            },
            {
              "column": "Kids",
              "aggregated": "MEAN"
            },
            {
              "column": "Kids",
              "aggregated": "MAX"
            },
            {
              "column": "Kids",
              "aggregated": "SUM"
            },
            {
              "column": "Kids",
              "aggregated": "COUNT"
            },
            {
              "column": "Kids",
              "aggregated": "COUNT_NULL"
            },
            {
              "column": "Kids",
              "aggregated": "STDDEV"
            },
            {
              "column": "Kids",
              "aggregated": "COUNT_DISTINCT"
            },
            {
              "column": "Dt_Customer",
              "aggregated": "MIN"
            },
            {
              "column": "Dt_Customer",
              "aggregated": "MAX"
            },
            {
              "column": "Dt_Customer",
              "aggregated": "COUNT"
            },
            {
              "column": "Dt_Customer",
              "aggregated": "COUNT_NULL"
            },
            {
              "column": "Dt_Customer",
              "aggregated": "COUNT_DISTINCT"
            },
            {
              "column": "Dt_Customer_parsed",
              "aggregated": "MIN"
            },
            {
              "column": "Dt_Customer_parsed",
              "aggregated": "MEAN"
            },
            {
              "column": "Dt_Customer_parsed",
              "aggregated": "MAX"
            },
            {
              "column": "Dt_Customer_parsed",
              "aggregated": "COUNT"
            },
            {
              "column": "Dt_Customer_parsed",
              "aggregated": "COUNT_NULL"
            },
            {
              "column": "Dt_Customer_parsed",
              "aggregated": "COUNT_DISTINCT"
            },
            {
              "column": "Dt_Customer_parsed",
              "aggregated": "HISTOGRAM"
            }
          ]
        }
      },
      {
        "type": "adv_col_stats",
        "enabled": false,
        "computeOnBuildMode": "NO",
        "meta": {
          "name": "Most frequent values",
          "level": 3
        },
        "configuration": {
          "aggregates": [],
          "numberTopValues": 10
        }
      },
      {
        "type": "percentile_stats",
        "enabled": false,
        "computeOnBuildMode": "NO",
        "meta": {
          "name": "Columns percentiles",
          "level": 4
        },
        "configuration": {
          "aggregates": []
        }
      },
      {
        "type": "verify_col",
        "enabled": false,
        "computeOnBuildMode": "NO",
        "meta": {
          "name": "Data validity",
          "level": 4
        },
        "configuration": {
          "aggregates": []
        }
      }
    ],
    "engineConfig": {
      "padRunsWithMetrics": true,
      "hive": {
        "active": true,
        "extraConf": []
      },
      "basic": {},
      "dss": {
        "active": true,
        "selection": {
          "useMemTable": false,
          "filter": {
            "distinct": false,
            "enabled": false
          },
          "partitionSelectionMethod": "ALL",
          "latestPartitionsN": 1,
          "ordering": {
            "enabled": false,
            "rules": []
          },
          "samplingMethod": "FULL",
          "maxRecords": -1,
          "targetRatio": 0.02,
          "withinFirstN": -1,
          "maxReadUncompressedBytes": -1
        }
      },
      "sql": {
        "active": true
      },
      "impala": {
        "active": true
      },
      "spark": {
        "active": true,
        "extraConf": []
      },
      "python": {}
    },
    "displayedState": {
      "partition": "NP",
      "columns": [
        "Dt_Customer_parsed",
        "Income",
        "Kidhome",
        "Teenhome",
        "Year_Birth",
        "MntWines",
        "MntFruits",
        "MntMeatProducts",
        "MntFishProducts",
        "MntSweetProducts",
        "MntGoldProds",
        "NumDealsPurchases",
        "NumWebPurchases",
        "NumCatalogPurchases",
        "Age",
        "Amount Per Purchase"
      ],
      "metrics": [
        "col_stats:MIN:Dt_Customer_parsed",
        "col_stats:MAX:Dt_Customer_parsed",
        "col_stats:MEAN:Dt_Customer_parsed",
        "col_stats:MEAN:Age",
        "col_stats:MAX:Age",
        "col_stats:MIN:Age"
      ]
    }
  },
  "metricsChecks": {
    "runOnBuild": false,
    "checks": [],
    "displayedState": {
      "partition": "NP",
      "checks": []
    }
  },
  "customFields": {}
}