{
  "type": "UploadedFiles",
  "managed": false,
  "formatType": "csv",
  "checklists": {
    "checklists": []
  },
  "customMeta": {
    "kv": {}
  },
  "flowOptions": {
    "virtualizable": false,
    "rebuildBehavior": "NORMAL",
    "crossProjectBuildBehavior": "DEFAULT"
  },
  "readWriteOptions": {
    "preserveOrder": false,
    "writeBuckets": 1,
    "forceSingleOutputFile": false,
    "defaultReadOrdering": {
      "enabled": false,
      "rules": []
    }
  },
  "formatParams": {
    "style": "excel",
    "charset": "utf-8",
    "separator": ",",
    "quoteChar": "\"",
    "escapeChar": "\\",
    "dateSerializationFormat": "ISO",
    "arrayMapFormat": "json",
    "hiveSeparators": [
      "\u0002",
      "\u0003",
      "\u0004",
      "\u0005",
      "\u0006",
      "\u0007",
      "\b"
    ],
    "skipRowsBeforeHeader": 0,
    "parseHeaderRow": true,
    "skipRowsAfterHeader": 0,
    "probableNumberOfRecords": 27,
    "normalizeBooleans": false,
    "normalizeDoubles": true,
    "readAdditionalColumnsBehavior": "INSERT_IN_DATA_WARNING",
    "readMissingColumnsBehavior": "DISCARD_SILENT",
    "readDataTypeMismatchBehavior": "DISCARD_WARNING",
    "writeDataTypeMismatchBehavior": "DISCARD_WARNING",
    "fileReadFailureBehavior": "FAIL",
    "compress": ""
  },
  "partitioning": {
    "ignoreNonMatchingFile": false,
    "considerMissingRequestedPartitionsAsEmpty": false,
    "dimensions": []
  },
  "versionTag": {
    "versionNumber": 13,
    "lastModifiedBy": {
      "login": "admin"
    },
    "lastModifiedOn": 1676963299990
  },
  "creationTag": {
    "versionNumber": 0,
    "lastModifiedBy": {
      "login": "admin"
    },
    "lastModifiedOn": 1673100302066
  },
  "tags": [],
  "params": {
    "uploadConnection": "Default (in DSS data dir.)",
    "notReadyIfEmpty": false,
    "filesSelectionRules": {
      "mode": "ALL",
      "excludeRules": [],
      "includeRules": [],
      "explicitFiles": []
    }
  },
  "schema": {
    "columns": [
      {
        "name": "ID",
        "type": "string"
      },
      {
        "name": "Year_Birth",
        "type": "string"
      },
      {
        "name": "Education",
        "type": "string"
      },
      {
        "name": "Marital_Status",
        "type": "string"
      },
      {
        "name": "Income",
        "type": "int"
      },
      {
        "name": "Kidhome",
        "type": "string"
      },
      {
        "name": "Teenhome",
        "type": "string"
      },
      {
        "name": "Dt_Customer",
        "type": "string"
      },
      {
        "name": "Recency",
        "type": "string"
      },
      {
        "name": "MntWines",
        "type": "string"
      },
      {
        "name": "MntFruits",
        "type": "string"
      },
      {
        "name": "MntMeatProducts",
        "type": "string"
      },
      {
        "name": "MntFishProducts",
        "type": "string"
      },
      {
        "name": "MntSweetProducts",
        "type": "string"
      },
      {
        "name": "MntGoldProds",
        "type": "string"
      },
      {
        "name": "NumDealsPurchases",
        "type": "string"
      },
      {
        "name": "NumWebPurchases",
        "type": "string"
      },
      {
        "name": "NumCatalogPurchases",
        "type": "string"
      },
      {
        "name": "NumStorePurchases",
        "type": "string"
      },
      {
        "name": "NumWebVisitsMonth",
        "type": "string"
      },
      {
        "name": "AcceptedCmp3",
        "type": "string"
      },
      {
        "name": "AcceptedCmp4",
        "type": "string"
      },
      {
        "name": "AcceptedCmp5",
        "type": "string"
      },
      {
        "name": "AcceptedCmp1",
        "type": "string"
      },
      {
        "name": "AcceptedCmp2",
        "type": "string"
      },
      {
        "name": "Complain",
        "type": "string"
      },
      {
        "name": "Response",
        "type": "string"
      }
    ],
    "userModified": true
  },
  "dkuProperties": [],
  "metrics": {
    "probes": [
      {
        "type": "basic",
        "enabled": true,
        "computeOnBuildMode": "PARTITION",
        "meta": {
          "name": "Basic data",
          "level": 0
        },
        "configuration": {}
      },
      {
        "type": "records",
        "enabled": true,
        "computeOnBuildMode": "NO",
        "meta": {
          "name": "Record count",
          "level": 0
        },
        "configuration": {}
      },
      {
        "type": "col_stats",
        "enabled": true,
        "computeOnBuildMode": "PARTITION",
        "meta": {
          "name": "Columns statistics",
          "level": 2
        },
        "configuration": {
          "aggregates": [
            {
              "column": "Year_Birth",
              "aggregated": "MIN"
            },
            {
              "column": "Year_Birth",
              "aggregated": "MAX"
            },
            {
              "column": "Year_Birth",
              "aggregated": "COUNT"
            },
            {
              "column": "Year_Birth",
              "aggregated": "COUNT_NULL"
            },
            {
              "column": "Year_Birth",
              "aggregated": "COUNT_DISTINCT"
            },
            {
              "column": "Income",
              "aggregated": "MIN"
            },
            {
              "column": "Income",
              "aggregated": "MAX"
            },
            {
              "column": "Income",
              "aggregated": "COUNT"
            },
            {
              "column": "Income",
              "aggregated": "COUNT_NULL"
            },
            {
              "column": "Income",
              "aggregated": "COUNT_DISTINCT"
            },
            {
              "column": "Kidhome",
              "aggregated": "MIN"
            },
            {
              "column": "Kidhome",
              "aggregated": "MAX"
            },
            {
              "column": "Kidhome",
              "aggregated": "COUNT"
            },
            {
              "column": "Kidhome",
              "aggregated": "COUNT_NULL"
            },
            {
              "column": "Kidhome",
              "aggregated": "COUNT_DISTINCT"
            },
            {
              "column": "Teenhome",
              "aggregated": "MIN"
            },
            {
              "column": "Teenhome",
              "aggregated": "MAX"
            },
            {
              "column": "Teenhome",
              "aggregated": "COUNT"
            },
            {
              "column": "Teenhome",
              "aggregated": "COUNT_NULL"
            },
            {
              "column": "Teenhome",
              "aggregated": "COUNT_DISTINCT"
            },
            {
              "column": "Dt_Customer",
              "aggregated": "MIN"
            },
            {
              "column": "Dt_Customer",
              "aggregated": "MAX"
            },
            {
              "column": "Dt_Customer",
              "aggregated": "COUNT"
            },
            {
              "column": "Dt_Customer",
              "aggregated": "COUNT_NULL"
            },
            {
              "column": "Dt_Customer",
              "aggregated": "COUNT_DISTINCT"
            }
          ]
        }
      },
      {
        "type": "adv_col_stats",
        "enabled": false,
        "computeOnBuildMode": "NO",
        "meta": {
          "name": "Most frequent values",
          "level": 3
        },
        "configuration": {
          "aggregates": [],
          "numberTopValues": 10
        }
      },
      {
        "type": "percentile_stats",
        "enabled": false,
        "computeOnBuildMode": "NO",
        "meta": {
          "name": "Columns percentiles",
          "level": 4
        },
        "configuration": {
          "aggregates": []
        }
      },
      {
        "type": "verify_col",
        "enabled": false,
        "computeOnBuildMode": "NO",
        "meta": {
          "name": "Data validity",
          "level": 4
        },
        "configuration": {
          "aggregates": []
        }
      }
    ],
    "engineConfig": {
      "padRunsWithMetrics": false,
      "hive": {
        "active": true,
        "extraConf": []
      },
      "basic": {},
      "dss": {
        "active": true,
        "selection": {
          "useMemTable": false,
          "filter": {
            "distinct": false,
            "enabled": false
          },
          "partitionSelectionMethod": "ALL",
          "latestPartitionsN": 1,
          "ordering": {
            "enabled": false,
            "rules": []
          },
          "samplingMethod": "FULL",
          "maxRecords": -1,
          "targetRatio": 0.02,
          "withinFirstN": -1,
          "maxReadUncompressedBytes": -1
        }
      },
      "sql": {
        "active": true
      },
      "impala": {
        "active": true
      },
      "spark": {
        "active": true,
        "extraConf": []
      },
      "python": {}
    },
    "displayedState": {
      "partition": "NP",
      "columns": [
        "ID",
        "Year_Birth",
        "Education",
        "Marital_Status",
        "Income",
        "Kidhome",
        "Teenhome",
        "Dt_Customer",
        "Recency",
        "MntWines",
        "MntFruits",
        "MntMeatProducts",
        "MntFishProducts",
        "MntSweetProducts",
        "MntGoldProds",
        "NumDealsPurchases",
        "NumWebPurchases",
        "NumCatalogPurchases",
        "NumStorePurchases",
        "NumWebVisitsMonth",
        "AcceptedCmp3",
        "AcceptedCmp4",
        "AcceptedCmp5",
        "AcceptedCmp1",
        "AcceptedCmp2",
        "Complain",
        "Response"
      ],
      "metrics": [
        "basic:COUNT_COLUMNS",
        "col_stats:COUNT:Dt_Customer",
        "col_stats:COUNT:Income",
        "col_stats:COUNT:Kidhome",
        "col_stats:COUNT:Teenhome",
        "col_stats:COUNT:Year_Birth",
        "col_stats:COUNT_DISTINCT:Dt_Customer",
        "col_stats:COUNT_DISTINCT:Income",
        "col_stats:COUNT_DISTINCT:Kidhome",
        "col_stats:COUNT_DISTINCT:Teenhome",
        "col_stats:COUNT_DISTINCT:Year_Birth",
        "col_stats:COUNT_NULL:Dt_Customer",
        "col_stats:COUNT_NULL:Income",
        "col_stats:COUNT_NULL:Kidhome",
        "col_stats:COUNT_NULL:Teenhome",
        "col_stats:COUNT_NULL:Year_Birth",
        "basic:COUNT_FILES",
        "col_stats:MAX:Dt_Customer",
        "col_stats:MAX:Income",
        "col_stats:MAX:Kidhome",
        "col_stats:MAX:Teenhome",
        "col_stats:MAX:Year_Birth",
        "reporting:METRICS_COMPUTATION_DURATION",
        "col_stats:MIN:Dt_Customer",
        "col_stats:MIN:Income",
        "col_stats:MIN:Kidhome",
        "col_stats:MIN:Teenhome",
        "col_stats:MIN:Year_Birth",
        "adv_col_stats:MODE:Dt_Customer",
        "records:COUNT_RECORDS",
        "basic:SIZE",
        "adv_col_stats:TOP10_WITH_COUNTS:Dt_Customer",
        "adv_col_stats:TOP10:Dt_Customer"
      ]
    }
  },
  "metricsChecks": {
    "runOnBuild": false,
    "checks": [],
    "displayedState": {
      "partition": "NP",
      "checks": []
    }
  },
  "customFields": {}
}