{"global": {"size": 2232, "facts": [{"type": "numerical", "feature_label": "MntMeatProducts", "cluster_label": "cluster_1", "mean": 449.0946643717728, "std": 238.2264056177462, "diff": 1.2934063309605992, "global_mean": 165.31944444444446, "global_std": 219.40144650178996}, {"type": "numerical", "feature_label": "NumCatalogPurchases", "cluster_label": "cluster_1", "mean": 5.889845094664372, "std": 2.555234683215575, "diff": 1.1636951378320342, "global_mean": 2.6362007168458783, "global_std": 2.7959594158656005}, {"type": "numerical", "feature_label": "MntFishProducts", "cluster_label": "cluster_1", "mean": 100.95869191049914, "std": 65.87489460314609, "diff": 1.157698900896647, "global_mean": 37.64471326164875, "global_std": 54.68950398053693}, {"type": "numerical", "feature_label": "Income", "cluster_label": "cluster_1", "mean": 75254.5834767642, "std": 10869.311786353725, "diff": 1.1465550771782016, "global_mean": 51633.642025089604, "global_std": 20601.663122724403}, {"type": "numerical", "feature_label": "MntFruits", "cluster_label": "cluster_1", "mean": 69.85197934595524, "std": 51.0871005755207, "diff": 1.0916607423999136, "global_mean": 26.38037634408602, "global_std": 39.82153183075997}, {"type": "numerical", "feature_label": "MntSweetProducts", "cluster_label": "cluster_1", "mean": 71.97590361445783, "std": 52.47501314501984, "diff": 1.0845732401705444, "global_mean": 27.155465949820787, "global_std": 41.32541354015819}, {"type": "numerical", "feature_label": "NumWebVisitsMonth", "cluster_label": "cluster_1", "mean": 2.8089500860585197, "std": 1.7497750887749508, "diff": -1.0444321810011081, "global_mean": 5.331541218637993, "global_std": 2.415275188247763}, {"type": "numerical", "feature_label": "MntWines", "cluster_label": "cluster_1", "mean": 594.6144578313254, "std": 318.48988951243837, "diff": 0.8601463637963623, "global_mean": 304.9301075268817, "global_std": 336.7849502099688}, {"type": "numerical", "feature_label": "Income", "cluster_label": "cluster_2", "mean": 34206.68560235063, "std": 11868.161890656102, "diff": -0.8459004653617691, "global_mean": 51633.642025089604, "global_std": 20601.663122724403}, {"type": "numerical", "feature_label": "NumStorePurchases", "cluster_label": "cluster_1", "mean": 8.452667814113598, "std": 2.8875321657823663, "diff": 0.8156270308339207, "global_mean": 5.808243727598566, "global_std": 3.2421977037853877}]}, "clusters": [{"cluster": "cluster_0", "size": 630, "facts": [{"type": "numerical", "feature_label": "NumWebPurchases", "cluster_label": "cluster_0", "mean": 6.282539682539682, "std": 2.4995096296523625, "diff": 0.7874179463075263, "global_mean": 4.097670250896058, "global_std": 2.774726486599943}, {"type": "numerical", "feature_label": "Teenhome", "cluster_label": "cluster_0", "mean": 0.926984126984127, "std": 0.42691869307265845, "diff": 0.7707562566617664, "global_mean": 0.507168458781362, "global_std": 0.5446801950347244}, {"type": "numerical", "feature_label": "NumDealsPurchases", "cluster_label": "cluster_0", "mean": 3.715873015873016, "std": 2.3270515573280823, "diff": 0.7377687578230682, "global_mean": 2.318100358422939, "global_std": 1.8945945360636849}]}, {"cluster": "cluster_1", "size": 581, "facts": [{"type": "numerical", "feature_label": "MntMeatProducts", "cluster_label": "cluster_1", "mean": 449.0946643717728, "std": 238.2264056177462, "diff": 1.2934063309605992, "global_mean": 165.31944444444446, "global_std": 219.40144650178996}, {"type": "numerical", "feature_label": "NumCatalogPurchases", "cluster_label": "cluster_1", "mean": 5.889845094664372, "std": 2.555234683215575, "diff": 1.1636951378320342, "global_mean": 2.6362007168458783, "global_std": 2.7959594158656005}, {"type": "numerical", "feature_label": "MntFishProducts", "cluster_label": "cluster_1", "mean": 100.95869191049914, "std": 65.87489460314609, "diff": 1.157698900896647, "global_mean": 37.64471326164875, "global_std": 54.68950398053693}]}, {"cluster": "cluster_2", "size": 1021, "facts": [{"type": "numerical", "feature_label": "Income", "cluster_label": "cluster_2", "mean": 34206.68560235063, "std": 11868.161890656102, "diff": -0.8459004653617691, "global_mean": 51633.642025089604, "global_std": 20601.663122724403}, {"type": "numerical", "feature_label": "NumStorePurchases", "cluster_label": "cluster_2", "mean": 3.187071498530852, "std": 1.0352935284164542, "diff": -0.8084553961676665, "global_mean": 5.808243727598566, "global_std": 3.2421977037853877}, {"type": "numerical", "feature_label": "MntWines", "cluster_label": "cluster_2", "mean": 40.266405484818804, "std": 49.75628384502602, "diff": -0.7858537083591715, "global_mean": 304.9301075268817, "global_std": 336.7849502099688}]}]}