{
    "metrics": {
        "inertia": 18985.742178055505,
        "silhouette": 0.25949157733553346,
        "nbClusters": 3
    },
    "processed_feature_names": [
        "MntWines",
        "NumWebPurchases",
        "Teenhome",
        "MntFruits",
        "NumCatalogPurchases",
        "MntMeatProducts",
        "NumWebVisitsMonth",
        "MntFishProducts",
        "MntSweetProducts",
        "MntGoldProds",
        "Recency",
        "NumStorePurchases",
        "Kidhome",
        "NumDealsPurchases",
        "Income"
    ],
    "variables_importance": {
        "variables": [
            "MntWines",
            "NumWebPurchases",
            "Teenhome",
            "MntFruits",
            "NumCatalogPurchases",
            "MntMeatProducts",
            "NumWebVisitsMonth",
            "MntFishProducts",
            "MntSweetProducts",
            "MntGoldProds",
            "Recency",
            "NumStorePurchases",
            "Kidhome",
            "NumDealsPurchases",
            "Income"
        ],
        "importances": [
            0.13873721688878027,
            0.05222764450775518,
            0.05905908759163812,
            0.04768650338984361,
            0.08561695737421272,
            0.1348423164458655,
            0.033517649665720683,
            0.06747145984227179,
            0.04875766217692703,
            0.0257444229707149,
            0.009937547704840956,
            0.10924344745274749,
            0.0152011148424046,
            0.06171427872322096,
            0.1102426904230562
        ]
    },
    "reduce_vars": [],
    "train_nb_records": 2232,
    "train_nb_features": 15,
    "train_nb_outliers": 0,
    "cluster_description": [
        {
            "variable": "MntWines",
            "var": 84251.58,
            "values": [
                {
                    "cluster": "cluster_0",
                    "value": 466.7
                },
                {
                    "cluster": "cluster_1",
                    "value": 594.6144578313254
                },
                {
                    "cluster": "cluster_2",
                    "value": 40.266405484818804
                }
            ]
        },
        {
            "variable": "NumWebPurchases",
            "var": 4.76,
            "values": [
                {
                    "cluster": "cluster_0",
                    "value": 6.282539682539682
                },
                {
                    "cluster": "cluster_1",
                    "value": 5.247848537005163
                },
                {
                    "cluster": "cluster_2",
                    "value": 2.0950048971596473
                }
            ]
        },
        {
            "variable": "Teenhome",
            "var": 0.15,
            "values": [
                {
                    "cluster": "cluster_0",
                    "value": 0.926984126984127
                },
                {
                    "cluster": "cluster_1",
                    "value": 0.1686746987951807
                },
                {
                    "cluster": "cluster_2",
                    "value": 0.4407443682664055
                }
            ]
        },
        {
            "variable": "MntFruits",
            "var": 1143.76,
            "values": [
                {
                    "cluster": "cluster_0",
                    "value": 21.234920634920634
                },
                {
                    "cluster": "cluster_1",
                    "value": 69.85197934595524
                },
                {
                    "cluster": "cluster_2",
                    "value": 4.817825661116553
                }
            ]
        },
        {
            "variable": "NumCatalogPurchases",
            "var": 7.19,
            "values": [
                {
                    "cluster": "cluster_0",
                    "value": 3.049206349206349
                },
                {
                    "cluster": "cluster_1",
                    "value": 5.889845094664372
                },
                {
                    "cluster": "cluster_2",
                    "value": 0.5298726738491675
                }
            ]
        },
        {
            "variable": "MntMeatProducts",
            "var": 48879.41,
            "values": [
                {
                    "cluster": "cluster_0",
                    "value": 135.1174603174603
                },
                {
                    "cluster": "cluster_1",
                    "value": 449.0946643717728
                },
                {
                    "cluster": "cluster_2",
                    "value": 22.473065621939273
                }
            ]
        },
        {
            "variable": "NumWebVisitsMonth",
            "var": 3.82,
            "values": [
                {
                    "cluster": "cluster_0",
                    "value": 5.722222222222222
                },
                {
                    "cluster": "cluster_1",
                    "value": 2.8089500860585197
                },
                {
                    "cluster": "cluster_2",
                    "value": 6.525954946131244
                }
            ]
        },
        {
            "variable": "MntFishProducts",
            "var": 2415.61,
            "values": [
                {
                    "cluster": "cluster_0",
                    "value": 28.807936507936507
                },
                {
                    "cluster": "cluster_1",
                    "value": 100.95869191049914
                },
                {
                    "cluster": "cluster_2",
                    "value": 7.068560235063663
                }
            ]
        },
        {
            "variable": "MntSweetProducts",
            "var": 1216.11,
            "values": [
                {
                    "cluster": "cluster_0",
                    "value": 21.893650793650792
                },
                {
                    "cluster": "cluster_1",
                    "value": 71.97590361445783
                },
                {
                    "cluster": "cluster_2",
                    "value": 4.897159647404505
                }
            ]
        },
        {
            "variable": "MntGoldProds",
            "var": 1047.93,
            "values": [
                {
                    "cluster": "cluster_0",
                    "value": 60.36349206349206
                },
                {
                    "cluster": "cluster_1",
                    "value": 77.76075731497419
                },
                {
                    "cluster": "cluster_2",
                    "value": 15.054848188050931
                }
            ]
        },
        {
            "variable": "Recency",
            "var": 0.17,
            "values": [
                {
                    "cluster": "cluster_0",
                    "value": 48.67142857142857
                },
                {
                    "cluster": "cluster_1",
                    "value": 49.47676419965577
                },
                {
                    "cluster": "cluster_2",
                    "value": 49.174338883447604
                }
            ]
        },
        {
            "variable": "NumStorePurchases",
            "var": 8.01,
            "values": [
                {
                    "cluster": "cluster_0",
                    "value": 7.617460317460317
                },
                {
                    "cluster": "cluster_1",
                    "value": 8.452667814113598
                },
                {
                    "cluster": "cluster_2",
                    "value": 3.187071498530852
                }
            ]
        },
        {
            "variable": "Kidhome",
            "var": 0.16,
            "values": [
                {
                    "cluster": "cluster_0",
                    "value": 0.24126984126984127
                },
                {
                    "cluster": "cluster_1",
                    "value": 0.0378657487091222
                },
                {
                    "cluster": "cluster_2",
                    "value": 0.801175318315377
                }
            ]
        },
        {
            "variable": "NumDealsPurchases",
            "var": 1.56,
            "values": [
                {
                    "cluster": "cluster_0",
                    "value": 3.715873015873016
                },
                {
                    "cluster": "cluster_1",
                    "value": 1.2719449225473323
                },
                {
                    "cluster": "cluster_2",
                    "value": 2.050930460333007
                }
            ]
        },
        {
            "variable": "Income",
            "var": 425000126.59,
            "values": [
                {
                    "cluster": "cluster_0",
                    "value": 58092.619047619046
                },
                {
                    "cluster": "cluster_1",
                    "value": 75254.5834767642
                },
                {
                    "cluster": "cluster_2",
                    "value": 34206.68560235063
                }
            ]
        },
        {
            "variable": "cluster_size",
            "var": 58147.0,
            "values": [
                {
                    "cluster": "cluster_2",
                    "value": 1021
                },
                {
                    "cluster": "cluster_0",
                    "value": 630
                },
                {
                    "cluster": "cluster_1",
                    "value": 581
                }
            ]
        }
    ],
    "summary": {
        "clusters": []
    }
}