{
  "columns": [
    {"name":"Administrative","type":"int"},
    {"name":"Administrative_Duration","type":"float"},
    {"name":"Informational","type":"int"},
    {"name":"Informational_Duration","type":"float"},
    {"name":"ProductRelated","type":"int"},
    {"name":"ProductRelated_Duration","type":"float"},
    {"name":"BounceRates","type":"string"},
    {"name":"ExitRates","type":"string"},
    {"name":"PageValues","type":"string"},
    {"name":"Month","type":"string"},
    {"name":"OperatingSystems","type":"int"},
    {"name":"Browser","type":"int"},
    {"name":"Region","type":"int"},
    {"name":"TrafficType","type":"int"},
    {"name":"VisitorType","type":"string"},
    {"name":"Weekend","type":"string"},
    {"name":"Revenue","type":"string"}
  ],
  "userModified": true
}