{
    "modelId": "m2",
    "state": "DONE",
    "startTime": 1677035759311,
    "endTime": 1677035763139,
    "preprocessingTime": 95,
    "trainingTime": 1353,
    "progress": {
        "stack": [],
        "top_level_todo": [],
        "top_level_done": [
            {
                "name": "Loading source dataset",
                "time": 17
            },
            {
                "name": "Collecting statistics",
                "time": 24
            },
            {
                "name": "Preprocessing data",
                "time": 52
            },
            {
                "name": "Fitting model",
                "time": 273
            },
            {
                "name": "Saving model",
                "time": 7
            },
            {
                "name": "Scoring model",
                "time": 1072
            }
        ]
    }
}