{
    "startedAt": 1683018623585,
    "gridSize": 24,
    "nThreads": 4,
    "nSplits": 5,
    "metric": "ROC_AUC",
    "timeout": null,
    "gridPoints": [
        {
            "finishedAt": 1683018655226,
            "score": 0.9350402582987671,
            "testScoreGibMean": 0.9350402582987671,
            "testScoreMean": 0.9350402582987671,
            "testScoreStd": 0.0030698015590572033,
            "trainScoreMean": 0.9707268336035871,
            "trainScoreStd": 0.00040737555506419504,
            "time": 81968,
            "fitTimeMean": 13531.4,
            "fitTimeStd": 784.6740979540488,
            "scoreTimeMean": 2862.2,
            "scoreTimeStd": 260.1541081743665,
            "parameters": {
                "max_depth": 13,
                "max_features": 0.4363178483784972,
                "min_samples_leaf": 9,
                "n_estimators": 119,
                "min_samples_split": 27
            }
        },
        {
            "finishedAt": 1683018671927,
            "score": 0.9344724981813407,
            "testScoreGibMean": 0.9344724981813407,
            "testScoreMean": 0.9344724981813407,
            "testScoreStd": 0.0025063447171872035,
            "trainScoreMean": 0.9578497980861034,
            "trainScoreStd": 0.0005542555760299531,
            "time": 80392,
            "fitTimeMean": 13000.2,
            "fitTimeStd": 1154.6425247668649,
            "scoreTimeMean": 3078.2,
            "scoreTimeStd": 513.1625083733222,
            "parameters": {
                "max_depth": 15,
                "max_features": 0.37559013232873995,
                "min_samples_leaf": 19,
                "n_estimators": 162,
                "min_samples_split": 57
            }
        },
        {
            "finishedAt": 1683018688062,
            "score": 0.9352288127831418,
            "testScoreGibMean": 0.9352288127831418,
            "testScoreMean": 0.9352288127831418,
            "testScoreStd": 0.002792415950391608,
            "trainScoreMean": 0.9703071570936372,
            "trainScoreStd": 0.0004059216763181546,
            "time": 74856,
            "fitTimeMean": 12996.0,
            "fitTimeStd": 1981.1427005645,
            "scoreTimeMean": 1975.2,
            "scoreTimeStd": 847.4876754266105,
            "parameters": {
                "max_depth": 10,
                "max_features": 0.45526782093320606,
                "min_samples_leaf": 7,
                "n_estimators": 134,
                "min_samples_split": 21
            }
        },
        {
            "finishedAt": 1683018711085,
            "score": 0.9312010846950751,
            "testScoreGibMean": 0.9312010846950751,
            "testScoreMean": 0.9312010846950751,
            "testScoreStd": 0.003944165906797219,
            "trainScoreMean": 0.997821143288979,
            "trainScoreStd": 8.35765507839973e-05,
            "time": 102768,
            "fitTimeMean": 17041.4,
            "fitTimeStd": 1582.6555658133577,
            "scoreTimeMean": 3512.2,
            "scoreTimeStd": 1260.5996033634153,
            "parameters": {
                "max_depth": 16,
                "max_features": 0.5396887316142894,
                "min_samples_leaf": 2,
                "n_estimators": 107,
                "min_samples_split": 6
            }
        },
        {
            "finishedAt": 1683018744358,
            "score": 0.9288330073635986,
            "testScoreGibMean": 0.9288330073635986,
            "testScoreMean": 0.9288330073635986,
            "testScoreStd": 0.0029936694136790255,
            "trainScoreMean": 0.9520659409315122,
            "trainScoreStd": 0.0009101118333143929,
            "time": 92281,
            "fitTimeMean": 12562.4,
            "fitTimeStd": 746.4198818359542,
            "scoreTimeMean": 5893.8,
            "scoreTimeStd": 855.3252948440143,
            "parameters": {
                "max_depth": 19,
                "max_features": 0.15708867592439582,
                "min_samples_leaf": 19,
                "n_estimators": 146,
                "min_samples_split": 57
            }
        },
        {
            "finishedAt": 1683018793389,
            "score": 0.931921264012768,
            "testScoreGibMean": 0.931921264012768,
            "testScoreMean": 0.931921264012768,
            "testScoreStd": 0.003399160377492897,
            "trainScoreMean": 0.9976269102814147,
            "trainScoreStd": 6.898332765969977e-05,
            "time": 175605,
            "fitTimeMean": 29479.2,
            "fitTimeStd": 2317.1228193602515,
            "scoreTimeMean": 5641.8,
            "scoreTimeStd": 883.2773969710761,
            "parameters": {
                "max_depth": 15,
                "max_features": 0.6901291630861847,
                "min_samples_leaf": 2,
                "n_estimators": 140,
                "min_samples_split": 6
            }
        },
        {
            "finishedAt": 1683018815038,
            "score": 0.9356656886092363,
            "testScoreGibMean": 0.9356656886092363,
            "testScoreMean": 0.9356656886092363,
            "testScoreStd": 0.0026909475952815727,
            "trainScoreMean": 0.95940300125232,
            "trainScoreStd": 0.00046352386316815433,
            "time": 122391,
            "fitTimeMean": 20908.6,
            "fitTimeStd": 2171.455603967072,
            "scoreTimeMean": 3569.6,
            "scoreTimeStd": 663.7751426499791,
            "parameters": {
                "max_depth": 13,
                "max_features": 0.5739371275638874,
                "min_samples_leaf": 18,
                "n_estimators": 191,
                "min_samples_split": 54
            }
        },
        {
            "finishedAt": 1683018822404,
            "score": 0.9339165280716978,
            "testScoreGibMean": 0.9339165280716978,
            "testScoreMean": 0.9339165280716978,
            "testScoreStd": 0.0024646032248010685,
            "trainScoreMean": 0.9870948128996166,
            "trainScoreStd": 0.0002876283382431456,
            "time": 43837,
            "fitTimeMean": 7501.0,
            "fitTimeStd": 1389.3142193182937,
            "scoreTimeMean": 1266.4,
            "scoreTimeStd": 214.3236804461887,
            "parameters": {
                "max_depth": 17,
                "max_features": 0.3496623637425988,
                "min_samples_leaf": 4,
                "n_estimators": 100,
                "min_samples_split": 12
            }
        },
        {
            "finishedAt": 1683018837184,
            "score": 0.9349283532210861,
            "testScoreGibMean": 0.9349283532210861,
            "testScoreMean": 0.9349283532210861,
            "testScoreStd": 0.0029304729395049005,
            "trainScoreMean": 0.9720937874767912,
            "trainScoreStd": 0.0002075674511391998,
            "time": 54599,
            "fitTimeMean": 8408.6,
            "fitTimeStd": 159.1258621343495,
            "scoreTimeMean": 2511.2,
            "scoreTimeStd": 207.27894249054825,
            "parameters": {
                "max_depth": 14,
                "max_features": 0.32197125936064896,
                "min_samples_leaf": 8,
                "n_estimators": 171,
                "min_samples_split": 24
            }
        },
        {
            "finishedAt": 1683018848709,
            "score": 0.9332018239258191,
            "testScoreGibMean": 0.9332018239258191,
            "testScoreMean": 0.9332018239258191,
            "testScoreStd": 0.0032727721347810897,
            "trainScoreMean": 0.9961875506550513,
            "trainScoreStd": 0.00019356560664081897,
            "time": 52156,
            "fitTimeMean": 8290.2,
            "fitTimeStd": 480.1822154141072,
            "scoreTimeMean": 2141.0,
            "scoreTimeStd": 411.4992102058034,
            "parameters": {
                "max_depth": 15,
                "max_features": 0.34301252886495703,
                "min_samples_leaf": 2,
                "n_estimators": 156,
                "min_samples_split": 6
            }
        },
        {
            "finishedAt": 1683018871113,
            "score": 0.9349818129825432,
            "testScoreGibMean": 0.9349818129825432,
            "testScoreMean": 0.9349818129825432,
            "testScoreStd": 0.0026245998249736003,
            "trainScoreMean": 0.9572783099163618,
            "trainScoreStd": 0.000529968340646228,
            "time": 66667,
            "fitTimeMean": 9288.8,
            "fitTimeStd": 2146.786007034702,
            "scoreTimeMean": 4044.6,
            "scoreTimeStd": 1341.9321294312915,
            "parameters": {
                "max_depth": 12,
                "max_features": 0.34788478085479535,
                "min_samples_leaf": 19,
                "n_estimators": 197,
                "min_samples_split": 57
            }
        },
        {
            "finishedAt": 1683018883686,
            "score": 0.9351276787804629,
            "testScoreGibMean": 0.9351276787804629,
            "testScoreMean": 0.9351276787804629,
            "testScoreStd": 0.0034555318366276656,
            "trainScoreMean": 0.9589497115089103,
            "trainScoreStd": 0.0005927851073366645,
            "time": 65411,
            "fitTimeMean": 11075.4,
            "fitTimeStd": 466.20193049793346,
            "scoreTimeMean": 2006.8,
            "scoreTimeStd": 155.7670054921773,
            "parameters": {
                "max_depth": 20,
                "max_features": 0.6570442788259865,
                "min_samples_leaf": 19,
                "n_estimators": 106,
                "min_samples_split": 57
            }
        },
        {
            "finishedAt": 1683018909971,
            "score": 0.9351781741245109,
            "testScoreGibMean": 0.9351781741245109,
            "testScoreMean": 0.9351781741245109,
            "testScoreStd": 0.003446394815901745,
            "trainScoreMean": 0.9633901444570233,
            "trainScoreStd": 0.0006825246388662472,
            "time": 85486,
            "fitTimeMean": 13966.6,
            "fitTimeStd": 479.95774814039623,
            "scoreTimeMean": 3130.6,
            "scoreTimeStd": 981.8206760911079,
            "parameters": {
                "max_depth": 9,
                "max_features": 0.6744155342027564,
                "min_samples_leaf": 11,
                "n_estimators": 148,
                "min_samples_split": 33
            }
        },
        {
            "finishedAt": 1683018917559,
            "score": 0.9343320563713082,
            "testScoreGibMean": 0.9343320563713082,
            "testScoreMean": 0.9343320563713082,
            "testScoreStd": 0.0029649934514869953,
            "trainScoreMean": 0.9770839255070495,
            "trainScoreStd": 0.0002956244290712395,
            "time": 49712,
            "fitTimeMean": 8048.0,
            "fitTimeStd": 1094.8254655423393,
            "scoreTimeMean": 1894.4,
            "scoreTimeStd": 239.47325529169223,
            "parameters": {
                "max_depth": 17,
                "max_features": 0.5153530858925176,
                "min_samples_leaf": 7,
                "n_estimators": 83,
                "min_samples_split": 21
            }
        },
        {
            "finishedAt": 1683018939436,
            "score": 0.9352746934679268,
            "testScoreGibMean": 0.9352746934679268,
            "testScoreMean": 0.9352746934679268,
            "testScoreStd": 0.003020495055669282,
            "trainScoreMean": 0.961298543818914,
            "trainScoreStd": 0.0003845809618585613,
            "time": 79237,
            "fitTimeMean": 12979.4,
            "fitTimeStd": 1096.2427833285838,
            "scoreTimeMean": 2868.0,
            "scoreTimeStd": 262.31507772143027,
            "parameters": {
                "max_depth": 14,
                "max_features": 0.5390140412005745,
                "min_samples_leaf": 16,
                "n_estimators": 151,
                "min_samples_split": 48
            }
        },
        {
            "finishedAt": 1683018957948,
            "score": 0.9355859339671512,
            "testScoreGibMean": 0.9355859339671512,
            "testScoreMean": 0.9355859339671512,
            "testScoreStd": 0.002639810950636494,
            "trainScoreMean": 0.9644721807829786,
            "trainScoreStd": 0.00045265921590103143,
            "time": 71503,
            "fitTimeMean": 10752.4,
            "fitTimeStd": 1012.1607777423507,
            "scoreTimeMean": 3548.2,
            "scoreTimeStd": 805.9596515955373,
            "parameters": {
                "max_depth": 10,
                "max_features": 0.3746275505124097,
                "min_samples_leaf": 10,
                "n_estimators": 193,
                "min_samples_split": 30
            }
        },
        {
            "finishedAt": 1683018969283,
            "score": 0.9354408064024672,
            "testScoreGibMean": 0.9354408064024672,
            "testScoreMean": 0.9354408064024672,
            "testScoreStd": 0.0029648403668969064,
            "trainScoreMean": 0.9652125392400066,
            "trainScoreStd": 0.00028762415230801396,
            "time": 56727,
            "fitTimeMean": 9204.6,
            "fitTimeStd": 527.2660049728221,
            "scoreTimeMean": 2140.8,
            "scoreTimeStd": 836.5480022090783,
            "parameters": {
                "max_depth": 18,
                "max_features": 0.583659121407126,
                "min_samples_leaf": 13,
                "n_estimators": 128,
                "min_samples_split": 39
            }
        },
        {
            "finishedAt": 1683018976264,
            "score": 0.9240498970309607,
            "testScoreGibMean": 0.9240498970309607,
            "testScoreMean": 0.9240498970309607,
            "testScoreStd": 0.004563998747382052,
            "trainScoreMean": 0.9479647379841994,
            "trainScoreStd": 0.0006011087260499433,
            "time": 31408,
            "fitTimeMean": 4272.4,
            "fitTimeStd": 625.2591782613031,
            "scoreTimeMean": 2009.2,
            "scoreTimeStd": 370.0050810461932,
            "parameters": {
                "max_depth": 19,
                "max_features": 0.13520759534806753,
                "min_samples_leaf": 19,
                "n_estimators": 113,
                "min_samples_split": 57
            }
        },
        {
            "finishedAt": 1683018988699,
            "score": 0.9275011412174352,
            "testScoreGibMean": 0.9275011412174352,
            "testScoreMean": 0.9275011412174352,
            "testScoreStd": 0.002767812093878701,
            "trainScoreMean": 0.9617925354370024,
            "trainScoreStd": 0.0005000507113269153,
            "time": 44511,
            "fitTimeMean": 6032.4,
            "fitTimeStd": 371.25118181630074,
            "scoreTimeMean": 2869.8,
            "scoreTimeStd": 387.04284000611614,
            "parameters": {
                "max_depth": 19,
                "max_features": 0.1317641885691451,
                "min_samples_leaf": 10,
                "n_estimators": 164,
                "min_samples_split": 30
            }
        },
        {
            "finishedAt": 1683019000321,
            "score": 0.9352018654957982,
            "testScoreGibMean": 0.9352018654957982,
            "testScoreMean": 0.9352018654957982,
            "testScoreStd": 0.0030911642193443144,
            "trainScoreMean": 0.9603434549628155,
            "trainScoreStd": 0.00042730074909175676,
            "time": 43169,
            "fitTimeMean": 7164.8,
            "fitTimeStd": 738.1591698272128,
            "scoreTimeMean": 1469.0,
            "scoreTimeStd": 592.0057432153847,
            "parameters": {
                "max_depth": 19,
                "max_features": 0.5494346253691668,
                "min_samples_leaf": 17,
                "n_estimators": 107,
                "min_samples_split": 51
            }
        },
        {
            "finishedAt": 1683019021595,
            "score": 0.9349219056814738,
            "testScoreGibMean": 0.9349219056814738,
            "testScoreMean": 0.9349219056814738,
            "testScoreStd": 0.0030227184475378416,
            "trainScoreMean": 0.9764636277011675,
            "trainScoreStd": 0.00034689958740768327,
            "time": 82376,
            "fitTimeMean": 13836.2,
            "fitTimeStd": 2268.03151653587,
            "scoreTimeMean": 2639.0,
            "scoreTimeStd": 725.1512945585907,
            "parameters": {
                "max_depth": 18,
                "max_features": 0.43871138768472306,
                "min_samples_leaf": 7,
                "n_estimators": 188,
                "min_samples_split": 21
            }
        },
        {
            "finishedAt": 1683019022887,
            "score": 0.925161546563266,
            "testScoreGibMean": 0.925161546563266,
            "testScoreMean": 0.925161546563266,
            "testScoreStd": 0.002963418049439017,
            "trainScoreMean": 0.9461548131516395,
            "trainScoreStd": 0.00036812214599989856,
            "time": 17488,
            "fitTimeMean": 2736.0,
            "fitTimeStd": 376.9344770646485,
            "scoreTimeMean": 761.6,
            "scoreTimeStd": 219.87869382912024,
            "parameters": {
                "max_depth": 9,
                "max_features": 0.1534270403214963,
                "min_samples_leaf": 19,
                "n_estimators": 85,
                "min_samples_split": 57
            }
        },
        {
            "finishedAt": 1683019039251,
            "score": 0.9348721141151978,
            "testScoreGibMean": 0.9348721141151978,
            "testScoreMean": 0.9348721141151978,
            "testScoreStd": 0.002390535591566416,
            "trainScoreMean": 0.9580349002680981,
            "trainScoreStd": 0.00046639346976364666,
            "time": 55638,
            "fitTimeMean": 8802.6,
            "fitTimeStd": 1283.211845331861,
            "scoreTimeMean": 2325.0,
            "scoreTimeStd": 815.4456450309855,
            "parameters": {
                "max_depth": 15,
                "max_features": 0.39488891789885183,
                "min_samples_leaf": 19,
                "n_estimators": 173,
                "min_samples_split": 57
            }
        },
        {
            "finishedAt": 1683019039648,
            "score": 0.9278017092643522,
            "testScoreGibMean": 0.9278017092643522,
            "testScoreMean": 0.9278017092643522,
            "testScoreStd": 0.003791349770099058,
            "trainScoreMean": 0.9546505661262146,
            "trainScoreStd": 0.0007015667979179316,
            "time": 15932,
            "fitTimeMean": 2518.6,
            "fitTimeStd": 430.8246046826945,
            "scoreTimeMean": 667.8,
            "scoreTimeStd": 322.0766368428483,
            "parameters": {
                "max_depth": 8,
                "max_features": 0.1880151778946672,
                "min_samples_leaf": 7,
                "n_estimators": 90,
                "min_samples_split": 21
            }
        }
    ]
}