[
    {
        "test_score_gib": 0.9307336689211345,
        "train_score": 0.9712389470332542,
        "test_score": 0.9307336689211345,
        "num_samples": 1835,
        "fit_time": 13244,
        "score_time": 2747,
        "time": 15991,
        "parameters": {
            "max_depth": 13,
            "max_features": 0.4363178483784972,
            "min_samples_leaf": 9,
            "n_estimators": 119,
            "min_samples_split": 27
        },
        "done_at": 1683018639609,
        "split_id": 0
    },
    {
        "test_score_gib": 0.936073766858963,
        "train_score": 0.9705784524989651,
        "test_score": 0.936073766858963,
        "num_samples": 1835,
        "fit_time": 14032,
        "score_time": 2580,
        "time": 16612,
        "parameters": {
            "max_depth": 13,
            "max_features": 0.4363178483784972,
            "min_samples_leaf": 9,
            "n_estimators": 119,
            "min_samples_split": 27
        },
        "done_at": 1683018640325,
        "split_id": 1
    },
    {
        "test_score_gib": 0.9360989899936222,
        "train_score": 0.9700600240475032,
        "test_score": 0.9360989899936222,
        "num_samples": 1835,
        "fit_time": 13982,
        "score_time": 2750,
        "time": 16732,
        "parameters": {
            "max_depth": 13,
            "max_features": 0.4363178483784972,
            "min_samples_leaf": 9,
            "n_estimators": 119,
            "min_samples_split": 27
        },
        "done_at": 1683018640583,
        "split_id": 2
    },
    {
        "test_score_gib": 0.9326888165132144,
        "train_score": 0.971043921052169,
        "test_score": 0.9326888165132144,
        "num_samples": 1834,
        "fit_time": 14277,
        "score_time": 2890,
        "time": 17167,
        "parameters": {
            "max_depth": 13,
            "max_features": 0.4363178483784972,
            "min_samples_leaf": 9,
            "n_estimators": 119,
            "min_samples_split": 27
        },
        "done_at": 1683018641067,
        "split_id": 3
    },
    {
        "test_score_gib": 0.9396072565946462,
        "train_score": 0.9707129886408041,
        "test_score": 0.9396072565946462,
        "num_samples": 1834,
        "fit_time": 12122,
        "score_time": 3344,
        "time": 15466,
        "parameters": {
            "max_depth": 13,
            "max_features": 0.4363178483784972,
            "min_samples_leaf": 9,
            "n_estimators": 119,
            "min_samples_split": 27
        },
        "done_at": 1683018655226,
        "split_id": 4
    },
    {
        "test_score_gib": 0.931767817442158,
        "train_score": 0.9586983454487891,
        "test_score": 0.931767817442158,
        "num_samples": 1835,
        "fit_time": 13684,
        "score_time": 3841,
        "time": 17525,
        "parameters": {
            "max_depth": 15,
            "max_features": 0.37559013232873995,
            "min_samples_leaf": 19,
            "n_estimators": 162,
            "min_samples_split": 57
        },
        "done_at": 1683018657941,
        "split_id": 0
    },
    {
        "test_score_gib": 0.9345928085239782,
        "train_score": 0.957876842687295,
        "test_score": 0.9345928085239782,
        "num_samples": 1835,
        "fit_time": 14266,
        "score_time": 3111,
        "time": 17377,
        "parameters": {
            "max_depth": 15,
            "max_features": 0.37559013232873995,
            "min_samples_leaf": 19,
            "n_estimators": 162,
            "min_samples_split": 57
        },
        "done_at": 1683018658222,
        "split_id": 1
    },
    {
        "test_score_gib": 0.9357242462786868,
        "train_score": 0.9570435010855652,
        "test_score": 0.9357242462786868,
        "num_samples": 1835,
        "fit_time": 13832,
        "score_time": 3364,
        "time": 17196,
        "parameters": {
            "max_depth": 15,
            "max_features": 0.37559013232873995,
            "min_samples_leaf": 19,
            "n_estimators": 162,
            "min_samples_split": 57
        },
        "done_at": 1683018658389,
        "split_id": 2
    },
    {
        "test_score_gib": 0.9318506556260646,
        "train_score": 0.9581001482378891,
        "test_score": 0.9318506556260646,
        "num_samples": 1834,
        "fit_time": 11744,
        "score_time": 2721,
        "time": 14465,
        "parameters": {
            "max_depth": 15,
            "max_features": 0.37559013232873995,
            "min_samples_leaf": 19,
            "n_estimators": 162,
            "min_samples_split": 57
        },
        "done_at": 1683018669759,
        "split_id": 3
    },
    {
        "test_score_gib": 0.9384276896564805,
        "train_score": 0.9575301151874653,
        "test_score": 0.9384276896564805,
        "num_samples": 1834,
        "fit_time": 11475,
        "score_time": 2354,
        "time": 13829,
        "parameters": {
            "max_depth": 15,
            "max_features": 0.37559013232873995,
            "min_samples_leaf": 19,
            "n_estimators": 162,
            "min_samples_split": 57
        },
        "done_at": 1683018671927,
        "split_id": 4
    },
    {
        "test_score_gib": 0.930823751544917,
        "train_score": 0.9709607906631466,
        "test_score": 0.930823751544917,
        "num_samples": 1835,
        "fit_time": 10849,
        "score_time": 1495,
        "time": 12344,
        "parameters": {
            "max_depth": 10,
            "max_features": 0.45526782093320606,
            "min_samples_leaf": 7,
            "n_estimators": 134,
            "min_samples_split": 21
        },
        "done_at": 1683018670672,
        "split_id": 0
    },
    {
        "test_score_gib": 0.934769370466592,
        "train_score": 0.9704821632650483,
        "test_score": 0.934769370466592,
        "num_samples": 1835,
        "fit_time": 10903,
        "score_time": 1424,
        "time": 12327,
        "parameters": {
            "max_depth": 10,
            "max_features": 0.45526782093320606,
            "min_samples_leaf": 7,
            "n_estimators": 134,
            "min_samples_split": 21
        },
        "done_at": 1683018670871,
        "split_id": 1
    },
    {
        "test_score_gib": 0.9372412376631846,
        "train_score": 0.9697699160863005,
        "test_score": 0.9372412376631846,
        "num_samples": 1835,
        "fit_time": 12673,
        "score_time": 3661,
        "time": 16334,
        "parameters": {
            "max_depth": 10,
            "max_features": 0.45526782093320606,
            "min_samples_leaf": 7,
            "n_estimators": 134,
            "min_samples_split": 21
        },
        "done_at": 1683018686153,
        "split_id": 2
    },
    {
        "test_score_gib": 0.9342838511325108,
        "train_score": 0.9702931540596854,
        "test_score": 0.9342838511325108,
        "num_samples": 1834,
        "fit_time": 15033,
        "score_time": 1629,
        "time": 16662,
        "parameters": {
            "max_depth": 10,
            "max_features": 0.45526782093320606,
            "min_samples_leaf": 7,
            "n_estimators": 134,
            "min_samples_split": 21
        },
        "done_at": 1683018687391,
        "split_id": 3
    },
    {
        "test_score_gib": 0.9390274082222861,
        "train_score": 0.9700296025070188,
        "test_score": 0.9390274082222861,
        "num_samples": 1834,
        "fit_time": 15522,
        "score_time": 1667,
        "time": 17189,
        "parameters": {
            "max_depth": 10,
            "max_features": 0.45526782093320606,
            "min_samples_leaf": 7,
            "n_estimators": 134,
            "min_samples_split": 21
        },
        "done_at": 1683018688062,
        "split_id": 4
    },
    {
        "test_score_gib": 0.9249701826515279,
        "train_score": 0.9979259479415752,
        "test_score": 0.9249701826515279,
        "num_samples": 1835,
        "fit_time": 14787,
        "score_time": 1563,
        "time": 16350,
        "parameters": {
            "max_depth": 16,
            "max_features": 0.5396887316142894,
            "min_samples_leaf": 2,
            "n_estimators": 107,
            "min_samples_split": 6
        },
        "done_at": 1683018688402,
        "split_id": 0
    },
    {
        "test_score_gib": 0.9320957181927263,
        "train_score": 0.9977171333499905,
        "test_score": 0.9320957181927263,
        "num_samples": 1835,
        "fit_time": 15521,
        "score_time": 5399,
        "time": 20920,
        "parameters": {
            "max_depth": 16,
            "max_features": 0.5396887316142894,
            "min_samples_leaf": 2,
            "n_estimators": 107,
            "min_samples_split": 6
        },
        "done_at": 1683018707182,
        "split_id": 1
    },
    {
        "test_score_gib": 0.931658817467381,
        "train_score": 0.997731339958273,
        "test_score": 0.931658817467381,
        "num_samples": 1835,
        "fit_time": 17802,
        "score_time": 3241,
        "time": 21043,
        "parameters": {
            "max_depth": 16,
            "max_features": 0.5396887316142894,
            "min_samples_leaf": 2,
            "n_estimators": 107,
            "min_samples_split": 6
        },
        "done_at": 1683018708748,
        "split_id": 2
    },
    {
        "test_score_gib": 0.9300334361164249,
        "train_score": 0.9978423477203862,
        "test_score": 0.9300334361164249,
        "num_samples": 1834,
        "fit_time": 18615,
        "score_time": 3201,
        "time": 21816,
        "parameters": {
            "max_depth": 16,
            "max_features": 0.5396887316142894,
            "min_samples_leaf": 2,
            "n_estimators": 107,
            "min_samples_split": 6
        },
        "done_at": 1683018709885,
        "split_id": 3
    },
    {
        "test_score_gib": 0.9372499290995371,
        "train_score": 0.9978889960071771,
        "test_score": 0.9372499290995371,
        "num_samples": 1834,
        "fit_time": 18482,
        "score_time": 4157,
        "time": 22639,
        "parameters": {
            "max_depth": 16,
            "max_features": 0.5396887316142894,
            "min_samples_leaf": 2,
            "n_estimators": 107,
            "min_samples_split": 6
        },
        "done_at": 1683018711085,
        "split_id": 4
    },
    {
        "test_score_gib": 0.9302111897031958,
        "train_score": 0.9530102900944312,
        "test_score": 0.9302111897031958,
        "num_samples": 1835,
        "fit_time": 11582,
        "score_time": 6569,
        "time": 18151,
        "parameters": {
            "max_depth": 19,
            "max_features": 0.15708867592439582,
            "min_samples_leaf": 19,
            "n_estimators": 146,
            "min_samples_split": 57
        },
        "done_at": 1683018725528,
        "split_id": 0
    },
    {
        "test_score_gib": 0.9255359015288822,
        "train_score": 0.9521067047073033,
        "test_score": 0.9255359015288822,
        "num_samples": 1835,
        "fit_time": 12870,
        "score_time": 6178,
        "time": 19048,
        "parameters": {
            "max_depth": 19,
            "max_features": 0.15708867592439582,
            "min_samples_leaf": 19,
            "n_estimators": 146,
            "min_samples_split": 57
        },
        "done_at": 1683018727815,
        "split_id": 1
    },
    {
        "test_score_gib": 0.9272438680757992,
        "train_score": 0.9510922852253979,
        "test_score": 0.9272438680757992,
        "num_samples": 1835,
        "fit_time": 13670,
        "score_time": 5043,
        "time": 18713,
        "parameters": {
            "max_depth": 19,
            "max_features": 0.15708867592439582,
            "min_samples_leaf": 19,
            "n_estimators": 146,
            "min_samples_split": 57
        },
        "done_at": 1683018728760,
        "split_id": 2
    },
    {
        "test_score_gib": 0.9271703218790699,
        "train_score": 0.9531326690797578,
        "test_score": 0.9271703218790699,
        "num_samples": 1834,
        "fit_time": 12797,
        "score_time": 4746,
        "time": 17543,
        "parameters": {
            "max_depth": 19,
            "max_features": 0.15708867592439582,
            "min_samples_leaf": 19,
            "n_estimators": 146,
            "min_samples_split": 57
        },
        "done_at": 1683018728957,
        "split_id": 3
    },
    {
        "test_score_gib": 0.9340056684242757,
        "train_score": 0.9509877493035435,
        "test_score": 0.9340056684242757,
        "num_samples": 1834,
        "fit_time": 11893,
        "score_time": 6933,
        "time": 18826,
        "parameters": {
            "max_depth": 19,
            "max_features": 0.15708867592439582,
            "min_samples_leaf": 19,
            "n_estimators": 146,
            "min_samples_split": 57
        },
        "done_at": 1683018744358,
        "split_id": 4
    },
    {
        "test_score_gib": 0.9272429672495612,
        "train_score": 0.9976289621779497,
        "test_score": 0.9272429672495612,
        "num_samples": 1835,
        "fit_time": 30372,
        "score_time": 5969,
        "time": 36341,
        "parameters": {
            "max_depth": 15,
            "max_features": 0.6901291630861847,
            "min_samples_leaf": 2,
            "n_estimators": 140,
            "min_samples_split": 6
        },
        "done_at": 1683018764176,
        "split_id": 0
    },
    {
        "test_score_gib": 0.9320389661397432,
        "train_score": 0.9975592821468485,
        "test_score": 0.9320389661397432,
        "num_samples": 1835,
        "fit_time": 31485,
        "score_time": 6238,
        "time": 37723,
        "parameters": {
            "max_depth": 15,
            "max_features": 0.6901291630861847,
            "min_samples_leaf": 2,
            "n_estimators": 140,
            "min_samples_split": 6
        },
        "done_at": 1683018766687,
        "split_id": 1
    },
    {
        "test_score_gib": 0.9328452056225971,
        "train_score": 0.9975443990334095,
        "test_score": 0.9328452056225971,
        "num_samples": 1835,
        "fit_time": 31190,
        "score_time": 5799,
        "time": 36989,
        "parameters": {
            "max_depth": 15,
            "max_features": 0.6901291630861847,
            "min_samples_leaf": 2,
            "n_estimators": 140,
            "min_samples_split": 6
        },
        "done_at": 1683018766472,
        "split_id": 2
    },
    {
        "test_score_gib": 0.9299720191548664,
        "train_score": 0.997727755189791,
        "test_score": 0.9299720191548664,
        "num_samples": 1834,
        "fit_time": 29233,
        "score_time": 6291,
        "time": 35524,
        "parameters": {
            "max_depth": 15,
            "max_features": 0.6901291630861847,
            "min_samples_leaf": 2,
            "n_estimators": 140,
            "min_samples_split": 6
        },
        "done_at": 1683018780408,
        "split_id": 3
    },
    {
        "test_score_gib": 0.9375091448049379,
        "train_score": 0.9976742336047046,
        "test_score": 0.9375091448049379,
        "num_samples": 1834,
        "fit_time": 25116,
        "score_time": 3912,
        "time": 29028,
        "parameters": {
            "max_depth": 15,
            "max_features": 0.6901291630861847,
            "min_samples_leaf": 2,
            "n_estimators": 140,
            "min_samples_split": 6
        },
        "done_at": 1683018793389,
        "split_id": 4
    },
    {
        "test_score_gib": 0.9316525116837162,
        "train_score": 0.9602167612721544,
        "test_score": 0.9316525116837162,
        "num_samples": 1835,
        "fit_time": 22655,
        "score_time": 4189,
        "time": 26844,
        "parameters": {
            "max_depth": 13,
            "max_features": 0.5739371275638874,
            "min_samples_leaf": 18,
            "n_estimators": 191,
            "min_samples_split": 54
        },
        "done_at": 1683018793339,
        "split_id": 0
    },
    {
        "test_score_gib": 0.9363692378649698,
        "train_score": 0.9592720218213503,
        "test_score": 0.9363692378649698,
        "num_samples": 1835,
        "fit_time": 24118,
        "score_time": 3843,
        "time": 27961,
        "parameters": {
            "max_depth": 13,
            "max_features": 0.5739371275638874,
            "min_samples_leaf": 18,
            "n_estimators": 191,
            "min_samples_split": 54
        },
        "done_at": 1683018794901,
        "split_id": 1
    },
    {
        "test_score_gib": 0.9377204772217076,
        "train_score": 0.9588569859079464,
        "test_score": 0.9377204772217076,
        "num_samples": 1835,
        "fit_time": 20415,
        "score_time": 4261,
        "time": 24676,
        "parameters": {
            "max_depth": 13,
            "max_features": 0.5739371275638874,
            "min_samples_leaf": 18,
            "n_estimators": 191,
            "min_samples_split": 54
        },
        "done_at": 1683018805266,
        "split_id": 2
    },
    {
        "test_score_gib": 0.9335920071243675,
        "train_score": 0.9595434282028782,
        "test_score": 0.9335920071243675,
        "num_samples": 1834,
        "fit_time": 18793,
        "score_time": 2854,
        "time": 21647,
        "parameters": {
            "max_depth": 13,
            "max_features": 0.5739371275638874,
            "min_samples_leaf": 18,
            "n_estimators": 191,
            "min_samples_split": 54
        },
        "done_at": 1683018815038,
        "split_id": 3
    },
    {
        "test_score_gib": 0.9389948933602845,
        "train_score": 0.9591257344851629,
        "test_score": 0.9389948933602845,
        "num_samples": 1834,
        "fit_time": 18562,
        "score_time": 2701,
        "time": 21263,
        "parameters": {
            "max_depth": 13,
            "max_features": 0.5739371275638874,
            "min_samples_leaf": 18,
            "n_estimators": 191,
            "min_samples_split": 54
        },
        "done_at": 1683018814826,
        "split_id": 4
    },
    {
        "test_score_gib": 0.9309318506934561,
        "train_score": 0.987632809237272,
        "test_score": 0.9309318506934561,
        "num_samples": 1835,
        "fit_time": 8674,
        "score_time": 1507,
        "time": 10181,
        "parameters": {
            "max_depth": 17,
            "max_features": 0.3496623637425988,
            "min_samples_leaf": 4,
            "n_estimators": 100,
            "min_samples_split": 12
        },
        "done_at": 1683018805592,
        "split_id": 0
    },
    {
        "test_score_gib": 0.934594610176454,
        "train_score": 0.9871568878597993,
        "test_score": 0.934594610176454,
        "num_samples": 1835,
        "fit_time": 8587,
        "score_time": 1050,
        "time": 9637,
        "parameters": {
            "max_depth": 17,
            "max_features": 0.3496623637425988,
            "min_samples_leaf": 4,
            "n_estimators": 100,
            "min_samples_split": 12
        },
        "done_at": 1683018815231,
        "split_id": 1
    },
    {
        "test_score_gib": 0.935176543926089,
        "train_score": 0.9868929380979742,
        "test_score": 0.935176543926089,
        "num_samples": 1835,
        "fit_time": 8635,
        "score_time": 1052,
        "time": 9687,
        "parameters": {
            "max_depth": 17,
            "max_features": 0.3496623637425988,
            "min_samples_leaf": 4,
            "n_estimators": 100,
            "min_samples_split": 12
        },
        "done_at": 1683018815478,
        "split_id": 2
    },
    {
        "test_score_gib": 0.931368351839709,
        "train_score": 0.9868858595296139,
        "test_score": 0.931368351839709,
        "num_samples": 1834,
        "fit_time": 5641,
        "score_time": 1536,
        "time": 7177,
        "parameters": {
            "max_depth": 17,
            "max_features": 0.3496623637425988,
            "min_samples_leaf": 4,
            "n_estimators": 100,
            "min_samples_split": 12
        },
        "done_at": 1683018822229,
        "split_id": 3
    },
    {
        "test_score_gib": 0.9375118543767714,
        "train_score": 0.9869053526542875,
        "test_score": 0.9375118543767714,
        "num_samples": 1834,
        "fit_time": 5968,
        "score_time": 1187,
        "time": 7155,
        "parameters": {
            "max_depth": 17,
            "max_features": 0.3496623637425988,
            "min_samples_leaf": 4,
            "n_estimators": 100,
            "min_samples_split": 12
        },
        "done_at": 1683018822404,
        "split_id": 4
    },
    {
        "test_score_gib": 0.9324578503403321,
        "train_score": 0.9724387289279919,
        "test_score": 0.9324578503403321,
        "num_samples": 1835,
        "fit_time": 8379,
        "score_time": 2675,
        "time": 11054,
        "parameters": {
            "max_depth": 14,
            "max_features": 0.32197125936064896,
            "min_samples_leaf": 8,
            "n_estimators": 171,
            "min_samples_split": 24
        },
        "done_at": 1683018826361,
        "split_id": 0
    },
    {
        "test_score_gib": 0.9333478666633036,
        "train_score": 0.9720205359905254,
        "test_score": 0.9333478666633036,
        "num_samples": 1835,
        "fit_time": 8198,
        "score_time": 2581,
        "time": 10779,
        "parameters": {
            "max_depth": 14,
            "max_features": 0.32197125936064896,
            "min_samples_leaf": 8,
            "n_estimators": 171,
            "min_samples_split": 24
        },
        "done_at": 1683018826408,
        "split_id": 1
    },
    {
        "test_score_gib": 0.9369709897918371,
        "train_score": 0.9718217562254259,
        "test_score": 0.9369709897918371,
        "num_samples": 1835,
        "fit_time": 8395,
        "score_time": 2474,
        "time": 10869,
        "parameters": {
            "max_depth": 14,
            "max_features": 0.32197125936064896,
            "min_samples_leaf": 8,
            "n_estimators": 171,
            "min_samples_split": 24
        },
        "done_at": 1683018833100,
        "split_id": 2
    },
    {
        "test_score_gib": 0.9321812233897466,
        "train_score": 0.9721862406934415,
        "test_score": 0.9321812233897466,
        "num_samples": 1834,
        "fit_time": 8379,
        "score_time": 2698,
        "time": 11077,
        "parameters": {
            "max_depth": 14,
            "max_features": 0.32197125936064896,
            "min_samples_leaf": 8,
            "n_estimators": 171,
            "min_samples_split": 24
        },
        "done_at": 1683018833626,
        "split_id": 3
    },
    {
        "test_score_gib": 0.9396849309872054,
        "train_score": 0.9720016757326597,
        "test_score": 0.9396849309872054,
        "num_samples": 1834,
        "fit_time": 8692,
        "score_time": 2128,
        "time": 10820,
        "parameters": {
            "max_depth": 14,
            "max_features": 0.32197125936064896,
            "min_samples_leaf": 8,
            "n_estimators": 171,
            "min_samples_split": 24
        },
        "done_at": 1683018837184,
        "split_id": 4
    },
    {
        "test_score_gib": 0.9276915787159983,
        "train_score": 0.9965100226493926,
        "test_score": 0.9276915787159983,
        "num_samples": 1835,
        "fit_time": 8643,
        "score_time": 1996,
        "time": 10639,
        "parameters": {
            "max_depth": 15,
            "max_features": 0.34301252886495703,
            "min_samples_leaf": 2,
            "n_estimators": 156,
            "min_samples_split": 6
        },
        "done_at": 1683018837156,
        "split_id": 0
    },
    {
        "test_score_gib": 0.9330911311855234,
        "train_score": 0.9961960115059997,
        "test_score": 0.9330911311855234,
        "num_samples": 1835,
        "fit_time": 7823,
        "score_time": 1443,
        "time": 9266,
        "parameters": {
            "max_depth": 15,
            "max_features": 0.34301252886495703,
            "min_samples_leaf": 2,
            "n_estimators": 156,
            "min_samples_split": 6
        },
        "done_at": 1683018842631,
        "split_id": 1
    },
    {
        "test_score_gib": 0.9346414531408208,
        "train_score": 0.9959019572647183,
        "test_score": 0.9346414531408208,
        "num_samples": 1835,
        "fit_time": 7596,
        "score_time": 2314,
        "time": 9910,
        "parameters": {
            "max_depth": 15,
            "max_features": 0.34301252886495703,
            "min_samples_leaf": 2,
            "n_estimators": 156,
            "min_samples_split": 6
        },
        "done_at": 1683018843665,
        "split_id": 2
    },
    {
        "test_score_gib": 0.9328080376738869,
        "train_score": 0.9961468965818749,
        "test_score": 0.9328080376738869,
        "num_samples": 1834,
        "fit_time": 8720,
        "score_time": 2681,
        "time": 11401,
        "parameters": {
            "max_depth": 15,
            "max_features": 0.34301252886495703,
            "min_samples_leaf": 2,
            "n_estimators": 156,
            "min_samples_split": 6
        },
        "done_at": 1683018848709,
        "split_id": 3
    },
    {
        "test_score_gib": 0.9377791987976727,
        "train_score": 0.9961828405516486,
        "test_score": 0.9377791987976727,
        "num_samples": 1834,
        "fit_time": 8669,
        "score_time": 2271,
        "time": 10940,
        "parameters": {
            "max_depth": 15,
            "max_features": 0.34301252886495703,
            "min_samples_leaf": 2,
            "n_estimators": 156,
            "min_samples_split": 6
        },
        "done_at": 1683018848283,
        "split_id": 4
    },
    {
        "test_score_gib": 0.9325677511413468,
        "train_score": 0.9580636708612992,
        "test_score": 0.9325677511413468,
        "num_samples": 1835,
        "fit_time": 7348,
        "score_time": 2315,
        "time": 9663,
        "parameters": {
            "max_depth": 12,
            "max_features": 0.34788478085479535,
            "min_samples_leaf": 19,
            "n_estimators": 197,
            "min_samples_split": 57
        },
        "done_at": 1683018852296,
        "split_id": 0
    },
    {
        "test_score_gib": 0.934980163806243,
        "train_score": 0.9571562519449524,
        "test_score": 0.934980163806243,
        "num_samples": 1835,
        "fit_time": 6990,
        "score_time": 2737,
        "time": 9727,
        "parameters": {
            "max_depth": 12,
            "max_features": 0.34788478085479535,
            "min_samples_leaf": 19,
            "n_estimators": 197,
            "min_samples_split": 57
        },
        "done_at": 1683018853516,
        "split_id": 1
    },
    {
        "test_score_gib": 0.9360773701639142,
        "train_score": 0.9565335289485576,
        "test_score": 0.9360773701639142,
        "num_samples": 1835,
        "fit_time": 9092,
        "score_time": 5208,
        "time": 14300,
        "parameters": {
            "max_depth": 12,
            "max_features": 0.34788478085479535,
            "min_samples_leaf": 19,
            "n_estimators": 197,
            "min_samples_split": 57
        },
        "done_at": 1683018862685,
        "split_id": 2
    },
    {
        "test_score_gib": 0.9319987788862936,
        "train_score": 0.9576465105504002,
        "test_score": 0.9319987788862936,
        "num_samples": 1834,
        "fit_time": 10073,
        "score_time": 4209,
        "time": 14282,
        "parameters": {
            "max_depth": 12,
            "max_features": 0.34788478085479535,
            "min_samples_leaf": 19,
            "n_estimators": 197,
            "min_samples_split": 57
        },
        "done_at": 1683018863089,
        "split_id": 3
    },
    {
        "test_score_gib": 0.9392857207370758,
        "train_score": 0.9569916317029871,
        "test_score": 0.9392857207370758,
        "num_samples": 1834,
        "fit_time": 12941,
        "score_time": 5754,
        "time": 18695,
        "parameters": {
            "max_depth": 12,
            "max_features": 0.34788478085479535,
            "min_samples_leaf": 19,
            "n_estimators": 197,
            "min_samples_split": 57
        },
        "done_at": 1683018871113,
        "split_id": 4
    },
    {
        "test_score_gib": 0.9297337517971485,
        "train_score": 0.959972542910722,
        "test_score": 0.9297337517971485,
        "num_samples": 1835,
        "fit_time": 10663,
        "score_time": 1901,
        "time": 12564,
        "parameters": {
            "max_depth": 20,
            "max_features": 0.6570442788259865,
            "min_samples_leaf": 19,
            "n_estimators": 106,
            "min_samples_split": 57
        },
        "done_at": 1683018866246,
        "split_id": 0
    },
    {
        "test_score_gib": 0.9358449569945555,
        "train_score": 0.9589678200027242,
        "test_score": 0.9358449569945555,
        "num_samples": 1835,
        "fit_time": 11113,
        "score_time": 1959,
        "time": 13072,
        "parameters": {
            "max_depth": 20,
            "max_features": 0.6570442788259865,
            "min_samples_leaf": 19,
            "n_estimators": 106,
            "min_samples_split": 57
        },
        "done_at": 1683018876176,
        "split_id": 1
    },
    {
        "test_score_gib": 0.9372790723651734,
        "train_score": 0.9581247254516574,
        "test_score": 0.9372790723651734,
        "num_samples": 1835,
        "fit_time": 11838,
        "score_time": 1937,
        "time": 13775,
        "parameters": {
            "max_depth": 20,
            "max_features": 0.6570442788259865,
            "min_samples_leaf": 19,
            "n_estimators": 106,
            "min_samples_split": 57
        },
        "done_at": 1683018877077,
        "split_id": 2
    },
    {
        "test_score_gib": 0.9330537055201205,
        "train_score": 0.9587862386201842,
        "test_score": 0.9330537055201205,
        "num_samples": 1834,
        "fit_time": 11241,
        "score_time": 2316,
        "time": 13557,
        "parameters": {
            "max_depth": 20,
            "max_features": 0.6570442788259865,
            "min_samples_leaf": 19,
            "n_estimators": 106,
            "min_samples_split": 57
        },
        "done_at": 1683018880064,
        "split_id": 3
    },
    {
        "test_score_gib": 0.9397282841365407,
        "train_score": 0.9588971128090787,
        "test_score": 0.9397282841365407,
        "num_samples": 1834,
        "fit_time": 10522,
        "score_time": 1921,
        "time": 12443,
        "parameters": {
            "max_depth": 20,
            "max_features": 0.6570442788259865,
            "min_samples_leaf": 19,
            "n_estimators": 106,
            "min_samples_split": 57
        },
        "done_at": 1683018883686,
        "split_id": 4
    },
    {
        "test_score_gib": 0.9299967930585934,
        "train_score": 0.9646160743037183,
        "test_score": 0.9299967930585934,
        "num_samples": 1835,
        "fit_time": 13155,
        "score_time": 3576,
        "time": 16731,
        "parameters": {
            "max_depth": 9,
            "max_features": 0.6744155342027564,
            "min_samples_leaf": 11,
            "n_estimators": 148,
            "min_samples_split": 33
        },
        "done_at": 1683018892929,
        "split_id": 0
    },
    {
        "test_score_gib": 0.9351026761745874,
        "train_score": 0.9631520043945775,
        "test_score": 0.9351026761745874,
        "num_samples": 1835,
        "fit_time": 14052,
        "score_time": 2471,
        "time": 16523,
        "parameters": {
            "max_depth": 9,
            "max_features": 0.6744155342027564,
            "min_samples_leaf": 11,
            "n_estimators": 148,
            "min_samples_split": 33
        },
        "done_at": 1683018893777,
        "split_id": 1
    },
    {
        "test_score_gib": 0.9370502625007657,
        "train_score": 0.9627686514726616,
        "test_score": 0.9370502625007657,
        "num_samples": 1835,
        "fit_time": 14173,
        "score_time": 2586,
        "time": 16759,
        "parameters": {
            "max_depth": 9,
            "max_features": 0.6744155342027564,
            "min_samples_leaf": 11,
            "n_estimators": 148,
            "min_samples_split": 33
        },
        "done_at": 1683018896937,
        "split_id": 2
    },
    {
        "test_score_gib": 0.9334583349139168,
        "train_score": 0.963604308048159,
        "test_score": 0.9334583349139168,
        "num_samples": 1834,
        "fit_time": 13834,
        "score_time": 4852,
        "time": 18686,
        "parameters": {
            "max_depth": 9,
            "max_features": 0.6744155342027564,
            "min_samples_leaf": 11,
            "n_estimators": 148,
            "min_samples_split": 33
        },
        "done_at": 1683018902597,
        "split_id": 3
    },
    {
        "test_score_gib": 0.9402846495530109,
        "train_score": 0.962809484340373,
        "test_score": 0.9402846495530109,
        "num_samples": 1834,
        "fit_time": 14619,
        "score_time": 2168,
        "time": 16787,
        "parameters": {
            "max_depth": 9,
            "max_features": 0.6744155342027564,
            "min_samples_leaf": 11,
            "n_estimators": 148,
            "min_samples_split": 33
        },
        "done_at": 1683018909971,
        "split_id": 4
    },
    {
        "test_score_gib": 0.9303715367735287,
        "train_score": 0.9776390240646414,
        "test_score": 0.9303715367735287,
        "num_samples": 1835,
        "fit_time": 8520,
        "score_time": 1672,
        "time": 10192,
        "parameters": {
            "max_depth": 17,
            "max_features": 0.5153530858925176,
            "min_samples_leaf": 7,
            "n_estimators": 83,
            "min_samples_split": 21
        },
        "done_at": 1683018904111,
        "split_id": 0
    },
    {
        "test_score_gib": 0.9349098993596927,
        "train_score": 0.9769966824187134,
        "test_score": 0.9349098993596927,
        "num_samples": 1835,
        "fit_time": 9776,
        "score_time": 1817,
        "time": 11593,
        "parameters": {
            "max_depth": 17,
            "max_features": 0.5153530858925176,
            "min_samples_leaf": 7,
            "n_estimators": 83,
            "min_samples_split": 21
        },
        "done_at": 1683018908591,
        "split_id": 1
    },
    {
        "test_score_gib": 0.9366863287006842,
        "train_score": 0.9767538170675937,
        "test_score": 0.9366863287006842,
        "num_samples": 1835,
        "fit_time": 7977,
        "score_time": 1946,
        "time": 9923,
        "parameters": {
            "max_depth": 17,
            "max_features": 0.5153530858925176,
            "min_samples_leaf": 7,
            "n_estimators": 83,
            "min_samples_split": 21
        },
        "done_at": 1683018912526,
        "split_id": 2
    },
    {
        "test_score_gib": 0.931539958055828,
        "train_score": 0.9770515217933133,
        "test_score": 0.931539958055828,
        "num_samples": 1834,
        "fit_time": 7490,
        "score_time": 1704,
        "time": 9194,
        "parameters": {
            "max_depth": 17,
            "max_features": 0.5153530858925176,
            "min_samples_leaf": 7,
            "n_estimators": 83,
            "min_samples_split": 21
        },
        "done_at": 1683018913384,
        "split_id": 3
    },
    {
        "test_score_gib": 0.9381531197106899,
        "train_score": 0.9769785070835536,
        "test_score": 0.9381531197106899,
        "num_samples": 1834,
        "fit_time": 6477,
        "score_time": 2333,
        "time": 8810,
        "parameters": {
            "max_depth": 17,
            "max_features": 0.5153530858925176,
            "min_samples_leaf": 7,
            "n_estimators": 83,
            "min_samples_split": 21
        },
        "done_at": 1683018917559,
        "split_id": 4
    },
    {
        "test_score_gib": 0.9307769085805501,
        "train_score": 0.9618323683363115,
        "test_score": 0.9307769085805501,
        "num_samples": 1835,
        "fit_time": 12945,
        "score_time": 2926,
        "time": 15871,
        "parameters": {
            "max_depth": 14,
            "max_features": 0.5390140412005745,
            "min_samples_leaf": 16,
            "n_estimators": 151,
            "min_samples_split": 48
        },
        "done_at": 1683018926030,
        "split_id": 0
    },
    {
        "test_score_gib": 0.9358755850866414,
        "train_score": 0.9612629764964069,
        "test_score": 0.9358755850866414,
        "num_samples": 1835,
        "fit_time": 14022,
        "score_time": 3291,
        "time": 17313,
        "parameters": {
            "max_depth": 14,
            "max_features": 0.5390140412005745,
            "min_samples_leaf": 16,
            "n_estimators": 151,
            "min_samples_split": 48
        },
        "done_at": 1683018929957,
        "split_id": 1
    },
    {
        "test_score_gib": 0.9370178327562039,
        "train_score": 0.9607427440311951,
        "test_score": 0.9370178327562039,
        "num_samples": 1835,
        "fit_time": 13787,
        "score_time": 2770,
        "time": 16557,
        "parameters": {
            "max_depth": 14,
            "max_features": 0.5390140412005745,
            "min_samples_leaf": 16,
            "n_estimators": 151,
            "min_samples_split": 48
        },
        "done_at": 1683018930092,
        "split_id": 2
    },
    {
        "test_score_gib": 0.933216279830128,
        "train_score": 0.9615943753433833,
        "test_score": 0.933216279830128,
        "num_samples": 1834,
        "fit_time": 13216,
        "score_time": 2875,
        "time": 16091,
        "parameters": {
            "max_depth": 14,
            "max_features": 0.5390140412005745,
            "min_samples_leaf": 16,
            "n_estimators": 151,
            "min_samples_split": 48
        },
        "done_at": 1683018933731,
        "split_id": 3
    },
    {
        "test_score_gib": 0.939488035433974,
        "train_score": 0.9610602862627331,
        "test_score": 0.939488035433974,
        "num_samples": 1834,
        "fit_time": 10927,
        "score_time": 2478,
        "time": 13405,
        "parameters": {
            "max_depth": 14,
            "max_features": 0.5390140412005745,
            "min_samples_leaf": 16,
            "n_estimators": 151,
            "min_samples_split": 48
        },
        "done_at": 1683018939436,
        "split_id": 4
    },
    {
        "test_score_gib": 0.9331172551464203,
        "train_score": 0.9652815298758207,
        "test_score": 0.9331172551464203,
        "num_samples": 1835,
        "fit_time": 10826,
        "score_time": 4344,
        "time": 15170,
        "parameters": {
            "max_depth": 10,
            "max_features": 0.3746275505124097,
            "min_samples_leaf": 10,
            "n_estimators": 193,
            "min_samples_split": 30
        },
        "done_at": 1683018945133,
        "split_id": 0
    },
    {
        "test_score_gib": 0.9344973209427687,
        "train_score": 0.9644330796589331,
        "test_score": 0.9344973209427687,
        "num_samples": 1835,
        "fit_time": 11380,
        "score_time": 4209,
        "time": 15589,
        "parameters": {
            "max_depth": 10,
            "max_features": 0.3746275505124097,
            "min_samples_leaf": 10,
            "n_estimators": 193,
            "min_samples_split": 30
        },
        "done_at": 1683018945837,
        "split_id": 1
    },
    {
        "test_score_gib": 0.9371115186849378,
        "train_score": 0.9638883802572342,
        "test_score": 0.9371115186849378,
        "num_samples": 1835,
        "fit_time": 12262,
        "score_time": 2202,
        "time": 14464,
        "parameters": {
            "max_depth": 10,
            "max_features": 0.3746275505124097,
            "min_samples_leaf": 10,
            "n_estimators": 193,
            "min_samples_split": 30
        },
        "done_at": 1683018948319,
        "split_id": 2
    },
    {
        "test_score_gib": 0.9331982160179048,
        "train_score": 0.9644478082291184,
        "test_score": 0.9331982160179048,
        "num_samples": 1834,
        "fit_time": 9660,
        "score_time": 3917,
        "time": 13577,
        "parameters": {
            "max_depth": 10,
            "max_features": 0.3746275505124097,
            "min_samples_leaf": 10,
            "n_estimators": 193,
            "min_samples_split": 30
        },
        "done_at": 1683018953222,
        "split_id": 3
    },
    {
        "test_score_gib": 0.9400064668447758,
        "train_score": 0.9643100042321489,
        "test_score": 0.9400064668447758,
        "num_samples": 1834,
        "fit_time": 9634,
        "score_time": 3069,
        "time": 12703,
        "parameters": {
            "max_depth": 10,
            "max_features": 0.3746275505124097,
            "min_samples_leaf": 10,
            "n_estimators": 193,
            "min_samples_split": 30
        },
        "done_at": 1683018957948,
        "split_id": 4
    },
    {
        "test_score_gib": 0.9308165449350143,
        "train_score": 0.9655497641703025,
        "test_score": 0.9308165449350143,
        "num_samples": 1835,
        "fit_time": 8832,
        "score_time": 2261,
        "time": 11093,
        "parameters": {
            "max_depth": 18,
            "max_features": 0.583659121407126,
            "min_samples_leaf": 13,
            "n_estimators": 128,
            "min_samples_split": 39
        },
        "done_at": 1683018957029,
        "split_id": 0
    },
    {
        "test_score_gib": 0.9358656759980254,
        "train_score": 0.9652625877314438,
        "test_score": 0.9358656759980254,
        "num_samples": 1835,
        "fit_time": 9402,
        "score_time": 1536,
        "time": 10938,
        "parameters": {
            "max_depth": 18,
            "max_features": 0.583659121407126,
            "min_samples_leaf": 13,
            "n_estimators": 128,
            "min_samples_split": 39
        },
        "done_at": 1683018959428,
        "split_id": 1
    },
    {
        "test_score_gib": 0.9374700475275923,
        "train_score": 0.9647503605772483,
        "test_score": 0.9374700475275923,
        "num_samples": 1835,
        "fit_time": 8368,
        "score_time": 3726,
        "time": 12094,
        "parameters": {
            "max_depth": 18,
            "max_features": 0.583659121407126,
            "min_samples_leaf": 13,
            "n_estimators": 128,
            "min_samples_split": 39
        },
        "done_at": 1683018965445,
        "split_id": 2
    },
    {
        "test_score_gib": 0.9337058091413728,
        "train_score": 0.965451197103209,
        "test_score": 0.9337058091413728,
        "num_samples": 1834,
        "fit_time": 9695,
        "score_time": 1578,
        "time": 11273,
        "parameters": {
            "max_depth": 18,
            "max_features": 0.583659121407126,
            "min_samples_leaf": 13,
            "n_estimators": 128,
            "min_samples_split": 39
        },
        "done_at": 1683018968503,
        "split_id": 3
    },
    {
        "test_score_gib": 0.9393471376986342,
        "train_score": 0.9650488274603817,
        "test_score": 0.9393471376986342,
        "num_samples": 1834,
        "fit_time": 9726,
        "score_time": 1603,
        "time": 11329,
        "parameters": {
            "max_depth": 18,
            "max_features": 0.583659121407126,
            "min_samples_leaf": 13,
            "n_estimators": 128,
            "min_samples_split": 39
        },
        "done_at": 1683018969283,
        "split_id": 4
    },
    {
        "test_score_gib": 0.925269256962486,
        "train_score": 0.9489645637579049,
        "test_score": 0.925269256962486,
        "num_samples": 1835,
        "fit_time": 5087,
        "score_time": 2633,
        "time": 7720,
        "parameters": {
            "max_depth": 19,
            "max_features": 0.13520759534806753,
            "min_samples_leaf": 19,
            "n_estimators": 113,
            "min_samples_split": 57
        },
        "done_at": 1683018967364,
        "split_id": 0
    },
    {
        "test_score_gib": 0.9187058369936906,
        "train_score": 0.9476379371463569,
        "test_score": 0.9187058369936906,
        "num_samples": 1835,
        "fit_time": 3643,
        "score_time": 1508,
        "time": 5151,
        "parameters": {
            "max_depth": 19,
            "max_features": 0.13520759534806753,
            "min_samples_leaf": 19,
            "n_estimators": 113,
            "min_samples_split": 57
        },
        "done_at": 1683018970742,
        "split_id": 1
    },
    {
        "test_score_gib": 0.9232171747927198,
        "train_score": 0.9473206562280417,
        "test_score": 0.9232171747927198,
        "num_samples": 1835,
        "fit_time": 3564,
        "score_time": 2082,
        "time": 5646,
        "parameters": {
            "max_depth": 19,
            "max_features": 0.13520759534806753,
            "min_samples_leaf": 19,
            "n_estimators": 113,
            "min_samples_split": 57
        },
        "done_at": 1683018973068,
        "split_id": 2
    },
    {
        "test_score_gib": 0.9210015300048953,
        "train_score": 0.9483275575092249,
        "test_score": 0.9210015300048953,
        "num_samples": 1834,
        "fit_time": 4176,
        "score_time": 1812,
        "time": 5988,
        "parameters": {
            "max_depth": 19,
            "max_features": 0.13520759534806753,
            "min_samples_leaf": 19,
            "n_estimators": 113,
            "min_samples_split": 57
        },
        "done_at": 1683018974518,
        "split_id": 3
    },
    {
        "test_score_gib": 0.9320583894666299,
        "train_score": 0.9475729594980195,
        "test_score": 0.9320583894666299,
        "num_samples": 1834,
        "fit_time": 4892,
        "score_time": 2011,
        "time": 6903,
        "parameters": {
            "max_depth": 19,
            "max_features": 0.13520759534806753,
            "min_samples_leaf": 19,
            "n_estimators": 113,
            "min_samples_split": 57
        },
        "done_at": 1683018976264,
        "split_id": 4
    },
    {
        "test_score_gib": 0.9282455868522608,
        "train_score": 0.9625013191850549,
        "test_score": 0.9282455868522608,
        "num_samples": 1835,
        "fit_time": 6533,
        "score_time": 3269,
        "time": 9802,
        "parameters": {
            "max_depth": 19,
            "max_features": 0.1317641885691451,
            "min_samples_leaf": 10,
            "n_estimators": 164,
            "min_samples_split": 30
        },
        "done_at": 1683018980648,
        "split_id": 0
    },
    {
        "test_score_gib": 0.9243666290721851,
        "train_score": 0.9616563642448083,
        "test_score": 0.9243666290721851,
        "num_samples": 1835,
        "fit_time": 6209,
        "score_time": 2768,
        "time": 8977,
        "parameters": {
            "max_depth": 19,
            "max_features": 0.1317641885691451,
            "min_samples_leaf": 10,
            "n_estimators": 164,
            "min_samples_split": 30
        },
        "done_at": 1683018982203,
        "split_id": 1
    },
    {
        "test_score_gib": 0.9266997690281527,
        "train_score": 0.9611696187848344,
        "test_score": 0.9266997690281527,
        "num_samples": 1835,
        "fit_time": 6186,
        "score_time": 2459,
        "time": 8645,
        "parameters": {
            "max_depth": 19,
            "max_features": 0.1317641885691451,
            "min_samples_leaf": 10,
            "n_estimators": 164,
            "min_samples_split": 30
        },
        "done_at": 1683018983242,
        "split_id": 2
    },
    {
        "test_score_gib": 0.9257667636693382,
        "train_score": 0.9622299864201653,
        "test_score": 0.9257667636693382,
        "num_samples": 1834,
        "fit_time": 5756,
        "score_time": 3376,
        "time": 9132,
        "parameters": {
            "max_depth": 19,
            "max_features": 0.1317641885691451,
            "min_samples_leaf": 10,
            "n_estimators": 164,
            "min_samples_split": 30
        },
        "done_at": 1683018985482,
        "split_id": 3
    },
    {
        "test_score_gib": 0.9324286976172025,
        "train_score": 0.9614054159787735,
        "test_score": 0.9324286976172025,
        "num_samples": 1834,
        "fit_time": 5478,
        "score_time": 2477,
        "time": 7955,
        "parameters": {
            "max_depth": 19,
            "max_features": 0.1317641885691451,
            "min_samples_leaf": 10,
            "n_estimators": 164,
            "min_samples_split": 30
        },
        "done_at": 1683018988699,
        "split_id": 4
    },
    {
        "test_score_gib": 0.9309354539984073,
        "train_score": 0.9610848301385754,
        "test_score": 0.9309354539984073,
        "num_samples": 1835,
        "fit_time": 7265,
        "score_time": 922,
        "time": 8187,
        "parameters": {
            "max_depth": 19,
            "max_features": 0.5494346253691668,
            "min_samples_leaf": 17,
            "n_estimators": 107,
            "min_samples_split": 51
        },
        "done_at": 1683018990396,
        "split_id": 0
    },
    {
        "test_score_gib": 0.9364989568432166,
        "train_score": 0.9604253503620205,
        "test_score": 0.9364989568432166,
        "num_samples": 1835,
        "fit_time": 7397,
        "score_time": 973,
        "time": 8370,
        "parameters": {
            "max_depth": 19,
            "max_features": 0.5494346253691668,
            "min_samples_leaf": 17,
            "n_estimators": 107,
            "min_samples_split": 51
        },
        "done_at": 1683018991781,
        "split_id": 1
    },
    {
        "test_score_gib": 0.9368016344591257,
        "train_score": 0.9598332955993791,
        "test_score": 0.9368016344591257,
        "num_samples": 1835,
        "fit_time": 5794,
        "score_time": 1192,
        "time": 6986,
        "parameters": {
            "max_depth": 19,
            "max_features": 0.5494346253691668,
            "min_samples_leaf": 17,
            "n_estimators": 107,
            "min_samples_split": 51
        },
        "done_at": 1683018992644,
        "split_id": 2
    },
    {
        "test_score_gib": 0.9323943763739787,
        "train_score": 0.9603402800970464,
        "test_score": 0.9323943763739787,
        "num_samples": 1834,
        "fit_time": 7336,
        "score_time": 2489,
        "time": 9825,
        "parameters": {
            "max_depth": 19,
            "max_features": 0.5494346253691668,
            "min_samples_leaf": 17,
            "n_estimators": 107,
            "min_samples_split": 51
        },
        "done_at": 1683018998711,
        "split_id": 3
    },
    {
        "test_score_gib": 0.9393796525606357,
        "train_score": 0.9600333478912044,
        "test_score": 0.9393796525606357,
        "num_samples": 1834,
        "fit_time": 8032,
        "score_time": 1769,
        "time": 9801,
        "parameters": {
            "max_depth": 19,
            "max_features": 0.5494346253691668,
            "min_samples_leaf": 17,
            "n_estimators": 107,
            "min_samples_split": 51
        },
        "done_at": 1683019000321,
        "split_id": 4
    },
    {
        "test_score_gib": 0.9315191894005181,
        "train_score": 0.9769404197398792,
        "test_score": 0.9315191894005181,
        "num_samples": 1835,
        "fit_time": 14749,
        "score_time": 3415,
        "time": 18164,
        "parameters": {
            "max_depth": 18,
            "max_features": 0.43871138768472306,
            "min_samples_leaf": 7,
            "n_estimators": 188,
            "min_samples_split": 21
        },
        "done_at": 1683019010034,
        "split_id": 0
    },
    {
        "test_score_gib": 0.9349171059695952,
        "train_score": 0.9763988773622433,
        "test_score": 0.9349171059695952,
        "num_samples": 1835,
        "fit_time": 15509,
        "score_time": 3629,
        "time": 19138,
        "parameters": {
            "max_depth": 18,
            "max_features": 0.43871138768472306,
            "min_samples_leaf": 7,
            "n_estimators": 188,
            "min_samples_split": 21
        },
        "done_at": 1683019011785,
        "split_id": 1
    },
    {
        "test_score_gib": 0.9370808905928518,
        "train_score": 0.9760331135743917,
        "test_score": 0.9370808905928518,
        "num_samples": 1835,
        "fit_time": 15335,
        "score_time": 2028,
        "time": 17363,
        "parameters": {
            "max_depth": 18,
            "max_features": 0.43871138768472306,
            "min_samples_leaf": 7,
            "n_estimators": 188,
            "min_samples_split": 21
        },
        "done_at": 1683019016328,
        "split_id": 2
    },
    {
        "test_score_gib": 0.9317603365649494,
        "train_score": 0.9767767025385231,
        "test_score": 0.9317603365649494,
        "num_samples": 1834,
        "fit_time": 14192,
        "score_time": 2119,
        "time": 16311,
        "parameters": {
            "max_depth": 18,
            "max_features": 0.43871138768472306,
            "min_samples_leaf": 7,
            "n_estimators": 188,
            "min_samples_split": 21
        },
        "done_at": 1683019016734,
        "split_id": 3
    },
    {
        "test_score_gib": 0.9393326866488558,
        "train_score": 0.976169035363007,
        "test_score": 0.9393326866488558,
        "num_samples": 1834,
        "fit_time": 9396,
        "score_time": 2004,
        "time": 11400,
        "parameters": {
            "max_depth": 18,
            "max_features": 0.43871138768472306,
            "min_samples_leaf": 7,
            "n_estimators": 188,
            "min_samples_split": 21
        },
        "done_at": 1683019021595,
        "split_id": 4
    },
    {
        "test_score_gib": 0.9254782486496616,
        "train_score": 0.9464050064989596,
        "test_score": 0.9254782486496616,
        "num_samples": 1835,
        "fit_time": 3462,
        "score_time": 1120,
        "time": 4582,
        "parameters": {
            "max_depth": 9,
            "max_features": 0.1534270403214963,
            "min_samples_leaf": 19,
            "n_estimators": 85,
            "min_samples_split": 57
        },
        "done_at": 1683019016492,
        "split_id": 0
    },
    {
        "test_score_gib": 0.920859712528331,
        "train_score": 0.9467517153915745,
        "test_score": 0.920859712528331,
        "num_samples": 1835,
        "fit_time": 2455,
        "score_time": 865,
        "time": 3320,
        "parameters": {
            "max_depth": 9,
            "max_features": 0.1534270403214963,
            "min_samples_leaf": 19,
            "n_estimators": 85,
            "min_samples_split": 57
        },
        "done_at": 1683019019697,
        "split_id": 1
    },
    {
        "test_score_gib": 0.9264889756885014,
        "train_score": 0.9459780189944607,
        "test_score": 0.9264889756885014,
        "num_samples": 1835,
        "fit_time": 2660,
        "score_time": 626,
        "time": 3286,
        "parameters": {
            "max_depth": 9,
            "max_features": 0.1534270403214963,
            "min_samples_leaf": 19,
            "n_estimators": 85,
            "min_samples_split": 57
        },
        "done_at": 1683019019870,
        "split_id": 2
    },
    {
        "test_score_gib": 0.9233281490192253,
        "train_score": 0.9457840991089049,
        "test_score": 0.9233281490192253,
        "num_samples": 1834,
        "fit_time": 2675,
        "score_time": 474,
        "time": 3149,
        "parameters": {
            "max_depth": 9,
            "max_features": 0.1534270403214963,
            "min_samples_leaf": 19,
            "n_estimators": 85,
            "min_samples_split": 57
        },
        "done_at": 1683019019957,
        "split_id": 3
    },
    {
        "test_score_gib": 0.9296540960597407,
        "train_score": 0.9458548602782402,
        "test_score": 0.9296540960597407,
        "num_samples": 1834,
        "fit_time": 2428,
        "score_time": 723,
        "time": 3151,
        "parameters": {
            "max_depth": 9,
            "max_features": 0.1534270403214963,
            "min_samples_leaf": 19,
            "n_estimators": 85,
            "min_samples_split": 57
        },
        "done_at": 1683019022887,
        "split_id": 4
    },
    {
        "test_score_gib": 0.9318074537966222,
        "train_score": 0.958847514835758,
        "test_score": 0.9318074537966222,
        "num_samples": 1835,
        "fit_time": 8551,
        "score_time": 2835,
        "time": 11386,
        "parameters": {
            "max_depth": 15,
            "max_features": 0.39488891789885183,
            "min_samples_leaf": 19,
            "n_estimators": 173,
            "min_samples_split": 57
        },
        "done_at": 1683019031282,
        "split_id": 0
    },
    {
        "test_score_gib": 0.9354026513117832,
        "train_score": 0.9579442677012084,
        "test_score": 0.9354026513117832,
        "num_samples": 1835,
        "fit_time": 8134,
        "score_time": 3238,
        "time": 11372,
        "parameters": {
            "max_depth": 15,
            "max_features": 0.39488891789885183,
            "min_samples_leaf": 19,
            "n_estimators": 173,
            "min_samples_split": 57
        },
        "done_at": 1683019031362,
        "split_id": 1
    },
    {
        "test_score_gib": 0.9357566760232485,
        "train_score": 0.9575335163204614,
        "test_score": 0.9357566760232485,
        "num_samples": 1835,
        "fit_time": 10470,
        "score_time": 1965,
        "time": 12435,
        "parameters": {
            "max_depth": 15,
            "max_features": 0.39488891789885183,
            "min_samples_leaf": 19,
            "n_estimators": 173,
            "min_samples_split": 57
        },
        "done_at": 1683019034205,
        "split_id": 2
    },
    {
        "test_score_gib": 0.9328026185302198,
        "train_score": 0.9581920926872162,
        "test_score": 0.9328026185302198,
        "num_samples": 1834,
        "fit_time": 9956,
        "score_time": 2670,
        "time": 12626,
        "parameters": {
            "max_depth": 15,
            "max_features": 0.39488891789885183,
            "min_samples_leaf": 19,
            "n_estimators": 173,
            "min_samples_split": 57
        },
        "done_at": 1683019035620,
        "split_id": 3
    },
    {
        "test_score_gib": 0.9385920703477104,
        "train_score": 0.9576569895133751,
        "test_score": 0.9385920703477104,
        "num_samples": 1834,
        "fit_time": 6902,
        "score_time": 917,
        "time": 7819,
        "parameters": {
            "max_depth": 15,
            "max_features": 0.39488891789885183,
            "min_samples_leaf": 19,
            "n_estimators": 173,
            "min_samples_split": 57
        },
        "done_at": 1683019039251,
        "split_id": 4
    },
    {
        "test_score_gib": 0.9248404636732812,
        "train_score": 0.955987702038265,
        "test_score": 0.9248404636732812,
        "num_samples": 1835,
        "fit_time": 3191,
        "score_time": 1057,
        "time": 4248,
        "parameters": {
            "max_depth": 8,
            "max_features": 0.1880151778946672,
            "min_samples_leaf": 7,
            "n_estimators": 90,
            "min_samples_split": 21
        },
        "done_at": 1683019035862,
        "split_id": 0
    },
    {
        "test_score_gib": 0.9226982988797325,
        "train_score": 0.9545438145329543,
        "test_score": 0.9226982988797325,
        "num_samples": 1835,
        "fit_time": 2443,
        "score_time": 724,
        "time": 3167,
        "parameters": {
            "max_depth": 8,
            "max_features": 0.1880151778946672,
            "min_samples_leaf": 7,
            "n_estimators": 90,
            "min_samples_split": 21
        },
        "done_at": 1683019037508,
        "split_id": 1
    },
    {
        "test_score_gib": 0.9307012391765728,
        "train_score": 0.9541071868299781,
        "test_score": 0.9307012391765728,
        "num_samples": 1835,
        "fit_time": 2667,
        "score_time": 881,
        "time": 3548,
        "parameters": {
            "max_depth": 8,
            "max_features": 0.1880151778946672,
            "min_samples_leaf": 7,
            "n_estimators": 90,
            "min_samples_split": 21
        },
        "done_at": 1683019039327,
        "split_id": 2
    },
    {
        "test_score_gib": 0.9276201108034241,
        "train_score": 0.9540521135730289,
        "test_score": 0.9276201108034241,
        "num_samples": 1834,
        "fit_time": 2438,
        "score_time": 564,
        "time": 3002,
        "parameters": {
            "max_depth": 8,
            "max_features": 0.1880151778946672,
            "min_samples_leaf": 7,
            "n_estimators": 90,
            "min_samples_split": 21
        },
        "done_at": 1683019038994,
        "split_id": 3
    },
    {
        "test_score_gib": 0.9331512501061249,
        "train_score": 0.9545616390630501,
        "test_score": 0.9331512501061249,
        "num_samples": 1834,
        "fit_time": 1854,
        "score_time": 113,
        "time": 1967,
        "parameters": {
            "max_depth": 8,
            "max_features": 0.1880151778946672,
            "min_samples_leaf": 7,
            "n_estimators": 90,
            "min_samples_split": 21
        },
        "done_at": 1683019039648,
        "split_id": 4
    }
]