{
    "modelInputNRows": 9173,
    "modelInputNCols": 34,
    "modelInputIsSparse": false,
    "modelInputMemory": 2495056,
    "usedGridSearch": true,
    "gridSize": 24,
    "gridBestScore": 0.9356656886092363,
    "gridCells": [
        {
            "params": {
                "max_depth": 13,
                "max_features": 0.4363178483784972,
                "min_samples_leaf": 9,
                "n_estimators": 119,
                "min_samples_split": 27
            },
            "score": 0.9350402582987671,
            "scoreStd": 0.0030698015590572033,
            "fitTime": 13.5314,
            "fitTimeStd": 0.7846740979540487,
            "scoreTime": 2.8621999999999996,
            "scoreTimeStd": 0.2601541081743665
        },
        {
            "params": {
                "max_depth": 15,
                "max_features": 0.37559013232873995,
                "min_samples_leaf": 19,
                "n_estimators": 162,
                "min_samples_split": 57
            },
            "score": 0.9344724981813407,
            "scoreStd": 0.0025063447171872035,
            "fitTime": 13.000200000000001,
            "fitTimeStd": 1.1546425247668648,
            "scoreTime": 3.0782,
            "scoreTimeStd": 0.5131625083733222
        },
        {
            "params": {
                "max_depth": 10,
                "max_features": 0.45526782093320606,
                "min_samples_leaf": 7,
                "n_estimators": 134,
                "min_samples_split": 21
            },
            "score": 0.9352288127831418,
            "scoreStd": 0.002792415950391608,
            "fitTime": 12.996,
            "fitTimeStd": 1.9811427005645001,
            "scoreTime": 1.9752,
            "scoreTimeStd": 0.8474876754266105
        },
        {
            "params": {
                "max_depth": 16,
                "max_features": 0.5396887316142894,
                "min_samples_leaf": 2,
                "n_estimators": 107,
                "min_samples_split": 6
            },
            "score": 0.9312010846950751,
            "scoreStd": 0.003944165906797219,
            "fitTime": 17.041400000000003,
            "fitTimeStd": 1.5826555658133576,
            "scoreTime": 3.5122,
            "scoreTimeStd": 1.2605996033634153
        },
        {
            "params": {
                "max_depth": 19,
                "max_features": 0.15708867592439582,
                "min_samples_leaf": 19,
                "n_estimators": 146,
                "min_samples_split": 57
            },
            "score": 0.9288330073635986,
            "scoreStd": 0.0029936694136790255,
            "fitTime": 12.5624,
            "fitTimeStd": 0.7464198818359542,
            "scoreTime": 5.893800000000001,
            "scoreTimeStd": 0.8553252948440142
        },
        {
            "params": {
                "max_depth": 15,
                "max_features": 0.6901291630861847,
                "min_samples_leaf": 2,
                "n_estimators": 140,
                "min_samples_split": 6
            },
            "score": 0.931921264012768,
            "scoreStd": 0.003399160377492897,
            "fitTime": 29.479200000000002,
            "fitTimeStd": 2.3171228193602516,
            "scoreTime": 5.6418,
            "scoreTimeStd": 0.8832773969710761
        },
        {
            "params": {
                "max_depth": 13,
                "max_features": 0.5739371275638874,
                "min_samples_leaf": 18,
                "n_estimators": 191,
                "min_samples_split": 54
            },
            "score": 0.9356656886092363,
            "scoreStd": 0.0026909475952815727,
            "fitTime": 20.9086,
            "fitTimeStd": 2.171455603967072,
            "scoreTime": 3.5696,
            "scoreTimeStd": 0.663775142649979
        },
        {
            "params": {
                "max_depth": 17,
                "max_features": 0.3496623637425988,
                "min_samples_leaf": 4,
                "n_estimators": 100,
                "min_samples_split": 12
            },
            "score": 0.9339165280716978,
            "scoreStd": 0.0024646032248010685,
            "fitTime": 7.501,
            "fitTimeStd": 1.3893142193182937,
            "scoreTime": 1.2664000000000002,
            "scoreTimeStd": 0.21432368044618869
        },
        {
            "params": {
                "max_depth": 14,
                "max_features": 0.32197125936064896,
                "min_samples_leaf": 8,
                "n_estimators": 171,
                "min_samples_split": 24
            },
            "score": 0.9349283532210861,
            "scoreStd": 0.0029304729395049005,
            "fitTime": 8.4086,
            "fitTimeStd": 0.15912586213434948,
            "scoreTime": 2.5111999999999997,
            "scoreTimeStd": 0.20727894249054823
        },
        {
            "params": {
                "max_depth": 15,
                "max_features": 0.34301252886495703,
                "min_samples_leaf": 2,
                "n_estimators": 156,
                "min_samples_split": 6
            },
            "score": 0.9332018239258191,
            "scoreStd": 0.0032727721347810897,
            "fitTime": 8.2902,
            "fitTimeStd": 0.4801822154141072,
            "scoreTime": 2.141,
            "scoreTimeStd": 0.41149921020580343
        },
        {
            "params": {
                "max_depth": 12,
                "max_features": 0.34788478085479535,
                "min_samples_leaf": 19,
                "n_estimators": 197,
                "min_samples_split": 57
            },
            "score": 0.9349818129825432,
            "scoreStd": 0.0026245998249736003,
            "fitTime": 9.288799999999998,
            "fitTimeStd": 2.146786007034702,
            "scoreTime": 4.0446,
            "scoreTimeStd": 1.3419321294312916
        },
        {
            "params": {
                "max_depth": 20,
                "max_features": 0.6570442788259865,
                "min_samples_leaf": 19,
                "n_estimators": 106,
                "min_samples_split": 57
            },
            "score": 0.9351276787804629,
            "scoreStd": 0.0034555318366276656,
            "fitTime": 11.0754,
            "fitTimeStd": 0.46620193049793346,
            "scoreTime": 2.0068,
            "scoreTimeStd": 0.1557670054921773
        },
        {
            "params": {
                "max_depth": 9,
                "max_features": 0.6744155342027564,
                "min_samples_leaf": 11,
                "n_estimators": 148,
                "min_samples_split": 33
            },
            "score": 0.9351781741245109,
            "scoreStd": 0.003446394815901745,
            "fitTime": 13.9666,
            "fitTimeStd": 0.4799577481403962,
            "scoreTime": 3.1306,
            "scoreTimeStd": 0.9818206760911079
        },
        {
            "params": {
                "max_depth": 17,
                "max_features": 0.5153530858925176,
                "min_samples_leaf": 7,
                "n_estimators": 83,
                "min_samples_split": 21
            },
            "score": 0.9343320563713082,
            "scoreStd": 0.0029649934514869953,
            "fitTime": 8.048,
            "fitTimeStd": 1.0948254655423393,
            "scoreTime": 1.8944,
            "scoreTimeStd": 0.23947325529169222
        },
        {
            "params": {
                "max_depth": 14,
                "max_features": 0.5390140412005745,
                "min_samples_leaf": 16,
                "n_estimators": 151,
                "min_samples_split": 48
            },
            "score": 0.9352746934679268,
            "scoreStd": 0.003020495055669282,
            "fitTime": 12.9794,
            "fitTimeStd": 1.0962427833285837,
            "scoreTime": 2.868,
            "scoreTimeStd": 0.26231507772143026
        },
        {
            "params": {
                "max_depth": 10,
                "max_features": 0.3746275505124097,
                "min_samples_leaf": 10,
                "n_estimators": 193,
                "min_samples_split": 30
            },
            "score": 0.9355859339671512,
            "scoreStd": 0.002639810950636494,
            "fitTime": 10.7524,
            "fitTimeStd": 1.0121607777423507,
            "scoreTime": 3.5482,
            "scoreTimeStd": 0.8059596515955373
        },
        {
            "params": {
                "max_depth": 18,
                "max_features": 0.583659121407126,
                "min_samples_leaf": 13,
                "n_estimators": 128,
                "min_samples_split": 39
            },
            "score": 0.9354408064024672,
            "scoreStd": 0.0029648403668969064,
            "fitTime": 9.204600000000001,
            "fitTimeStd": 0.527266004972822,
            "scoreTime": 2.1408,
            "scoreTimeStd": 0.8365480022090783
        },
        {
            "params": {
                "max_depth": 19,
                "max_features": 0.13520759534806753,
                "min_samples_leaf": 19,
                "n_estimators": 113,
                "min_samples_split": 57
            },
            "score": 0.9240498970309607,
            "scoreStd": 0.004563998747382052,
            "fitTime": 4.272399999999999,
            "fitTimeStd": 0.6252591782613031,
            "scoreTime": 2.0092,
            "scoreTimeStd": 0.3700050810461932
        },
        {
            "params": {
                "max_depth": 19,
                "max_features": 0.1317641885691451,
                "min_samples_leaf": 10,
                "n_estimators": 164,
                "min_samples_split": 30
            },
            "score": 0.9275011412174352,
            "scoreStd": 0.002767812093878701,
            "fitTime": 6.0324,
            "fitTimeStd": 0.37125118181630073,
            "scoreTime": 2.8698,
            "scoreTimeStd": 0.38704284000611616
        },
        {
            "params": {
                "max_depth": 19,
                "max_features": 0.5494346253691668,
                "min_samples_leaf": 17,
                "n_estimators": 107,
                "min_samples_split": 51
            },
            "score": 0.9352018654957982,
            "scoreStd": 0.0030911642193443144,
            "fitTime": 7.1648000000000005,
            "fitTimeStd": 0.7381591698272129,
            "scoreTime": 1.469,
            "scoreTimeStd": 0.5920057432153847
        },
        {
            "params": {
                "max_depth": 18,
                "max_features": 0.43871138768472306,
                "min_samples_leaf": 7,
                "n_estimators": 188,
                "min_samples_split": 21
            },
            "score": 0.9349219056814738,
            "scoreStd": 0.0030227184475378416,
            "fitTime": 13.836200000000002,
            "fitTimeStd": 2.26803151653587,
            "scoreTime": 2.639,
            "scoreTimeStd": 0.7251512945585907
        },
        {
            "params": {
                "max_depth": 9,
                "max_features": 0.1534270403214963,
                "min_samples_leaf": 19,
                "n_estimators": 85,
                "min_samples_split": 57
            },
            "score": 0.925161546563266,
            "scoreStd": 0.002963418049439017,
            "fitTime": 2.736,
            "fitTimeStd": 0.3769344770646485,
            "scoreTime": 0.7616,
            "scoreTimeStd": 0.21987869382912023
        },
        {
            "params": {
                "max_depth": 15,
                "max_features": 0.39488891789885183,
                "min_samples_leaf": 19,
                "n_estimators": 173,
                "min_samples_split": 57
            },
            "score": 0.9348721141151978,
            "scoreStd": 0.002390535591566416,
            "fitTime": 8.8026,
            "fitTimeStd": 1.283211845331861,
            "scoreTime": 2.325,
            "scoreTimeStd": 0.8154456450309855
        },
        {
            "params": {
                "max_depth": 8,
                "max_features": 0.1880151778946672,
                "min_samples_leaf": 7,
                "n_estimators": 90,
                "min_samples_split": 21
            },
            "score": 0.9278017092643522,
            "scoreStd": 0.003791349770099058,
            "fitTime": 2.5185999999999997,
            "fitTimeStd": 0.4308246046826945,
            "scoreTime": 0.6678,
            "scoreTimeStd": 0.3220766368428483
        }
    ],
    "rawImportance": {
        "variables": [
            "BounceRates",
            "ExitRates",
            "Informational_Duration",
            "PageValues",
            "Administrative_Duration",
            "ProductRelated",
            "Administrative",
            "ProductRelated_Duration",
            "OperatingSystems",
            "Region",
            "Informational",
            "Browser",
            "TrafficType",
            "dummy:Month:May",
            "dummy:Month:Nov",
            "dummy:Month:Mar",
            "dummy:Month:Dec",
            "dummy:Month:Oct",
            "dummy:Month:Jul",
            "dummy:Month:Sep",
            "dummy:Month:Aug",
            "dummy:Month:June",
            "dummy:Weekend:FALSE",
            "dummy:Weekend:TRUE",
            "dummy:VisitorType:Returning_Visitor",
            "dummy:VisitorType:New_Visitor"
        ],
        "importances": [
            0.02392681896869693,
            0.06482943081567864,
            0.00460708395742101,
            0.6656853123703188,
            0.020930451756998297,
            0.031104145800262828,
            0.013720851839764204,
            0.05347989373428476,
            0.0024405916193697666,
            0.005502807620990092,
            0.0036750498821646635,
            0.001560656512863733,
            0.007276725984657568,
            0.013968997906044157,
            0.061176259454278896,
            0.008513959226649765,
            0.0021909092717838506,
            0.0005802327020168249,
            0.0023060097876264067,
            0.003691064518134501,
            0.0009563912683399995,
            0.0001439355809685319,
            0.0013094233490985048,
            0.0016347392880689108,
            0.002079632932879755,
            0.0027086238506386718
        ]
    },
    "probaAware": true
}