{
  "state": "DONE",
  "preSearchDescription": {
    "gridLength": 24,
    "searchStrategy": "RANDOM",
    "importantParams": [
      {
        "name": "trees",
        "min": "80",
        "max": "200"
      },
      {
        "name": "depth",
        "min": "6",
        "max": "20"
      },
      {
        "name": "min_samples",
        "min": "1",
        "max": "20"
      }
    ]
  },
  "postSearchDescription": {
    "importantParams": [
      {
        "name": "trees",
        "val": "191"
      },
      {
        "name": "depth",
        "val": "13"
      },
      {
        "name": "min_samples",
        "val": "18"
      }
    ]
  },
  "resumed": false,
  "timeOrderingEnabled": false,
  "sampleWeightsEnabled": false,
  "modelId": "m1",
  "progress": {
    "top_level_todo": [],
    "stack": [],
    "top_level_done": [
      {
        "name": "Loading train set",
        "time": 153
      },
      {
        "name": "Loading test set",
        "time": 64
      },
      {
        "name": "Collecting statistics",
        "time": 137
      },
      {
        "name": "Preprocessing train set",
        "time": 322
      },
      {
        "name": "Preprocessing test set",
        "time": 258
      },
      {
        "name": "Hyperparameter searching",
        "time": 416817
      },
      {
        "name": "Fitting model",
        "time": 4202
      },
      {
        "name": "Saving model",
        "time": 204
      },
      {
        "name": "Scoring model",
        "time": 1402
      },
      {
        "name": "Preparing explainability",
        "time": 373
      }
    ]
  },
  "startTime": 1683018622546,
  "endTime": 1683019046486,
  "preprocessingTime": 939,
  "trainingTime": 423001,
  "hyperparamsSearchTime": 416817,
  "pythonVersion": "3.6.8"
}