{
  "dataSpec": {
    "inputDatasetSmartName": "marketing_campaign_dataset_prepared",
    "datasetSelection": {
      "useMemTable": false,
      "filter": {
        "distinct": false,
        "enabled": false
      },
      "partitionSelectionMethod": "ALL",
      "latestPartitionsN": 1,
      "ordering": {
        "enabled": false,
        "rules": []
      },
      "samplingMethod": "HEAD_SEQUENTIAL",
      "maxRecords": 100000,
      "targetRatio": 0.02,
      "withinFirstN": -1,
      "maxReadUncompressedBytes": -1
    },
    "autoRefreshSample": true,
    "refreshTrigger": 0,
    "containerSelection": {
      "containerMode": "INHERIT"
    }
  },
  "rootCard": {
    "type": "worksheet_root",
    "confidenceLevel": 0.95,
    "showConfidenceInterval": false,
    "cards": [
      {
        "type": "correlation_matrix",
        "heatmapParams": {
          "showValues": true,
          "showColors": true,
          "showAbsValues": false,
          "threshold": 0.0,
          "filterVariablesWithoutValues": false
        },
        "metric": "PEARSON",
        "columns": [
          {
            "name": "Income",
            "type": "CONTINUOUS"
          },
          {
            "name": "Kidhome",
            "type": "CONTINUOUS"
          },
          {
            "name": "MntWines",
            "type": "CONTINUOUS"
          },
          {
            "name": "MntFruits",
            "type": "CONTINUOUS"
          },
          {
            "name": "MntMeatProducts",
            "type": "CONTINUOUS"
          },
          {
            "name": "MntFishProducts",
            "type": "CONTINUOUS"
          },
          {
            "name": "MntSweetProducts",
            "type": "CONTINUOUS"
          },
          {
            "name": "MntGoldProds",
            "type": "CONTINUOUS"
          },
          {
            "name": "NumDealsPurchases",
            "type": "CONTINUOUS"
          },
          {
            "name": "NumWebPurchases",
            "type": "CONTINUOUS"
          },
          {
            "name": "NumCatalogPurchases",
            "type": "CONTINUOUS"
          },
          {
            "name": "NumStorePurchases",
            "type": "CONTINUOUS"
          },
          {
            "name": "NumWebVisitsMonth",
            "type": "CONTINUOUS"
          },
          {
            "name": "Age",
            "type": "CONTINUOUS"
          },
          {
            "name": "Expenses",
            "type": "CONTINUOUS"
          },
          {
            "name": "Num Total Purchase",
            "type": "CONTINUOUS"
          },
          {
            "name": "Total Accepted Cmp",
            "type": "CONTINUOUS"
          }
        ],
        "id": "Ijg8Yke"
      },
      {
        "type": "pca",
        "heatmapParams": {
          "showValues": true,
          "showColors": true,
          "showAbsValues": false,
          "threshold": 0.0,
          "filterVariablesWithoutValues": false
        },
        "columns": [
          {
            "name": "Recency",
            "type": "CONTINUOUS"
          },
          {
            "name": "MntWines",
            "type": "CONTINUOUS"
          },
          {
            "name": "MntFruits",
            "type": "CONTINUOUS"
          },
          {
            "name": "MntMeatProducts",
            "type": "CONTINUOUS"
          },
          {
            "name": "MntFishProducts",
            "type": "CONTINUOUS"
          },
          {
            "name": "MntSweetProducts",
            "type": "CONTINUOUS"
          },
          {
            "name": "MntGoldProds",
            "type": "CONTINUOUS"
          },
          {
            "name": "NumDealsPurchases",
            "type": "CONTINUOUS"
          },
          {
            "name": "NumWebPurchases",
            "type": "CONTINUOUS"
          },
          {
            "name": "NumCatalogPurchases",
            "type": "CONTINUOUS"
          },
          {
            "name": "NumStorePurchases",
            "type": "CONTINUOUS"
          },
          {
            "name": "NumWebVisitsMonth",
            "type": "CONTINUOUS"
          },
          {
            "name": "Expenses",
            "type": "CONTINUOUS"
          },
          {
            "name": "Engaged in Days",
            "type": "CONTINUOUS"
          },
          {
            "name": "Num Total Purchase",
            "type": "CONTINUOUS"
          },
          {
            "name": "Total Accepted Cmp",
            "type": "CONTINUOUS"
          },
          {
            "name": "Amount Per Purchase",
            "type": "CONTINUOUS"
          }
        ],
        "id": "Bu5UrtC"
      },
      {
        "type": "univariate_header",
        "showHistogram": false,
        "showQuantile": false,
        "showFrequencyTable": false,
        "showSummary": true,
        "showBoxPlot": false,
        "xColumns": [
          {
            "name": "Age",
            "type": "CONTINUOUS"
          },
          {
            "name": "Income",
            "type": "CONTINUOUS"
          },
          {
            "name": "Kidhome",
            "type": "CONTINUOUS"
          },
          {
            "name": "Teenhome",
            "type": "CONTINUOUS"
          },
          {
            "name": "Dt_Customer",
            "type": "CATEGORICAL"
          },
          {
            "name": "Amount Per Purchase",
            "type": "CONTINUOUS"
          },
          {
            "name": "Year_Birth",
            "type": "CONTINUOUS"
          },
          {
            "name": "Education",
            "type": "CATEGORICAL"
          },
          {
            "name": "Marital_Status",
            "type": "CATEGORICAL"
          },
          {
            "name": "Kids",
            "type": "CONTINUOUS"
          },
          {
            "name": "Dt_Customer_parsed",
            "type": "CATEGORICAL"
          },
          {
            "name": "Day",
            "type": "CONTINUOUS"
          },
          {
            "name": "Recency",
            "type": "CONTINUOUS"
          },
          {
            "name": "MntWines",
            "type": "CONTINUOUS"
          },
          {
            "name": "MntFruits",
            "type": "CONTINUOUS"
          },
          {
            "name": "MntMeatProducts",
            "type": "CONTINUOUS"
          },
          {
            "name": "MntFishProducts",
            "type": "CONTINUOUS"
          },
          {
            "name": "MntSweetProducts",
            "type": "CONTINUOUS"
          },
          {
            "name": "MntGoldProds",
            "type": "CONTINUOUS"
          },
          {
            "name": "Expenses",
            "type": "CONTINUOUS"
          },
          {
            "name": "% Spent on Gold Products",
            "type": "CONTINUOUS"
          },
          {
            "name": "% Spent on Sweet Products",
            "type": "CONTINUOUS"
          },
          {
            "name": "% Spent on Fish Products",
            "type": "CONTINUOUS"
          },
          {
            "name": "% Spent on Meat Products",
            "type": "CONTINUOUS"
          },
          {
            "name": "% Spent on Fruits",
            "type": "CONTINUOUS"
          },
          {
            "name": "% Spent on Wines",
            "type": "CONTINUOUS"
          },
          {
            "name": "NumDealsPurchases",
            "type": "CONTINUOUS"
          },
          {
            "name": "NumWebPurchases",
            "type": "CONTINUOUS"
          },
          {
            "name": "NumCatalogPurchases",
            "type": "CONTINUOUS"
          },
          {
            "name": "NumStorePurchases",
            "type": "CONTINUOUS"
          },
          {
            "name": "Num Total Purchase",
            "type": "CONTINUOUS"
          },
          {
            "name": "NumWebVisitsMonth",
            "type": "CONTINUOUS"
          },
          {
            "name": "AcceptedCmp3",
            "type": "CONTINUOUS"
          },
          {
            "name": "AcceptedCmp4",
            "type": "CONTINUOUS"
          },
          {
            "name": "AcceptedCmp5",
            "type": "CONTINUOUS"
          },
          {
            "name": "AcceptedCmp1",
            "type": "CONTINUOUS"
          },
          {
            "name": "AcceptedCmp2",
            "type": "CONTINUOUS"
          },
          {
            "name": "Total Accepted Cmp",
            "type": "CONTINUOUS"
          },
          {
            "name": "Complain",
            "type": "CONTINUOUS"
          },
          {
            "name": "Response",
            "type": "CONTINUOUS"
          }
        ],
        "cards": [
          {
            "type": "column_card",
            "column": {
              "name": "Age",
              "type": "CONTINUOUS"
            },
            "cards": [
              {
                "type": "univariate_summary",
                "confidenceLevel": 0.95,
                "showConfidenceInterval": false,
                "compute": {
                  "totalCount": true,
                  "mean": true,
                  "sum": false,
                  "median": true,
                  "std": true,
                  "variance": false,
                  "skewness": false,
                  "kurtosis": false,
                  "sem": false,
                  "completeCount": true,
                  "nbEmpty": true,
                  "zeroCount": false,
                  "zeroRatio": false,
                  "nonZeroRatio": false,
                  "iqr": false,
                  "distinctCount": true,
                  "nbNonEmpty": false,
                  "min": true,
                  "max": true,
                  "range": false,
                  "mode": true
                },
                "column": {
                  "name": "Age",
                  "type": "CONTINUOUS"
                },
                "id": "0VJpBW4"
              }
            ],
            "id": "pQ6mWbB"
          },
          {
            "type": "column_card",
            "column": {
              "name": "Income",
              "type": "CONTINUOUS"
            },
            "cards": [
              {
                "type": "univariate_summary",
                "confidenceLevel": 0.95,
                "showConfidenceInterval": false,
                "compute": {
                  "totalCount": true,
                  "mean": true,
                  "sum": false,
                  "median": true,
                  "std": true,
                  "variance": false,
                  "skewness": false,
                  "kurtosis": false,
                  "sem": false,
                  "completeCount": true,
                  "nbEmpty": true,
                  "zeroCount": false,
                  "zeroRatio": false,
                  "nonZeroRatio": false,
                  "iqr": false,
                  "distinctCount": true,
                  "nbNonEmpty": false,
                  "min": true,
                  "max": true,
                  "range": false,
                  "mode": true
                },
                "column": {
                  "name": "Income",
                  "type": "CONTINUOUS"
                },
                "id": "vUfdu8U"
              }
            ],
            "id": "z7g54Re"
          },
          {
            "type": "column_card",
            "column": {
              "name": "Kidhome",
              "type": "CONTINUOUS"
            },
            "cards": [
              {
                "type": "univariate_summary",
                "confidenceLevel": 0.95,
                "showConfidenceInterval": false,
                "compute": {
                  "totalCount": true,
                  "mean": true,
                  "sum": false,
                  "median": true,
                  "std": true,
                  "variance": false,
                  "skewness": false,
                  "kurtosis": false,
                  "sem": false,
                  "completeCount": true,
                  "nbEmpty": true,
                  "zeroCount": false,
                  "zeroRatio": false,
                  "nonZeroRatio": false,
                  "iqr": false,
                  "distinctCount": true,
                  "nbNonEmpty": false,
                  "min": true,
                  "max": true,
                  "range": false,
                  "mode": true
                },
                "column": {
                  "name": "Kidhome",
                  "type": "CONTINUOUS"
                },
                "id": "UASxGml"
              }
            ],
            "id": "ptb9U0n"
          },
          {
            "type": "column_card",
            "column": {
              "name": "Teenhome",
              "type": "CONTINUOUS"
            },
            "cards": [
              {
                "type": "univariate_summary",
                "confidenceLevel": 0.95,
                "showConfidenceInterval": false,
                "compute": {
                  "totalCount": true,
                  "mean": true,
                  "sum": false,
                  "median": true,
                  "std": true,
                  "variance": false,
                  "skewness": false,
                  "kurtosis": false,
                  "sem": false,
                  "completeCount": true,
                  "nbEmpty": true,
                  "zeroCount": false,
                  "zeroRatio": false,
                  "nonZeroRatio": false,
                  "iqr": false,
                  "distinctCount": true,
                  "nbNonEmpty": false,
                  "min": true,
                  "max": true,
                  "range": false,
                  "mode": true
                },
                "column": {
                  "name": "Teenhome",
                  "type": "CONTINUOUS"
                },
                "id": "PCmCaX4"
              }
            ],
            "id": "MQr3aAN"
          },
          {
            "type": "column_card",
            "column": {
              "name": "Dt_Customer",
              "type": "CATEGORICAL"
            },
            "cards": [
              {
                "type": "univariate_summary",
                "confidenceLevel": 0.95,
                "showConfidenceInterval": false,
                "compute": {
                  "totalCount": true,
                  "mean": true,
                  "sum": false,
                  "median": true,
                  "std": true,
                  "variance": false,
                  "skewness": false,
                  "kurtosis": false,
                  "sem": false,
                  "completeCount": true,
                  "nbEmpty": true,
                  "zeroCount": false,
                  "zeroRatio": false,
                  "nonZeroRatio": false,
                  "iqr": false,
                  "distinctCount": true,
                  "nbNonEmpty": false,
                  "min": true,
                  "max": true,
                  "range": false,
                  "mode": true
                },
                "column": {
                  "name": "Dt_Customer",
                  "type": "CATEGORICAL"
                },
                "id": "lOeXHrO"
              }
            ],
            "id": "24ZmmTq"
          },
          {
            "type": "column_card",
            "column": {
              "name": "Amount Per Purchase",
              "type": "CONTINUOUS"
            },
            "cards": [
              {
                "type": "univariate_summary",
                "confidenceLevel": 0.95,
                "showConfidenceInterval": false,
                "compute": {
                  "totalCount": true,
                  "mean": true,
                  "sum": false,
                  "median": true,
                  "std": true,
                  "variance": false,
                  "skewness": false,
                  "kurtosis": false,
                  "sem": false,
                  "completeCount": true,
                  "nbEmpty": true,
                  "zeroCount": false,
                  "zeroRatio": false,
                  "nonZeroRatio": false,
                  "iqr": false,
                  "distinctCount": true,
                  "nbNonEmpty": false,
                  "min": true,
                  "max": true,
                  "range": false,
                  "mode": true
                },
                "column": {
                  "name": "Amount Per Purchase",
                  "type": "CONTINUOUS"
                },
                "id": "om7xoS6"
              }
            ],
            "id": "h8OSzN0"
          },
          {
            "type": "column_card",
            "column": {
              "name": "Year_Birth",
              "type": "CONTINUOUS"
            },
            "cards": [
              {
                "type": "univariate_summary",
                "confidenceLevel": 0.95,
                "showConfidenceInterval": false,
                "compute": {
                  "totalCount": true,
                  "mean": true,
                  "sum": false,
                  "median": true,
                  "std": true,
                  "variance": false,
                  "skewness": false,
                  "kurtosis": false,
                  "sem": false,
                  "completeCount": true,
                  "nbEmpty": true,
                  "zeroCount": false,
                  "zeroRatio": false,
                  "nonZeroRatio": false,
                  "iqr": false,
                  "distinctCount": true,
                  "nbNonEmpty": false,
                  "min": true,
                  "max": true,
                  "range": false,
                  "mode": true
                },
                "column": {
                  "name": "Year_Birth",
                  "type": "CONTINUOUS"
                },
                "id": "3lkvkOz"
              }
            ],
            "id": "BSCNul8"
          },
          {
            "type": "column_card",
            "column": {
              "name": "Education",
              "type": "CATEGORICAL"
            },
            "cards": [
              {
                "type": "univariate_summary",
                "confidenceLevel": 0.95,
                "showConfidenceInterval": false,
                "compute": {
                  "totalCount": true,
                  "mean": true,
                  "sum": false,
                  "median": true,
                  "std": true,
                  "variance": false,
                  "skewness": false,
                  "kurtosis": false,
                  "sem": false,
                  "completeCount": true,
                  "nbEmpty": true,
                  "zeroCount": false,
                  "zeroRatio": false,
                  "nonZeroRatio": false,
                  "iqr": false,
                  "distinctCount": true,
                  "nbNonEmpty": false,
                  "min": true,
                  "max": true,
                  "range": false,
                  "mode": true
                },
                "column": {
                  "name": "Education",
                  "type": "CATEGORICAL"
                },
                "id": "boMzSfs"
              }
            ],
            "id": "B0UPsVy"
          },
          {
            "type": "column_card",
            "column": {
              "name": "Marital_Status",
              "type": "CATEGORICAL"
            },
            "cards": [
              {
                "type": "univariate_summary",
                "confidenceLevel": 0.95,
                "showConfidenceInterval": false,
                "compute": {
                  "totalCount": true,
                  "mean": true,
                  "sum": false,
                  "median": true,
                  "std": true,
                  "variance": false,
                  "skewness": false,
                  "kurtosis": false,
                  "sem": false,
                  "completeCount": true,
                  "nbEmpty": true,
                  "zeroCount": false,
                  "zeroRatio": false,
                  "nonZeroRatio": false,
                  "iqr": false,
                  "distinctCount": true,
                  "nbNonEmpty": false,
                  "min": true,
                  "max": true,
                  "range": false,
                  "mode": true
                },
                "column": {
                  "name": "Marital_Status",
                  "type": "CATEGORICAL"
                },
                "id": "OCcXJ0b"
              }
            ],
            "id": "YvdYj4n"
          },
          {
            "type": "column_card",
            "column": {
              "name": "Kids",
              "type": "CONTINUOUS"
            },
            "cards": [
              {
                "type": "univariate_summary",
                "confidenceLevel": 0.95,
                "showConfidenceInterval": false,
                "compute": {
                  "totalCount": true,
                  "mean": true,
                  "sum": false,
                  "median": true,
                  "std": true,
                  "variance": false,
                  "skewness": false,
                  "kurtosis": false,
                  "sem": false,
                  "completeCount": true,
                  "nbEmpty": true,
                  "zeroCount": false,
                  "zeroRatio": false,
                  "nonZeroRatio": false,
                  "iqr": false,
                  "distinctCount": true,
                  "nbNonEmpty": false,
                  "min": true,
                  "max": true,
                  "range": false,
                  "mode": true
                },
                "column": {
                  "name": "Kids",
                  "type": "CONTINUOUS"
                },
                "id": "67xcMsW"
              }
            ],
            "id": "KZlB0mr"
          },
          {
            "type": "column_card",
            "column": {
              "name": "Dt_Customer_parsed",
              "type": "CATEGORICAL"
            },
            "cards": [
              {
                "type": "univariate_summary",
                "confidenceLevel": 0.95,
                "showConfidenceInterval": false,
                "compute": {
                  "totalCount": true,
                  "mean": true,
                  "sum": false,
                  "median": true,
                  "std": true,
                  "variance": false,
                  "skewness": false,
                  "kurtosis": false,
                  "sem": false,
                  "completeCount": true,
                  "nbEmpty": true,
                  "zeroCount": false,
                  "zeroRatio": false,
                  "nonZeroRatio": false,
                  "iqr": false,
                  "distinctCount": true,
                  "nbNonEmpty": false,
                  "min": true,
                  "max": true,
                  "range": false,
                  "mode": true
                },
                "column": {
                  "name": "Dt_Customer_parsed",
                  "type": "CATEGORICAL"
                },
                "id": "oo4bXTD"
              }
            ],
            "id": "Bywok8S"
          },
          {
            "type": "column_card",
            "column": {
              "name": "Day",
              "type": "CONTINUOUS"
            },
            "cards": [
              {
                "type": "univariate_summary",
                "confidenceLevel": 0.95,
                "showConfidenceInterval": false,
                "compute": {
                  "totalCount": true,
                  "mean": true,
                  "sum": false,
                  "median": true,
                  "std": true,
                  "variance": false,
                  "skewness": false,
                  "kurtosis": false,
                  "sem": false,
                  "completeCount": true,
                  "nbEmpty": true,
                  "zeroCount": false,
                  "zeroRatio": false,
                  "nonZeroRatio": false,
                  "iqr": false,
                  "distinctCount": true,
                  "nbNonEmpty": false,
                  "min": true,
                  "max": true,
                  "range": false,
                  "mode": true
                },
                "column": {
                  "name": "Day",
                  "type": "CONTINUOUS"
                },
                "id": "RAjeWvl"
              }
            ],
            "id": "ko8QWSu"
          },
          {
            "type": "column_card",
            "column": {
              "name": "Recency",
              "type": "CONTINUOUS"
            },
            "cards": [
              {
                "type": "univariate_summary",
                "confidenceLevel": 0.95,
                "showConfidenceInterval": false,
                "compute": {
                  "totalCount": true,
                  "mean": true,
                  "sum": false,
                  "median": true,
                  "std": true,
                  "variance": false,
                  "skewness": false,
                  "kurtosis": false,
                  "sem": false,
                  "completeCount": true,
                  "nbEmpty": true,
                  "zeroCount": false,
                  "zeroRatio": false,
                  "nonZeroRatio": false,
                  "iqr": false,
                  "distinctCount": true,
                  "nbNonEmpty": false,
                  "min": true,
                  "max": true,
                  "range": false,
                  "mode": true
                },
                "column": {
                  "name": "Recency",
                  "type": "CONTINUOUS"
                },
                "id": "eaM4MBA"
              }
            ],
            "id": "RKDqZUp"
          },
          {
            "type": "column_card",
            "column": {
              "name": "MntWines",
              "type": "CONTINUOUS"
            },
            "cards": [
              {
                "type": "univariate_summary",
                "confidenceLevel": 0.95,
                "showConfidenceInterval": false,
                "compute": {
                  "totalCount": true,
                  "mean": true,
                  "sum": false,
                  "median": true,
                  "std": true,
                  "variance": false,
                  "skewness": false,
                  "kurtosis": false,
                  "sem": false,
                  "completeCount": true,
                  "nbEmpty": true,
                  "zeroCount": false,
                  "zeroRatio": false,
                  "nonZeroRatio": false,
                  "iqr": false,
                  "distinctCount": true,
                  "nbNonEmpty": false,
                  "min": true,
                  "max": true,
                  "range": false,
                  "mode": true
                },
                "column": {
                  "name": "MntWines",
                  "type": "CONTINUOUS"
                },
                "id": "WjlIPJj"
              }
            ],
            "id": "u5IrTRH"
          },
          {
            "type": "column_card",
            "column": {
              "name": "MntFruits",
              "type": "CONTINUOUS"
            },
            "cards": [
              {
                "type": "univariate_summary",
                "confidenceLevel": 0.95,
                "showConfidenceInterval": false,
                "compute": {
                  "totalCount": true,
                  "mean": true,
                  "sum": false,
                  "median": true,
                  "std": true,
                  "variance": false,
                  "skewness": false,
                  "kurtosis": false,
                  "sem": false,
                  "completeCount": true,
                  "nbEmpty": true,
                  "zeroCount": false,
                  "zeroRatio": false,
                  "nonZeroRatio": false,
                  "iqr": false,
                  "distinctCount": true,
                  "nbNonEmpty": false,
                  "min": true,
                  "max": true,
                  "range": false,
                  "mode": true
                },
                "column": {
                  "name": "MntFruits",
                  "type": "CONTINUOUS"
                },
                "id": "66yPHFB"
              }
            ],
            "id": "mAr2O6j"
          },
          {
            "type": "column_card",
            "column": {
              "name": "MntMeatProducts",
              "type": "CONTINUOUS"
            },
            "cards": [
              {
                "type": "univariate_summary",
                "confidenceLevel": 0.95,
                "showConfidenceInterval": false,
                "compute": {
                  "totalCount": true,
                  "mean": true,
                  "sum": false,
                  "median": true,
                  "std": true,
                  "variance": false,
                  "skewness": false,
                  "kurtosis": false,
                  "sem": false,
                  "completeCount": true,
                  "nbEmpty": true,
                  "zeroCount": false,
                  "zeroRatio": false,
                  "nonZeroRatio": false,
                  "iqr": false,
                  "distinctCount": true,
                  "nbNonEmpty": false,
                  "min": true,
                  "max": true,
                  "range": false,
                  "mode": true
                },
                "column": {
                  "name": "MntMeatProducts",
                  "type": "CONTINUOUS"
                },
                "id": "qfdLtgi"
              }
            ],
            "id": "Vl0imb1"
          },
          {
            "type": "column_card",
            "column": {
              "name": "MntFishProducts",
              "type": "CONTINUOUS"
            },
            "cards": [
              {
                "type": "univariate_summary",
                "confidenceLevel": 0.95,
                "showConfidenceInterval": false,
                "compute": {
                  "totalCount": true,
                  "mean": true,
                  "sum": false,
                  "median": true,
                  "std": true,
                  "variance": false,
                  "skewness": false,
                  "kurtosis": false,
                  "sem": false,
                  "completeCount": true,
                  "nbEmpty": true,
                  "zeroCount": false,
                  "zeroRatio": false,
                  "nonZeroRatio": false,
                  "iqr": false,
                  "distinctCount": true,
                  "nbNonEmpty": false,
                  "min": true,
                  "max": true,
                  "range": false,
                  "mode": true
                },
                "column": {
                  "name": "MntFishProducts",
                  "type": "CONTINUOUS"
                },
                "id": "AxFChWa"
              }
            ],
            "id": "ggh1qvQ"
          },
          {
            "type": "column_card",
            "column": {
              "name": "MntSweetProducts",
              "type": "CONTINUOUS"
            },
            "cards": [
              {
                "type": "univariate_summary",
                "confidenceLevel": 0.95,
                "showConfidenceInterval": false,
                "compute": {
                  "totalCount": true,
                  "mean": true,
                  "sum": false,
                  "median": true,
                  "std": true,
                  "variance": false,
                  "skewness": false,
                  "kurtosis": false,
                  "sem": false,
                  "completeCount": true,
                  "nbEmpty": true,
                  "zeroCount": false,
                  "zeroRatio": false,
                  "nonZeroRatio": false,
                  "iqr": false,
                  "distinctCount": true,
                  "nbNonEmpty": false,
                  "min": true,
                  "max": true,
                  "range": false,
                  "mode": true
                },
                "column": {
                  "name": "MntSweetProducts",
                  "type": "CONTINUOUS"
                },
                "id": "LBlvynx"
              }
            ],
            "id": "ZA3c3eq"
          },
          {
            "type": "column_card",
            "column": {
              "name": "MntGoldProds",
              "type": "CONTINUOUS"
            },
            "cards": [
              {
                "type": "univariate_summary",
                "confidenceLevel": 0.95,
                "showConfidenceInterval": false,
                "compute": {
                  "totalCount": true,
                  "mean": true,
                  "sum": false,
                  "median": true,
                  "std": true,
                  "variance": false,
                  "skewness": false,
                  "kurtosis": false,
                  "sem": false,
                  "completeCount": true,
                  "nbEmpty": true,
                  "zeroCount": false,
                  "zeroRatio": false,
                  "nonZeroRatio": false,
                  "iqr": false,
                  "distinctCount": true,
                  "nbNonEmpty": false,
                  "min": true,
                  "max": true,
                  "range": false,
                  "mode": true
                },
                "column": {
                  "name": "MntGoldProds",
                  "type": "CONTINUOUS"
                },
                "id": "TuFT8B5"
              }
            ],
            "id": "ZSqbher"
          },
          {
            "type": "column_card",
            "column": {
              "name": "Expenses",
              "type": "CONTINUOUS"
            },
            "cards": [
              {
                "type": "univariate_summary",
                "confidenceLevel": 0.95,
                "showConfidenceInterval": false,
                "compute": {
                  "totalCount": true,
                  "mean": true,
                  "sum": false,
                  "median": true,
                  "std": true,
                  "variance": false,
                  "skewness": false,
                  "kurtosis": false,
                  "sem": false,
                  "completeCount": true,
                  "nbEmpty": true,
                  "zeroCount": false,
                  "zeroRatio": false,
                  "nonZeroRatio": false,
                  "iqr": false,
                  "distinctCount": true,
                  "nbNonEmpty": false,
                  "min": true,
                  "max": true,
                  "range": false,
                  "mode": true
                },
                "column": {
                  "name": "Expenses",
                  "type": "CONTINUOUS"
                },
                "id": "YlXLcVH"
              }
            ],
            "id": "bzF1P7x"
          },
          {
            "type": "column_card",
            "column": {
              "name": "% Spent on Gold Products",
              "type": "CONTINUOUS"
            },
            "cards": [
              {
                "type": "univariate_summary",
                "confidenceLevel": 0.95,
                "showConfidenceInterval": false,
                "compute": {
                  "totalCount": true,
                  "mean": true,
                  "sum": false,
                  "median": true,
                  "std": true,
                  "variance": false,
                  "skewness": false,
                  "kurtosis": false,
                  "sem": false,
                  "completeCount": true,
                  "nbEmpty": true,
                  "zeroCount": false,
                  "zeroRatio": false,
                  "nonZeroRatio": false,
                  "iqr": false,
                  "distinctCount": true,
                  "nbNonEmpty": false,
                  "min": true,
                  "max": true,
                  "range": false,
                  "mode": true
                },
                "column": {
                  "name": "% Spent on Gold Products",
                  "type": "CONTINUOUS"
                },
                "id": "wQp7OsY"
              }
            ],
            "id": "pxxNS94"
          },
          {
            "type": "column_card",
            "column": {
              "name": "% Spent on Sweet Products",
              "type": "CONTINUOUS"
            },
            "cards": [
              {
                "type": "univariate_summary",
                "confidenceLevel": 0.95,
                "showConfidenceInterval": false,
                "compute": {
                  "totalCount": true,
                  "mean": true,
                  "sum": false,
                  "median": true,
                  "std": true,
                  "variance": false,
                  "skewness": false,
                  "kurtosis": false,
                  "sem": false,
                  "completeCount": true,
                  "nbEmpty": true,
                  "zeroCount": false,
                  "zeroRatio": false,
                  "nonZeroRatio": false,
                  "iqr": false,
                  "distinctCount": true,
                  "nbNonEmpty": false,
                  "min": true,
                  "max": true,
                  "range": false,
                  "mode": true
                },
                "column": {
                  "name": "% Spent on Sweet Products",
                  "type": "CONTINUOUS"
                },
                "id": "h1iSVfd"
              }
            ],
            "id": "B2EFjiK"
          },
          {
            "type": "column_card",
            "column": {
              "name": "% Spent on Fish Products",
              "type": "CONTINUOUS"
            },
            "cards": [
              {
                "type": "univariate_summary",
                "confidenceLevel": 0.95,
                "showConfidenceInterval": false,
                "compute": {
                  "totalCount": true,
                  "mean": true,
                  "sum": false,
                  "median": true,
                  "std": true,
                  "variance": false,
                  "skewness": false,
                  "kurtosis": false,
                  "sem": false,
                  "completeCount": true,
                  "nbEmpty": true,
                  "zeroCount": false,
                  "zeroRatio": false,
                  "nonZeroRatio": false,
                  "iqr": false,
                  "distinctCount": true,
                  "nbNonEmpty": false,
                  "min": true,
                  "max": true,
                  "range": false,
                  "mode": true
                },
                "column": {
                  "name": "% Spent on Fish Products",
                  "type": "CONTINUOUS"
                },
                "id": "zdju47k"
              }
            ],
            "id": "2V0VuHM"
          },
          {
            "type": "column_card",
            "column": {
              "name": "% Spent on Meat Products",
              "type": "CONTINUOUS"
            },
            "cards": [
              {
                "type": "univariate_summary",
                "confidenceLevel": 0.95,
                "showConfidenceInterval": false,
                "compute": {
                  "totalCount": true,
                  "mean": true,
                  "sum": false,
                  "median": true,
                  "std": true,
                  "variance": false,
                  "skewness": false,
                  "kurtosis": false,
                  "sem": false,
                  "completeCount": true,
                  "nbEmpty": true,
                  "zeroCount": false,
                  "zeroRatio": false,
                  "nonZeroRatio": false,
                  "iqr": false,
                  "distinctCount": true,
                  "nbNonEmpty": false,
                  "min": true,
                  "max": true,
                  "range": false,
                  "mode": true
                },
                "column": {
                  "name": "% Spent on Meat Products",
                  "type": "CONTINUOUS"
                },
                "id": "OkhqZKx"
              }
            ],
            "id": "R2ewkva"
          },
          {
            "type": "column_card",
            "column": {
              "name": "% Spent on Fruits",
              "type": "CONTINUOUS"
            },
            "cards": [
              {
                "type": "univariate_summary",
                "confidenceLevel": 0.95,
                "showConfidenceInterval": false,
                "compute": {
                  "totalCount": true,
                  "mean": true,
                  "sum": false,
                  "median": true,
                  "std": true,
                  "variance": false,
                  "skewness": false,
                  "kurtosis": false,
                  "sem": false,
                  "completeCount": true,
                  "nbEmpty": true,
                  "zeroCount": false,
                  "zeroRatio": false,
                  "nonZeroRatio": false,
                  "iqr": false,
                  "distinctCount": true,
                  "nbNonEmpty": false,
                  "min": true,
                  "max": true,
                  "range": false,
                  "mode": true
                },
                "column": {
                  "name": "% Spent on Fruits",
                  "type": "CONTINUOUS"
                },
                "id": "JpQMG7E"
              }
            ],
            "id": "pbB3cdh"
          },
          {
            "type": "column_card",
            "column": {
              "name": "% Spent on Wines",
              "type": "CONTINUOUS"
            },
            "cards": [
              {
                "type": "univariate_summary",
                "confidenceLevel": 0.95,
                "showConfidenceInterval": false,
                "compute": {
                  "totalCount": true,
                  "mean": true,
                  "sum": false,
                  "median": true,
                  "std": true,
                  "variance": false,
                  "skewness": false,
                  "kurtosis": false,
                  "sem": false,
                  "completeCount": true,
                  "nbEmpty": true,
                  "zeroCount": false,
                  "zeroRatio": false,
                  "nonZeroRatio": false,
                  "iqr": false,
                  "distinctCount": true,
                  "nbNonEmpty": false,
                  "min": true,
                  "max": true,
                  "range": false,
                  "mode": true
                },
                "column": {
                  "name": "% Spent on Wines",
                  "type": "CONTINUOUS"
                },
                "id": "l1qLZ3x"
              }
            ],
            "id": "9HBt80v"
          },
          {
            "type": "column_card",
            "column": {
              "name": "NumDealsPurchases",
              "type": "CONTINUOUS"
            },
            "cards": [
              {
                "type": "univariate_summary",
                "confidenceLevel": 0.95,
                "showConfidenceInterval": false,
                "compute": {
                  "totalCount": true,
                  "mean": true,
                  "sum": false,
                  "median": true,
                  "std": true,
                  "variance": false,
                  "skewness": false,
                  "kurtosis": false,
                  "sem": false,
                  "completeCount": true,
                  "nbEmpty": true,
                  "zeroCount": false,
                  "zeroRatio": false,
                  "nonZeroRatio": false,
                  "iqr": false,
                  "distinctCount": true,
                  "nbNonEmpty": false,
                  "min": true,
                  "max": true,
                  "range": false,
                  "mode": true
                },
                "column": {
                  "name": "NumDealsPurchases",
                  "type": "CONTINUOUS"
                },
                "id": "qNrUh7S"
              }
            ],
            "id": "ZhEeFPR"
          },
          {
            "type": "column_card",
            "column": {
              "name": "NumWebPurchases",
              "type": "CONTINUOUS"
            },
            "cards": [
              {
                "type": "univariate_summary",
                "confidenceLevel": 0.95,
                "showConfidenceInterval": false,
                "compute": {
                  "totalCount": true,
                  "mean": true,
                  "sum": false,
                  "median": true,
                  "std": true,
                  "variance": false,
                  "skewness": false,
                  "kurtosis": false,
                  "sem": false,
                  "completeCount": true,
                  "nbEmpty": true,
                  "zeroCount": false,
                  "zeroRatio": false,
                  "nonZeroRatio": false,
                  "iqr": false,
                  "distinctCount": true,
                  "nbNonEmpty": false,
                  "min": true,
                  "max": true,
                  "range": false,
                  "mode": true
                },
                "column": {
                  "name": "NumWebPurchases",
                  "type": "CONTINUOUS"
                },
                "id": "METzqYR"
              }
            ],
            "id": "rNHZiEF"
          },
          {
            "type": "column_card",
            "column": {
              "name": "NumCatalogPurchases",
              "type": "CONTINUOUS"
            },
            "cards": [
              {
                "type": "univariate_summary",
                "confidenceLevel": 0.95,
                "showConfidenceInterval": false,
                "compute": {
                  "totalCount": true,
                  "mean": true,
                  "sum": false,
                  "median": true,
                  "std": true,
                  "variance": false,
                  "skewness": false,
                  "kurtosis": false,
                  "sem": false,
                  "completeCount": true,
                  "nbEmpty": true,
                  "zeroCount": false,
                  "zeroRatio": false,
                  "nonZeroRatio": false,
                  "iqr": false,
                  "distinctCount": true,
                  "nbNonEmpty": false,
                  "min": true,
                  "max": true,
                  "range": false,
                  "mode": true
                },
                "column": {
                  "name": "NumCatalogPurchases",
                  "type": "CONTINUOUS"
                },
                "id": "Wr0TIDJ"
              }
            ],
            "id": "lc5FElE"
          },
          {
            "type": "column_card",
            "column": {
              "name": "NumStorePurchases",
              "type": "CONTINUOUS"
            },
            "cards": [
              {
                "type": "univariate_summary",
                "confidenceLevel": 0.95,
                "showConfidenceInterval": false,
                "compute": {
                  "totalCount": true,
                  "mean": true,
                  "sum": false,
                  "median": true,
                  "std": true,
                  "variance": false,
                  "skewness": false,
                  "kurtosis": false,
                  "sem": false,
                  "completeCount": true,
                  "nbEmpty": true,
                  "zeroCount": false,
                  "zeroRatio": false,
                  "nonZeroRatio": false,
                  "iqr": false,
                  "distinctCount": true,
                  "nbNonEmpty": false,
                  "min": true,
                  "max": true,
                  "range": false,
                  "mode": true
                },
                "column": {
                  "name": "NumStorePurchases",
                  "type": "CONTINUOUS"
                },
                "id": "H91HViY"
              }
            ],
            "id": "FCEUzyF"
          },
          {
            "type": "column_card",
            "column": {
              "name": "Num Total Purchase",
              "type": "CONTINUOUS"
            },
            "cards": [
              {
                "type": "univariate_summary",
                "confidenceLevel": 0.95,
                "showConfidenceInterval": false,
                "compute": {
                  "totalCount": true,
                  "mean": true,
                  "sum": false,
                  "median": true,
                  "std": true,
                  "variance": false,
                  "skewness": false,
                  "kurtosis": false,
                  "sem": false,
                  "completeCount": true,
                  "nbEmpty": true,
                  "zeroCount": false,
                  "zeroRatio": false,
                  "nonZeroRatio": false,
                  "iqr": false,
                  "distinctCount": true,
                  "nbNonEmpty": false,
                  "min": true,
                  "max": true,
                  "range": false,
                  "mode": true
                },
                "column": {
                  "name": "Num Total Purchase",
                  "type": "CONTINUOUS"
                },
                "id": "kxWzqFD"
              }
            ],
            "id": "pRKooqh"
          },
          {
            "type": "column_card",
            "column": {
              "name": "NumWebVisitsMonth",
              "type": "CONTINUOUS"
            },
            "cards": [
              {
                "type": "univariate_summary",
                "confidenceLevel": 0.95,
                "showConfidenceInterval": false,
                "compute": {
                  "totalCount": true,
                  "mean": true,
                  "sum": false,
                  "median": true,
                  "std": true,
                  "variance": false,
                  "skewness": false,
                  "kurtosis": false,
                  "sem": false,
                  "completeCount": true,
                  "nbEmpty": true,
                  "zeroCount": false,
                  "zeroRatio": false,
                  "nonZeroRatio": false,
                  "iqr": false,
                  "distinctCount": true,
                  "nbNonEmpty": false,
                  "min": true,
                  "max": true,
                  "range": false,
                  "mode": true
                },
                "column": {
                  "name": "NumWebVisitsMonth",
                  "type": "CONTINUOUS"
                },
                "id": "4CGPT4P"
              }
            ],
            "id": "TirQ0wd"
          },
          {
            "type": "column_card",
            "column": {
              "name": "AcceptedCmp3",
              "type": "CONTINUOUS"
            },
            "cards": [
              {
                "type": "univariate_summary",
                "confidenceLevel": 0.95,
                "showConfidenceInterval": false,
                "compute": {
                  "totalCount": true,
                  "mean": true,
                  "sum": false,
                  "median": true,
                  "std": true,
                  "variance": false,
                  "skewness": false,
                  "kurtosis": false,
                  "sem": false,
                  "completeCount": true,
                  "nbEmpty": true,
                  "zeroCount": false,
                  "zeroRatio": false,
                  "nonZeroRatio": false,
                  "iqr": false,
                  "distinctCount": true,
                  "nbNonEmpty": false,
                  "min": true,
                  "max": true,
                  "range": false,
                  "mode": true
                },
                "column": {
                  "name": "AcceptedCmp3",
                  "type": "CONTINUOUS"
                },
                "id": "U7NyKKW"
              }
            ],
            "id": "mNW0q4q"
          },
          {
            "type": "column_card",
            "column": {
              "name": "AcceptedCmp4",
              "type": "CONTINUOUS"
            },
            "cards": [
              {
                "type": "univariate_summary",
                "confidenceLevel": 0.95,
                "showConfidenceInterval": false,
                "compute": {
                  "totalCount": true,
                  "mean": true,
                  "sum": false,
                  "median": true,
                  "std": true,
                  "variance": false,
                  "skewness": false,
                  "kurtosis": false,
                  "sem": false,
                  "completeCount": true,
                  "nbEmpty": true,
                  "zeroCount": false,
                  "zeroRatio": false,
                  "nonZeroRatio": false,
                  "iqr": false,
                  "distinctCount": true,
                  "nbNonEmpty": false,
                  "min": true,
                  "max": true,
                  "range": false,
                  "mode": true
                },
                "column": {
                  "name": "AcceptedCmp4",
                  "type": "CONTINUOUS"
                },
                "id": "4LRCCWZ"
              }
            ],
            "id": "nniEYB7"
          },
          {
            "type": "column_card",
            "column": {
              "name": "AcceptedCmp5",
              "type": "CONTINUOUS"
            },
            "cards": [
              {
                "type": "univariate_summary",
                "confidenceLevel": 0.95,
                "showConfidenceInterval": false,
                "compute": {
                  "totalCount": true,
                  "mean": true,
                  "sum": false,
                  "median": true,
                  "std": true,
                  "variance": false,
                  "skewness": false,
                  "kurtosis": false,
                  "sem": false,
                  "completeCount": true,
                  "nbEmpty": true,
                  "zeroCount": false,
                  "zeroRatio": false,
                  "nonZeroRatio": false,
                  "iqr": false,
                  "distinctCount": true,
                  "nbNonEmpty": false,
                  "min": true,
                  "max": true,
                  "range": false,
                  "mode": true
                },
                "column": {
                  "name": "AcceptedCmp5",
                  "type": "CONTINUOUS"
                },
                "id": "N0UJjnc"
              }
            ],
            "id": "a8h13j4"
          },
          {
            "type": "column_card",
            "column": {
              "name": "AcceptedCmp1",
              "type": "CONTINUOUS"
            },
            "cards": [
              {
                "type": "univariate_summary",
                "confidenceLevel": 0.95,
                "showConfidenceInterval": false,
                "compute": {
                  "totalCount": true,
                  "mean": true,
                  "sum": false,
                  "median": true,
                  "std": true,
                  "variance": false,
                  "skewness": false,
                  "kurtosis": false,
                  "sem": false,
                  "completeCount": true,
                  "nbEmpty": true,
                  "zeroCount": false,
                  "zeroRatio": false,
                  "nonZeroRatio": false,
                  "iqr": false,
                  "distinctCount": true,
                  "nbNonEmpty": false,
                  "min": true,
                  "max": true,
                  "range": false,
                  "mode": true
                },
                "column": {
                  "name": "AcceptedCmp1",
                  "type": "CONTINUOUS"
                },
                "id": "S5AApBu"
              }
            ],
            "id": "FRR1Om2"
          },
          {
            "type": "column_card",
            "column": {
              "name": "AcceptedCmp2",
              "type": "CONTINUOUS"
            },
            "cards": [
              {
                "type": "univariate_summary",
                "confidenceLevel": 0.95,
                "showConfidenceInterval": false,
                "compute": {
                  "totalCount": true,
                  "mean": true,
                  "sum": false,
                  "median": true,
                  "std": true,
                  "variance": false,
                  "skewness": false,
                  "kurtosis": false,
                  "sem": false,
                  "completeCount": true,
                  "nbEmpty": true,
                  "zeroCount": false,
                  "zeroRatio": false,
                  "nonZeroRatio": false,
                  "iqr": false,
                  "distinctCount": true,
                  "nbNonEmpty": false,
                  "min": true,
                  "max": true,
                  "range": false,
                  "mode": true
                },
                "column": {
                  "name": "AcceptedCmp2",
                  "type": "CONTINUOUS"
                },
                "id": "g44sgUb"
              }
            ],
            "id": "VnF1l0N"
          },
          {
            "type": "column_card",
            "column": {
              "name": "Total Accepted Cmp",
              "type": "CONTINUOUS"
            },
            "cards": [
              {
                "type": "univariate_summary",
                "confidenceLevel": 0.95,
                "showConfidenceInterval": false,
                "compute": {
                  "totalCount": true,
                  "mean": true,
                  "sum": false,
                  "median": true,
                  "std": true,
                  "variance": false,
                  "skewness": false,
                  "kurtosis": false,
                  "sem": false,
                  "completeCount": true,
                  "nbEmpty": true,
                  "zeroCount": false,
                  "zeroRatio": false,
                  "nonZeroRatio": false,
                  "iqr": false,
                  "distinctCount": true,
                  "nbNonEmpty": false,
                  "min": true,
                  "max": true,
                  "range": false,
                  "mode": true
                },
                "column": {
                  "name": "Total Accepted Cmp",
                  "type": "CONTINUOUS"
                },
                "id": "GIYgxEf"
              }
            ],
            "id": "5jc9Bpb"
          },
          {
            "type": "column_card",
            "column": {
              "name": "Complain",
              "type": "CONTINUOUS"
            },
            "cards": [
              {
                "type": "univariate_summary",
                "confidenceLevel": 0.95,
                "showConfidenceInterval": false,
                "compute": {
                  "totalCount": true,
                  "mean": true,
                  "sum": false,
                  "median": true,
                  "std": true,
                  "variance": false,
                  "skewness": false,
                  "kurtosis": false,
                  "sem": false,
                  "completeCount": true,
                  "nbEmpty": true,
                  "zeroCount": false,
                  "zeroRatio": false,
                  "nonZeroRatio": false,
                  "iqr": false,
                  "distinctCount": true,
                  "nbNonEmpty": false,
                  "min": true,
                  "max": true,
                  "range": false,
                  "mode": true
                },
                "column": {
                  "name": "Complain",
                  "type": "CONTINUOUS"
                },
                "id": "zCZr7Sf"
              }
            ],
            "id": "bAC62zp"
          },
          {
            "type": "column_card",
            "column": {
              "name": "Response",
              "type": "CONTINUOUS"
            },
            "cards": [
              {
                "type": "univariate_summary",
                "confidenceLevel": 0.95,
                "showConfidenceInterval": false,
                "compute": {
                  "totalCount": true,
                  "mean": true,
                  "sum": false,
                  "median": true,
                  "std": true,
                  "variance": false,
                  "skewness": false,
                  "kurtosis": false,
                  "sem": false,
                  "completeCount": true,
                  "nbEmpty": true,
                  "zeroCount": false,
                  "zeroRatio": false,
                  "nonZeroRatio": false,
                  "iqr": false,
                  "distinctCount": true,
                  "nbNonEmpty": false,
                  "min": true,
                  "max": true,
                  "range": false,
                  "mode": true
                },
                "column": {
                  "name": "Response",
                  "type": "CONTINUOUS"
                },
                "id": "tEGeaui"
              }
            ],
            "id": "PwbElky"
          }
        ],
        "id": "SdILm58"
      },
      {
        "type": "bivariate_header",
        "yColumn": {
          "name": "Expenses",
          "type": "CONTINUOUS"
        },
        "showMosaicPlot": true,
        "showHistogram": true,
        "showScatterPlot": true,
        "showFrequencyTable": true,
        "showBoxPlot": true,
        "showSummary": true,
        "xColumns": [
          {
            "name": "MntWines",
            "type": "CONTINUOUS"
          },
          {
            "name": "MntFruits",
            "type": "CONTINUOUS"
          },
          {
            "name": "MntMeatProducts",
            "type": "CONTINUOUS"
          },
          {
            "name": "MntFishProducts",
            "type": "CONTINUOUS"
          },
          {
            "name": "MntSweetProducts",
            "type": "CONTINUOUS"
          },
          {
            "name": "MntGoldProds",
            "type": "CONTINUOUS"
          }
        ],
        "cards": [
          {
            "type": "column_card",
            "column": {
              "name": "MntWines",
              "type": "CONTINUOUS"
            },
            "cards": [
              {
                "type": "scatter_plot",
                "symbolSize": 4,
                "xColumn": {
                  "name": "MntWines",
                  "type": "CONTINUOUS"
                },
                "yColumn": {
                  "name": "Expenses",
                  "type": "CONTINUOUS"
                },
                "id": "NJm2dAD"
              },
              {
                "type": "bivariate_box_plot",
                "maxValues": 5,
                "groupOthers": true,
                "binningMode": "AUTO",
                "customBinningBoundaries": [],
                "xColumn": {
                  "name": "MntWines",
                  "type": "CONTINUOUS"
                },
                "yColumn": {
                  "name": "Expenses",
                  "type": "CONTINUOUS"
                },
                "id": "JsXSygf"
              },
              {
                "type": "bivariate_histogram",
                "xBinningMode": "AUTO",
                "yBinningMode": "AUTO",
                "maxValuesX": 5,
                "maxValuesY": 5,
                "groupWithOthersX": true,
                "groupWithOthersY": true,
                "xCustomBinningBoundaries": [],
                "yCustomBinningBoundaries": [],
                "xColumn": {
                  "name": "MntWines",
                  "type": "CONTINUOUS"
                },
                "yColumn": {
                  "name": "Expenses",
                  "type": "CONTINUOUS"
                },
                "id": "uWvJgBp"
              },
              {
                "type": "mosaic_plot",
                "xBinningMode": "AUTO",
                "yBinningMode": "AUTO",
                "maxValuesX": 5,
                "maxValuesY": 5,
                "groupWithOthersX": true,
                "groupWithOthersY": true,
                "xCustomBinningBoundaries": [],
                "yCustomBinningBoundaries": [],
                "xColumn": {
                  "name": "MntWines",
                  "type": "CONTINUOUS"
                },
                "yColumn": {
                  "name": "Expenses",
                  "type": "CONTINUOUS"
                },
                "id": "txrRg5z"
              },
              {
                "type": "bivariate_summary",
                "confidenceLevel": 0.95,
                "showConfidenceInterval": false,
                "compute": {
                  "spearman": true,
                  "pearson": true,
                  "totalCount": true,
                  "covariance": true,
                  "kendallTau": true,
                  "mutualInformation": true,
                  "completeCount": true
                },
                "xColumn": {
                  "name": "MntWines",
                  "type": "CONTINUOUS"
                },
                "yColumn": {
                  "name": "Expenses",
                  "type": "CONTINUOUS"
                },
                "id": "5HeEhgV"
              },
              {
                "type": "bivariate_frequency_table",
                "xBinningMode": "AUTO",
                "yBinningMode": "AUTO",
                "maxValuesX": 5,
                "maxValuesY": 5,
                "groupWithOthersX": true,
                "groupWithOthersY": true,
                "xCustomBinningBoundaries": [],
                "yCustomBinningBoundaries": [],
                "xColumn": {
                  "name": "MntWines",
                  "type": "CONTINUOUS"
                },
                "yColumn": {
                  "name": "Expenses",
                  "type": "CONTINUOUS"
                },
                "id": "Rvr2HmH"
              }
            ],
            "id": "1uI6zI1"
          },
          {
            "type": "column_card",
            "column": {
              "name": "MntFruits",
              "type": "CONTINUOUS"
            },
            "cards": [
              {
                "type": "scatter_plot",
                "symbolSize": 4,
                "xColumn": {
                  "name": "MntFruits",
                  "type": "CONTINUOUS"
                },
                "yColumn": {
                  "name": "Expenses",
                  "type": "CONTINUOUS"
                },
                "id": "FkwjCHL"
              },
              {
                "type": "bivariate_box_plot",
                "maxValues": 5,
                "groupOthers": true,
                "binningMode": "AUTO",
                "customBinningBoundaries": [],
                "xColumn": {
                  "name": "MntFruits",
                  "type": "CONTINUOUS"
                },
                "yColumn": {
                  "name": "Expenses",
                  "type": "CONTINUOUS"
                },
                "id": "b6Q3qAX"
              },
              {
                "type": "bivariate_histogram",
                "xBinningMode": "AUTO",
                "yBinningMode": "AUTO",
                "maxValuesX": 5,
                "maxValuesY": 5,
                "groupWithOthersX": true,
                "groupWithOthersY": true,
                "xCustomBinningBoundaries": [],
                "yCustomBinningBoundaries": [],
                "xColumn": {
                  "name": "MntFruits",
                  "type": "CONTINUOUS"
                },
                "yColumn": {
                  "name": "Expenses",
                  "type": "CONTINUOUS"
                },
                "id": "oBosXNP"
              },
              {
                "type": "mosaic_plot",
                "xBinningMode": "AUTO",
                "yBinningMode": "AUTO",
                "maxValuesX": 5,
                "maxValuesY": 5,
                "groupWithOthersX": true,
                "groupWithOthersY": true,
                "xCustomBinningBoundaries": [],
                "yCustomBinningBoundaries": [],
                "xColumn": {
                  "name": "MntFruits",
                  "type": "CONTINUOUS"
                },
                "yColumn": {
                  "name": "Expenses",
                  "type": "CONTINUOUS"
                },
                "id": "YM0ptCI"
              },
              {
                "type": "bivariate_summary",
                "confidenceLevel": 0.95,
                "showConfidenceInterval": false,
                "compute": {
                  "spearman": true,
                  "pearson": true,
                  "totalCount": true,
                  "covariance": true,
                  "kendallTau": true,
                  "mutualInformation": true,
                  "completeCount": true
                },
                "xColumn": {
                  "name": "MntFruits",
                  "type": "CONTINUOUS"
                },
                "yColumn": {
                  "name": "Expenses",
                  "type": "CONTINUOUS"
                },
                "id": "0SvzndS"
              },
              {
                "type": "bivariate_frequency_table",
                "xBinningMode": "AUTO",
                "yBinningMode": "AUTO",
                "maxValuesX": 5,
                "maxValuesY": 5,
                "groupWithOthersX": true,
                "groupWithOthersY": true,
                "xCustomBinningBoundaries": [],
                "yCustomBinningBoundaries": [],
                "xColumn": {
                  "name": "MntFruits",
                  "type": "CONTINUOUS"
                },
                "yColumn": {
                  "name": "Expenses",
                  "type": "CONTINUOUS"
                },
                "id": "DCRajf2"
              }
            ],
            "id": "pfxdxji"
          },
          {
            "type": "column_card",
            "column": {
              "name": "MntMeatProducts",
              "type": "CONTINUOUS"
            },
            "cards": [
              {
                "type": "scatter_plot",
                "symbolSize": 4,
                "xColumn": {
                  "name": "MntMeatProducts",
                  "type": "CONTINUOUS"
                },
                "yColumn": {
                  "name": "Expenses",
                  "type": "CONTINUOUS"
                },
                "id": "Zcas8gF"
              },
              {
                "type": "bivariate_box_plot",
                "maxValues": 5,
                "groupOthers": true,
                "binningMode": "AUTO",
                "customBinningBoundaries": [],
                "xColumn": {
                  "name": "MntMeatProducts",
                  "type": "CONTINUOUS"
                },
                "yColumn": {
                  "name": "Expenses",
                  "type": "CONTINUOUS"
                },
                "id": "aJnKFh7"
              },
              {
                "type": "bivariate_histogram",
                "xBinningMode": "AUTO",
                "yBinningMode": "AUTO",
                "maxValuesX": 5,
                "maxValuesY": 5,
                "groupWithOthersX": true,
                "groupWithOthersY": true,
                "xCustomBinningBoundaries": [],
                "yCustomBinningBoundaries": [],
                "xColumn": {
                  "name": "MntMeatProducts",
                  "type": "CONTINUOUS"
                },
                "yColumn": {
                  "name": "Expenses",
                  "type": "CONTINUOUS"
                },
                "id": "qiDHGhH"
              },
              {
                "type": "mosaic_plot",
                "xBinningMode": "AUTO",
                "yBinningMode": "AUTO",
                "maxValuesX": 5,
                "maxValuesY": 5,
                "groupWithOthersX": true,
                "groupWithOthersY": true,
                "xCustomBinningBoundaries": [],
                "yCustomBinningBoundaries": [],
                "xColumn": {
                  "name": "MntMeatProducts",
                  "type": "CONTINUOUS"
                },
                "yColumn": {
                  "name": "Expenses",
                  "type": "CONTINUOUS"
                },
                "id": "zK3VvBO"
              },
              {
                "type": "bivariate_summary",
                "confidenceLevel": 0.95,
                "showConfidenceInterval": false,
                "compute": {
                  "spearman": true,
                  "pearson": true,
                  "totalCount": true,
                  "covariance": true,
                  "kendallTau": true,
                  "mutualInformation": true,
                  "completeCount": true
                },
                "xColumn": {
                  "name": "MntMeatProducts",
                  "type": "CONTINUOUS"
                },
                "yColumn": {
                  "name": "Expenses",
                  "type": "CONTINUOUS"
                },
                "id": "ks2HzNu"
              },
              {
                "type": "bivariate_frequency_table",
                "xBinningMode": "AUTO",
                "yBinningMode": "AUTO",
                "maxValuesX": 5,
                "maxValuesY": 5,
                "groupWithOthersX": true,
                "groupWithOthersY": true,
                "xCustomBinningBoundaries": [],
                "yCustomBinningBoundaries": [],
                "xColumn": {
                  "name": "MntMeatProducts",
                  "type": "CONTINUOUS"
                },
                "yColumn": {
                  "name": "Expenses",
                  "type": "CONTINUOUS"
                },
                "id": "SYb7UyD"
              }
            ],
            "id": "QOGHeK8"
          },
          {
            "type": "column_card",
            "column": {
              "name": "MntFishProducts",
              "type": "CONTINUOUS"
            },
            "cards": [
              {
                "type": "scatter_plot",
                "symbolSize": 4,
                "xColumn": {
                  "name": "MntFishProducts",
                  "type": "CONTINUOUS"
                },
                "yColumn": {
                  "name": "Expenses",
                  "type": "CONTINUOUS"
                },
                "id": "QsjIUYj"
              },
              {
                "type": "bivariate_box_plot",
                "maxValues": 5,
                "groupOthers": true,
                "binningMode": "AUTO",
                "customBinningBoundaries": [],
                "xColumn": {
                  "name": "MntFishProducts",
                  "type": "CONTINUOUS"
                },
                "yColumn": {
                  "name": "Expenses",
                  "type": "CONTINUOUS"
                },
                "id": "oHR7VEM"
              },
              {
                "type": "bivariate_histogram",
                "xBinningMode": "AUTO",
                "yBinningMode": "AUTO",
                "maxValuesX": 5,
                "maxValuesY": 5,
                "groupWithOthersX": true,
                "groupWithOthersY": true,
                "xCustomBinningBoundaries": [],
                "yCustomBinningBoundaries": [],
                "xColumn": {
                  "name": "MntFishProducts",
                  "type": "CONTINUOUS"
                },
                "yColumn": {
                  "name": "Expenses",
                  "type": "CONTINUOUS"
                },
                "id": "NXYdb3S"
              },
              {
                "type": "mosaic_plot",
                "xBinningMode": "AUTO",
                "yBinningMode": "AUTO",
                "maxValuesX": 5,
                "maxValuesY": 5,
                "groupWithOthersX": true,
                "groupWithOthersY": true,
                "xCustomBinningBoundaries": [],
                "yCustomBinningBoundaries": [],
                "xColumn": {
                  "name": "MntFishProducts",
                  "type": "CONTINUOUS"
                },
                "yColumn": {
                  "name": "Expenses",
                  "type": "CONTINUOUS"
                },
                "id": "mh4e7iN"
              },
              {
                "type": "bivariate_summary",
                "confidenceLevel": 0.95,
                "showConfidenceInterval": false,
                "compute": {
                  "spearman": true,
                  "pearson": true,
                  "totalCount": true,
                  "covariance": true,
                  "kendallTau": true,
                  "mutualInformation": true,
                  "completeCount": true
                },
                "xColumn": {
                  "name": "MntFishProducts",
                  "type": "CONTINUOUS"
                },
                "yColumn": {
                  "name": "Expenses",
                  "type": "CONTINUOUS"
                },
                "id": "rKD9W9c"
              },
              {
                "type": "bivariate_frequency_table",
                "xBinningMode": "AUTO",
                "yBinningMode": "AUTO",
                "maxValuesX": 5,
                "maxValuesY": 5,
                "groupWithOthersX": true,
                "groupWithOthersY": true,
                "xCustomBinningBoundaries": [],
                "yCustomBinningBoundaries": [],
                "xColumn": {
                  "name": "MntFishProducts",
                  "type": "CONTINUOUS"
                },
                "yColumn": {
                  "name": "Expenses",
                  "type": "CONTINUOUS"
                },
                "id": "FUw0DXw"
              }
            ],
            "id": "p5x0RPZ"
          },
          {
            "type": "column_card",
            "column": {
              "name": "MntSweetProducts",
              "type": "CONTINUOUS"
            },
            "cards": [
              {
                "type": "scatter_plot",
                "symbolSize": 4,
                "xColumn": {
                  "name": "MntSweetProducts",
                  "type": "CONTINUOUS"
                },
                "yColumn": {
                  "name": "Expenses",
                  "type": "CONTINUOUS"
                },
                "id": "Qame8xV"
              },
              {
                "type": "bivariate_box_plot",
                "maxValues": 5,
                "groupOthers": true,
                "binningMode": "AUTO",
                "customBinningBoundaries": [],
                "xColumn": {
                  "name": "MntSweetProducts",
                  "type": "CONTINUOUS"
                },
                "yColumn": {
                  "name": "Expenses",
                  "type": "CONTINUOUS"
                },
                "id": "VDJeZHn"
              },
              {
                "type": "bivariate_histogram",
                "xBinningMode": "AUTO",
                "yBinningMode": "AUTO",
                "maxValuesX": 5,
                "maxValuesY": 5,
                "groupWithOthersX": true,
                "groupWithOthersY": true,
                "xCustomBinningBoundaries": [],
                "yCustomBinningBoundaries": [],
                "xColumn": {
                  "name": "MntSweetProducts",
                  "type": "CONTINUOUS"
                },
                "yColumn": {
                  "name": "Expenses",
                  "type": "CONTINUOUS"
                },
                "id": "MOxEI09"
              },
              {
                "type": "mosaic_plot",
                "xBinningMode": "AUTO",
                "yBinningMode": "AUTO",
                "maxValuesX": 5,
                "maxValuesY": 5,
                "groupWithOthersX": true,
                "groupWithOthersY": true,
                "xCustomBinningBoundaries": [],
                "yCustomBinningBoundaries": [],
                "xColumn": {
                  "name": "MntSweetProducts",
                  "type": "CONTINUOUS"
                },
                "yColumn": {
                  "name": "Expenses",
                  "type": "CONTINUOUS"
                },
                "id": "ETKAnc8"
              },
              {
                "type": "bivariate_summary",
                "confidenceLevel": 0.95,
                "showConfidenceInterval": false,
                "compute": {
                  "spearman": true,
                  "pearson": true,
                  "totalCount": true,
                  "covariance": true,
                  "kendallTau": true,
                  "mutualInformation": true,
                  "completeCount": true
                },
                "xColumn": {
                  "name": "MntSweetProducts",
                  "type": "CONTINUOUS"
                },
                "yColumn": {
                  "name": "Expenses",
                  "type": "CONTINUOUS"
                },
                "id": "RPKmhkE"
              },
              {
                "type": "bivariate_frequency_table",
                "xBinningMode": "AUTO",
                "yBinningMode": "AUTO",
                "maxValuesX": 5,
                "maxValuesY": 5,
                "groupWithOthersX": true,
                "groupWithOthersY": true,
                "xCustomBinningBoundaries": [],
                "yCustomBinningBoundaries": [],
                "xColumn": {
                  "name": "MntSweetProducts",
                  "type": "CONTINUOUS"
                },
                "yColumn": {
                  "name": "Expenses",
                  "type": "CONTINUOUS"
                },
                "id": "0tzxLep"
              }
            ],
            "id": "39L9S5T"
          },
          {
            "type": "column_card",
            "column": {
              "name": "MntGoldProds",
              "type": "CONTINUOUS"
            },
            "cards": [
              {
                "type": "scatter_plot",
                "symbolSize": 4,
                "xColumn": {
                  "name": "MntGoldProds",
                  "type": "CONTINUOUS"
                },
                "yColumn": {
                  "name": "Expenses",
                  "type": "CONTINUOUS"
                },
                "id": "cL0fNcL"
              },
              {
                "type": "bivariate_box_plot",
                "maxValues": 5,
                "groupOthers": true,
                "binningMode": "AUTO",
                "customBinningBoundaries": [],
                "xColumn": {
                  "name": "MntGoldProds",
                  "type": "CONTINUOUS"
                },
                "yColumn": {
                  "name": "Expenses",
                  "type": "CONTINUOUS"
                },
                "id": "QB1VLKs"
              },
              {
                "type": "bivariate_histogram",
                "xBinningMode": "AUTO",
                "yBinningMode": "AUTO",
                "maxValuesX": 5,
                "maxValuesY": 5,
                "groupWithOthersX": true,
                "groupWithOthersY": true,
                "xCustomBinningBoundaries": [],
                "yCustomBinningBoundaries": [],
                "xColumn": {
                  "name": "MntGoldProds",
                  "type": "CONTINUOUS"
                },
                "yColumn": {
                  "name": "Expenses",
                  "type": "CONTINUOUS"
                },
                "id": "GkS6zzj"
              },
              {
                "type": "mosaic_plot",
                "xBinningMode": "AUTO",
                "yBinningMode": "AUTO",
                "maxValuesX": 5,
                "maxValuesY": 5,
                "groupWithOthersX": true,
                "groupWithOthersY": true,
                "xCustomBinningBoundaries": [],
                "yCustomBinningBoundaries": [],
                "xColumn": {
                  "name": "MntGoldProds",
                  "type": "CONTINUOUS"
                },
                "yColumn": {
                  "name": "Expenses",
                  "type": "CONTINUOUS"
                },
                "id": "EpQWyKj"
              },
              {
                "type": "bivariate_summary",
                "confidenceLevel": 0.95,
                "showConfidenceInterval": false,
                "compute": {
                  "spearman": true,
                  "pearson": true,
                  "totalCount": true,
                  "covariance": true,
                  "kendallTau": true,
                  "mutualInformation": true,
                  "completeCount": true
                },
                "xColumn": {
                  "name": "MntGoldProds",
                  "type": "CONTINUOUS"
                },
                "yColumn": {
                  "name": "Expenses",
                  "type": "CONTINUOUS"
                },
                "id": "wVWzchD"
              },
              {
                "type": "bivariate_frequency_table",
                "xBinningMode": "AUTO",
                "yBinningMode": "AUTO",
                "maxValuesX": 5,
                "maxValuesY": 5,
                "groupWithOthersX": true,
                "groupWithOthersY": true,
                "xCustomBinningBoundaries": [],
                "yCustomBinningBoundaries": [],
                "xColumn": {
                  "name": "MntGoldProds",
                  "type": "CONTINUOUS"
                },
                "yColumn": {
                  "name": "Expenses",
                  "type": "CONTINUOUS"
                },
                "id": "l2PEdXn"
              }
            ],
            "id": "V2dY6Ly"
          }
        ],
        "id": "pxy7cSy"
      }
    ],
    "id": "GXNZyxT"
  },
  "name": "Worksheet",
  "versionTag": {
    "versionNumber": 35,
    "lastModifiedBy": {
      "login": "admin"
    },
    "lastModifiedOn": 1676883303663
  },
  "creationTag": {
    "versionNumber": 0,
    "lastModifiedBy": {
      "login": "admin"
    },
    "lastModifiedOn": 1673152112847
  },
  "tags": [],
  "customFields": {},
  "checklists": {
    "checklists": []
  }
}