{
    "startedAt": 1683018623599,
    "gridSize": 24,
    "nThreads": 4,
    "nSplits": 5,
    "metric": "ROC_AUC",
    "timeout": null,
    "gridPoints": [
        {
            "finishedAt": 1683018625178,
            "score": 0.8926883309835817,
            "testScoreGibMean": 0.8926883309835817,
            "testScoreMean": 0.8926883309835817,
            "testScoreStd": 0.006198931709147117,
            "trainScoreMean": 0.9643409029293791,
            "trainScoreStd": 0.0014425261919452084,
            "time": 3648,
            "fitTimeMean": 591.2,
            "fitTimeStd": 83.28121036584423,
            "scoreTimeMean": 138.4,
            "scoreTimeStd": 118.35134135277048,
            "parameters": {
                "criterion": "entropy",
                "max_depth": 10,
                "min_samples_leaf": 9,
                "splitter": "best"
            }
        },
        {
            "finishedAt": 1683018628200,
            "score": 0.8871402943694717,
            "testScoreGibMean": 0.8871402943694717,
            "testScoreMean": 0.8871402943694717,
            "testScoreStd": 0.004173129227434095,
            "trainScoreMean": 0.9656572288023286,
            "trainScoreStd": 0.0017060170467837871,
            "time": 7136,
            "fitTimeMean": 1128.8,
            "fitTimeStd": 713.0465342458373,
            "scoreTimeMean": 298.4,
            "scoreTimeStd": 233.15110979791623,
            "parameters": {
                "criterion": "entropy",
                "max_depth": 10,
                "min_samples_leaf": 8,
                "splitter": "best"
            }
        },
        {
            "finishedAt": 1683018629258,
            "score": 0.9249764279486825,
            "testScoreGibMean": 0.9249764279486825,
            "testScoreMean": 0.9249764279486825,
            "testScoreStd": 0.0055281163646836474,
            "trainScoreMean": 0.9363132481231904,
            "trainScoreStd": 0.001176274712218782,
            "time": 9101,
            "fitTimeMean": 1253.0,
            "fitTimeStd": 464.958492771129,
            "scoreTimeMean": 567.2,
            "scoreTimeStd": 202.27446699966853,
            "parameters": {
                "criterion": "entropy",
                "max_depth": 5,
                "min_samples_leaf": 19,
                "splitter": "best"
            }
        },
        {
            "finishedAt": 1683018632276,
            "score": 0.9242204958523784,
            "testScoreGibMean": 0.9242204958523784,
            "testScoreMean": 0.9242204958523784,
            "testScoreStd": 0.005163035727710847,
            "trainScoreMean": 0.9364411505123604,
            "trainScoreStd": 0.0011987344022696752,
            "time": 10075,
            "fitTimeMean": 1499.4,
            "fitTimeStd": 372.1626526130745,
            "scoreTimeMean": 515.6,
            "scoreTimeStd": 125.26707468445171,
            "parameters": {
                "criterion": "entropy",
                "max_depth": 5,
                "min_samples_leaf": 9,
                "splitter": "best"
            }
        },
        {
            "finishedAt": 1683018633677,
            "score": 0.9218788356192421,
            "testScoreGibMean": 0.9218788356192421,
            "testScoreMean": 0.9218788356192421,
            "testScoreStd": 0.0040524727368009385,
            "trainScoreMean": 0.9288396062062163,
            "trainScoreStd": 0.0013457244032315902,
            "time": 5631,
            "fitTimeMean": 842.4,
            "fitTimeStd": 148.55113597680767,
            "scoreTimeMean": 283.8,
            "scoreTimeStd": 150.06585221162075,
            "parameters": {
                "criterion": "entropy",
                "max_depth": 4,
                "min_samples_leaf": 7,
                "splitter": "best"
            }
        },
        {
            "finishedAt": 1683018635526,
            "score": 0.8678924637175497,
            "testScoreGibMean": 0.8678924637175497,
            "testScoreMean": 0.8678924637175497,
            "testScoreStd": 0.015071744385886671,
            "trainScoreMean": 0.9655178373656205,
            "trainScoreStd": 0.001661016051095885,
            "time": 7176,
            "fitTimeMean": 1243.8,
            "fitTimeStd": 235.57538071708595,
            "scoreTimeMean": 191.4,
            "scoreTimeStd": 85.15773599620883,
            "parameters": {
                "criterion": "entropy",
                "max_depth": 9,
                "min_samples_leaf": 2,
                "splitter": "best"
            }
        },
        {
            "finishedAt": 1683018637310,
            "score": 0.9184720932126051,
            "testScoreGibMean": 0.9184720932126051,
            "testScoreMean": 0.9184720932126051,
            "testScoreStd": 0.005172147788859444,
            "trainScoreMean": 0.9437921213111923,
            "trainScoreStd": 0.0005474639450404708,
            "time": 5534,
            "fitTimeMean": 876.2,
            "fitTimeStd": 339.05952279798896,
            "scoreTimeMean": 230.6,
            "scoreTimeStd": 36.04219749127403,
            "parameters": {
                "criterion": "entropy",
                "max_depth": 6,
                "min_samples_leaf": 7,
                "splitter": "best"
            }
        },
        {
            "finishedAt": 1683018638995,
            "score": 0.9147893067418413,
            "testScoreGibMean": 0.9147893067418413,
            "testScoreMean": 0.9147893067418413,
            "testScoreStd": 0.0026482491696311725,
            "trainScoreMean": 0.9540724209933361,
            "trainScoreStd": 0.0012523622509052347,
            "time": 6504,
            "fitTimeMean": 1120.2,
            "fitTimeStd": 241.53376575543223,
            "scoreTimeMean": 180.6,
            "scoreTimeStd": 123.47728536050668,
            "parameters": {
                "criterion": "entropy",
                "max_depth": 9,
                "min_samples_leaf": 19,
                "splitter": "best"
            }
        },
        {
            "finishedAt": 1683018639646,
            "score": 0.924686146291061,
            "testScoreGibMean": 0.924686146291061,
            "testScoreMean": 0.924686146291061,
            "testScoreStd": 0.005300604675605087,
            "trainScoreMean": 0.9363803268451866,
            "trainScoreStd": 0.0011831492737310225,
            "time": 3638,
            "fitTimeMean": 498.0,
            "fitTimeStd": 68.83313155741209,
            "scoreTimeMean": 229.6,
            "scoreTimeStd": 132.8647432541831,
            "parameters": {
                "criterion": "entropy",
                "max_depth": 5,
                "min_samples_leaf": 10,
                "splitter": "best"
            }
        },
        {
            "finishedAt": 1683018640172,
            "score": 0.9148110037540458,
            "testScoreGibMean": 0.9148110037540458,
            "testScoreMean": 0.9148110037540458,
            "testScoreStd": 0.0039793400070339486,
            "trainScoreMean": 0.9175978564839757,
            "trainScoreStd": 0.0016184853188403218,
            "time": 2147,
            "fitTimeMean": 312.4,
            "fitTimeStd": 82.11845103263943,
            "scoreTimeMean": 117.0,
            "scoreTimeStd": 58.09302884167773,
            "parameters": {
                "criterion": "entropy",
                "max_depth": 3,
                "min_samples_leaf": 12,
                "splitter": "best"
            }
        },
        {
            "finishedAt": 1683018641132,
            "score": 0.9222797906967262,
            "testScoreGibMean": 0.9222797906967262,
            "testScoreMean": 0.9222797906967262,
            "testScoreStd": 0.0045328874182869,
            "trainScoreMean": 0.9288227575550932,
            "trainScoreStd": 0.0013626527786072726,
            "time": 2621,
            "fitTimeMean": 369.8,
            "fitTimeStd": 50.613832101511534,
            "scoreTimeMean": 154.4,
            "scoreTimeStd": 68.47072367077772,
            "parameters": {
                "criterion": "entropy",
                "max_depth": 4,
                "min_samples_leaf": 20,
                "splitter": "best"
            }
        },
        {
            "finishedAt": 1683018641994,
            "score": 0.914383785317647,
            "testScoreGibMean": 0.914383785317647,
            "testScoreMean": 0.914383785317647,
            "testScoreStd": 0.0041032793925765846,
            "trainScoreMean": 0.9546296779617557,
            "trainScoreStd": 0.0013846368239518166,
            "time": 2976,
            "fitTimeMean": 508.4,
            "fitTimeStd": 46.23678189493728,
            "scoreTimeMean": 86.8,
            "scoreTimeStd": 54.59450521801622,
            "parameters": {
                "criterion": "entropy",
                "max_depth": 9,
                "min_samples_leaf": 18,
                "splitter": "best"
            }
        },
        {
            "finishedAt": 1683018642711,
            "score": 0.9110493446882842,
            "testScoreGibMean": 0.9110493446882842,
            "testScoreMean": 0.9110493446882842,
            "testScoreStd": 0.004204833720985524,
            "trainScoreMean": 0.956044468935769,
            "trainScoreStd": 0.0015878000077389606,
            "time": 3024,
            "fitTimeMean": 427.8,
            "fitTimeStd": 75.22871792075152,
            "scoreTimeMean": 177.0,
            "scoreTimeStd": 69.81976797440679,
            "parameters": {
                "criterion": "entropy",
                "max_depth": 10,
                "min_samples_leaf": 20,
                "splitter": "best"
            }
        },
        {
            "finishedAt": 1683018643359,
            "score": 0.9218788356192421,
            "testScoreGibMean": 0.9218788356192421,
            "testScoreMean": 0.9218788356192421,
            "testScoreStd": 0.0040524727368009385,
            "trainScoreMean": 0.9288396062062163,
            "trainScoreStd": 0.0013457244032315902,
            "time": 2612,
            "fitTimeMean": 348.6,
            "fitTimeStd": 129.8346640924526,
            "scoreTimeMean": 173.8,
            "scoreTimeStd": 111.95606281037217,
            "parameters": {
                "criterion": "entropy",
                "max_depth": 4,
                "min_samples_leaf": 4,
                "splitter": "best"
            }
        },
        {
            "finishedAt": 1683018645516,
            "score": 0.9108374646093981,
            "testScoreGibMean": 0.9108374646093981,
            "testScoreMean": 0.9108374646093981,
            "testScoreStd": 0.004866932866192371,
            "trainScoreMean": 0.9495476647588389,
            "trainScoreStd": 0.0006597371763085725,
            "time": 5771,
            "fitTimeMean": 821.2,
            "fitTimeStd": 170.54430509401362,
            "scoreTimeMean": 333.0,
            "scoreTimeStd": 255.92577048824137,
            "parameters": {
                "criterion": "entropy",
                "max_depth": 7,
                "min_samples_leaf": 9,
                "splitter": "best"
            }
        },
        {
            "finishedAt": 1683018646521,
            "score": 0.9148110037540458,
            "testScoreGibMean": 0.9148110037540458,
            "testScoreMean": 0.9148110037540458,
            "testScoreStd": 0.0039793400070339486,
            "trainScoreMean": 0.9175978564839757,
            "trainScoreStd": 0.0016184853188403218,
            "time": 4303,
            "fitTimeMean": 446.2,
            "fitTimeStd": 277.31238702950145,
            "scoreTimeMean": 414.4,
            "scoreTimeStd": 338.1364221730631,
            "parameters": {
                "criterion": "entropy",
                "max_depth": 3,
                "min_samples_leaf": 8,
                "splitter": "best"
            }
        },
        {
            "finishedAt": 1683018649577,
            "score": 0.8999835591177032,
            "testScoreGibMean": 0.8999835591177032,
            "testScoreMean": 0.8999835591177032,
            "testScoreStd": 0.00700795248692459,
            "trainScoreMean": 0.9511972610143141,
            "trainScoreStd": 0.0008789574040942161,
            "time": 9112,
            "fitTimeMean": 1381.0,
            "fitTimeStd": 217.05298892206022,
            "scoreTimeMean": 441.4,
            "scoreTimeStd": 168.0245220198528,
            "parameters": {
                "criterion": "entropy",
                "max_depth": 7,
                "min_samples_leaf": 2,
                "splitter": "best"
            }
        },
        {
            "finishedAt": 1683018651459,
            "score": 0.9087197624646356,
            "testScoreGibMean": 0.9087197624646356,
            "testScoreMean": 0.9087197624646356,
            "testScoreStd": 0.006002544064265234,
            "trainScoreMean": 0.9500101832573045,
            "trainScoreStd": 0.0007966262645305028,
            "time": 8415,
            "fitTimeMean": 1332.4,
            "fitTimeStd": 132.4365508460561,
            "scoreTimeMean": 350.6,
            "scoreTimeStd": 226.5503034648155,
            "parameters": {
                "criterion": "entropy",
                "max_depth": 7,
                "min_samples_leaf": 7,
                "splitter": "best"
            }
        },
        {
            "finishedAt": 1683018652493,
            "score": 0.918174277731845,
            "testScoreGibMean": 0.918174277731845,
            "testScoreMean": 0.918174277731845,
            "testScoreStd": 0.004144742802723022,
            "trainScoreMean": 0.9471998117400232,
            "trainScoreStd": 0.0007956986728416558,
            "time": 5383,
            "fitTimeMean": 898.8,
            "fitTimeStd": 279.7823439747405,
            "scoreTimeMean": 177.8,
            "scoreTimeStd": 122.55839424535556,
            "parameters": {
                "criterion": "entropy",
                "max_depth": 7,
                "min_samples_leaf": 19,
                "splitter": "best"
            }
        },
        {
            "finishedAt": 1683018654829,
            "score": 0.9124359129270401,
            "testScoreGibMean": 0.9124359129270401,
            "testScoreMean": 0.9124359129270401,
            "testScoreStd": 0.00398534028866418,
            "trainScoreMean": 0.9525587695675983,
            "trainScoreStd": 0.0007746088817257686,
            "time": 7207,
            "fitTimeMean": 1213.2,
            "fitTimeStd": 152.05183326747496,
            "scoreTimeMean": 228.2,
            "scoreTimeStd": 37.22042450053465,
            "parameters": {
                "criterion": "entropy",
                "max_depth": 8,
                "min_samples_leaf": 15,
                "splitter": "best"
            }
        },
        {
            "finishedAt": 1683018655628,
            "score": 0.9117751781966542,
            "testScoreGibMean": 0.9117751781966542,
            "testScoreMean": 0.9117751781966542,
            "testScoreStd": 0.003858637534909072,
            "trainScoreMean": 0.9564897154057567,
            "trainScoreStd": 0.0015534013894321422,
            "time": 4336,
            "fitTimeMean": 683.0,
            "fitTimeStd": 158.7236592320124,
            "scoreTimeMean": 184.2,
            "scoreTimeStd": 62.00774145217676,
            "parameters": {
                "criterion": "entropy",
                "max_depth": 10,
                "min_samples_leaf": 19,
                "splitter": "best"
            }
        },
        {
            "finishedAt": 1683018656350,
            "score": 0.9233674806414603,
            "testScoreGibMean": 0.9233674806414603,
            "testScoreMean": 0.9233674806414603,
            "testScoreStd": 0.005732445026314826,
            "trainScoreMean": 0.9365036374819055,
            "trainScoreStd": 0.0011939722914696242,
            "time": 2938,
            "fitTimeMean": 392.6,
            "fitTimeStd": 80.48254469138013,
            "scoreTimeMean": 195.0,
            "scoreTimeStd": 50.66754385205582,
            "parameters": {
                "criterion": "entropy",
                "max_depth": 5,
                "min_samples_leaf": 4,
                "splitter": "best"
            }
        },
        {
            "finishedAt": 1683018657057,
            "score": 0.9218788356192421,
            "testScoreGibMean": 0.9218788356192421,
            "testScoreMean": 0.9218788356192421,
            "testScoreStd": 0.0040524727368009385,
            "trainScoreMean": 0.9288396062062163,
            "trainScoreStd": 0.0013457244032315902,
            "time": 2854,
            "fitTimeMean": 375.6,
            "fitTimeStd": 68.93068982681082,
            "scoreTimeMean": 195.2,
            "scoreTimeStd": 65.26070793364106,
            "parameters": {
                "criterion": "entropy",
                "max_depth": 4,
                "min_samples_leaf": 3,
                "splitter": "best"
            }
        },
        {
            "finishedAt": 1683018658275,
            "score": 0.9236325706796914,
            "testScoreGibMean": 0.9236325706796914,
            "testScoreMean": 0.9236325706796914,
            "testScoreStd": 0.00528388981839871,
            "trainScoreMean": 0.9364966425273126,
            "trainScoreStd": 0.0011935839551777993,
            "time": 3598,
            "fitTimeMean": 590.6,
            "fitTimeStd": 170.26285560861476,
            "scoreTimeMean": 129.0,
            "scoreTimeStd": 73.91346291441093,
            "parameters": {
                "criterion": "entropy",
                "max_depth": 5,
                "min_samples_leaf": 5,
                "splitter": "best"
            }
        }
    ]
}