[
    {
        "test_score_gib": 0.883746572356165,
        "train_score": 0.9655844350595639,
        "test_score": 0.883746572356165,
        "num_samples": 1835,
        "fit_time": 645,
        "score_time": 21,
        "time": 666,
        "parameters": {
            "criterion": "entropy",
            "max_depth": 10,
            "min_samples_leaf": 9,
            "splitter": "best"
        },
        "done_at": 1683018624310,
        "split_id": 0
    },
    {
        "test_score_gib": 0.8903973724700296,
        "train_score": 0.9628179235982137,
        "test_score": 0.8903973724700296,
        "num_samples": 1835,
        "fit_time": 546,
        "score_time": 271,
        "time": 817,
        "parameters": {
            "criterion": "entropy",
            "max_depth": 10,
            "min_samples_leaf": 9,
            "splitter": "best"
        },
        "done_at": 1683018624476,
        "split_id": 1
    },
    {
        "test_score_gib": 0.9006334610104388,
        "train_score": 0.9652653501274987,
        "test_score": 0.9006334610104388,
        "num_samples": 1835,
        "fit_time": 635,
        "score_time": 22,
        "time": 657,
        "parameters": {
            "criterion": "entropy",
            "max_depth": 10,
            "min_samples_leaf": 9,
            "splitter": "best"
        },
        "done_at": 1683018624334,
        "split_id": 2
    },
    {
        "test_score_gib": 0.8987134952934737,
        "train_score": 0.9656730018195085,
        "test_score": 0.8987134952934737,
        "num_samples": 1834,
        "fit_time": 450,
        "score_time": 289,
        "time": 739,
        "parameters": {
            "criterion": "entropy",
            "max_depth": 10,
            "min_samples_leaf": 9,
            "splitter": "best"
        },
        "done_at": 1683018624436,
        "split_id": 3
    },
    {
        "test_score_gib": 0.8899525463652903,
        "train_score": 0.9623634523518174,
        "test_score": 0.8899525463652903,
        "num_samples": 1834,
        "fit_time": 680,
        "score_time": 89,
        "time": 769,
        "parameters": {
            "criterion": "entropy",
            "max_depth": 10,
            "min_samples_leaf": 9,
            "splitter": "best"
        },
        "done_at": 1683018625178,
        "split_id": 4
    },
    {
        "test_score_gib": 0.8827907957178324,
        "train_score": 0.9667684318339874,
        "test_score": 0.8827907957178324,
        "num_samples": 1835,
        "fit_time": 469,
        "score_time": 216,
        "time": 685,
        "parameters": {
            "criterion": "entropy",
            "max_depth": 10,
            "min_samples_leaf": 8,
            "splitter": "best"
        },
        "done_at": 1683018625192,
        "split_id": 0
    },
    {
        "test_score_gib": 0.8869183815395482,
        "train_score": 0.9640168598615059,
        "test_score": 0.8869183815395482,
        "num_samples": 1835,
        "fit_time": 677,
        "score_time": 20,
        "time": 697,
        "parameters": {
            "criterion": "entropy",
            "max_depth": 10,
            "min_samples_leaf": 8,
            "splitter": "best"
        },
        "done_at": 1683018625216,
        "split_id": 1
    },
    {
        "test_score_gib": 0.8931629090201534,
        "train_score": 0.9672547262905237,
        "test_score": 0.8931629090201534,
        "num_samples": 1835,
        "fit_time": 605,
        "score_time": 113,
        "time": 718,
        "parameters": {
            "criterion": "entropy",
            "max_depth": 10,
            "min_samples_leaf": 8,
            "splitter": "best"
        },
        "done_at": 1683018625253,
        "split_id": 2
    },
    {
        "test_score_gib": 0.8903373055656413,
        "train_score": 0.9670598869353699,
        "test_score": 0.8903373055656413,
        "num_samples": 1834,
        "fit_time": 1565,
        "score_time": 527,
        "time": 2092,
        "parameters": {
            "criterion": "entropy",
            "max_depth": 10,
            "min_samples_leaf": 8,
            "splitter": "best"
        },
        "done_at": 1683018627309,
        "split_id": 3
    },
    {
        "test_score_gib": 0.8824912887265555,
        "train_score": 0.9631856565757634,
        "test_score": 0.8824912887265555,
        "num_samples": 1834,
        "fit_time": 2328,
        "score_time": 616,
        "time": 2944,
        "parameters": {
            "criterion": "entropy",
            "max_depth": 10,
            "min_samples_leaf": 8,
            "splitter": "best"
        },
        "done_at": 1683018628200,
        "split_id": 4
    },
    {
        "test_score_gib": 0.9211867124526616,
        "train_score": 0.9383438274316527,
        "test_score": 0.9211867124526616,
        "num_samples": 1835,
        "fit_time": 546,
        "score_time": 958,
        "time": 1504,
        "parameters": {
            "criterion": "entropy",
            "max_depth": 5,
            "min_samples_leaf": 19,
            "splitter": "best"
        },
        "done_at": 1683018626764,
        "split_id": 0
    },
    {
        "test_score_gib": 0.9291950577069288,
        "train_score": 0.9356266444712842,
        "test_score": 0.9291950577069288,
        "num_samples": 1835,
        "fit_time": 1032,
        "score_time": 436,
        "time": 1468,
        "parameters": {
            "criterion": "entropy",
            "max_depth": 5,
            "min_samples_leaf": 19,
            "splitter": "best"
        },
        "done_at": 1683018626743,
        "split_id": 1
    },
    {
        "test_score_gib": 0.930323792982924,
        "train_score": 0.9348311307828788,
        "test_score": 0.930323792982924,
        "num_samples": 1835,
        "fit_time": 1966,
        "score_time": 491,
        "time": 2457,
        "parameters": {
            "criterion": "entropy",
            "max_depth": 5,
            "min_samples_leaf": 19,
            "splitter": "best"
        },
        "done_at": 1683018629222,
        "split_id": 2
    },
    {
        "test_score_gib": 0.9159481785354945,
        "train_score": 0.9366229502359682,
        "test_score": 0.9159481785354945,
        "num_samples": 1834,
        "fit_time": 1341,
        "score_time": 398,
        "time": 1739,
        "parameters": {
            "criterion": "entropy",
            "max_depth": 5,
            "min_samples_leaf": 19,
            "splitter": "best"
        },
        "done_at": 1683018628666,
        "split_id": 3
    },
    {
        "test_score_gib": 0.9282252485128967,
        "train_score": 0.9361417630167875,
        "test_score": 0.9282252485128967,
        "num_samples": 1834,
        "fit_time": 1380,
        "score_time": 553,
        "time": 1933,
        "parameters": {
            "criterion": "entropy",
            "max_depth": 5,
            "min_samples_leaf": 19,
            "splitter": "best"
        },
        "done_at": 1683018629258,
        "split_id": 4
    },
    {
        "test_score_gib": 0.9210993323075924,
        "train_score": 0.9384796358417844,
        "test_score": 0.9210993323075924,
        "num_samples": 1835,
        "fit_time": 960,
        "score_time": 496,
        "time": 1456,
        "parameters": {
            "criterion": "entropy",
            "max_depth": 5,
            "min_samples_leaf": 9,
            "splitter": "best"
        },
        "done_at": 1683018629706,
        "split_id": 0
    },
    {
        "test_score_gib": 0.9289788594098508,
        "train_score": 0.9355287203499065,
        "test_score": 0.9289788594098508,
        "num_samples": 1835,
        "fit_time": 1729,
        "score_time": 298,
        "time": 2027,
        "parameters": {
            "criterion": "entropy",
            "max_depth": 5,
            "min_samples_leaf": 9,
            "splitter": "best"
        },
        "done_at": 1683018631252,
        "split_id": 1
    },
    {
        "test_score_gib": 0.9298265368996443,
        "train_score": 0.9349788344086758,
        "test_score": 0.9298265368996443,
        "num_samples": 1835,
        "fit_time": 1186,
        "score_time": 676,
        "time": 1862,
        "parameters": {
            "criterion": "entropy",
            "max_depth": 5,
            "min_samples_leaf": 9,
            "splitter": "best"
        },
        "done_at": 1683018631256,
        "split_id": 2
    },
    {
        "test_score_gib": 0.9159481785354945,
        "train_score": 0.9366229502359682,
        "test_score": 0.9159481785354945,
        "num_samples": 1834,
        "fit_time": 1643,
        "score_time": 522,
        "time": 2165,
        "parameters": {
            "criterion": "entropy",
            "max_depth": 5,
            "min_samples_leaf": 9,
            "splitter": "best"
        },
        "done_at": 1683018631574,
        "split_id": 3
    },
    {
        "test_score_gib": 0.925245622686703,
        "train_score": 0.9365957950738507,
        "test_score": 0.925245622686703,
        "num_samples": 1834,
        "fit_time": 1979,
        "score_time": 586,
        "time": 2565,
        "parameters": {
            "criterion": "entropy",
            "max_depth": 5,
            "min_samples_leaf": 9,
            "splitter": "best"
        },
        "done_at": 1683018632276,
        "split_id": 4
    },
    {
        "test_score_gib": 0.9164889036224024,
        "train_score": 0.9314314668706406,
        "test_score": 0.9164889036224024,
        "num_samples": 1835,
        "fit_time": 938,
        "score_time": 101,
        "time": 1039,
        "parameters": {
            "criterion": "entropy",
            "max_depth": 4,
            "min_samples_leaf": 7,
            "splitter": "best"
        },
        "done_at": 1683018632329,
        "split_id": 0
    },
    {
        "test_score_gib": 0.9243855464231793,
        "train_score": 0.9284026405349262,
        "test_score": 0.9243855464231793,
        "num_samples": 1835,
        "fit_time": 974,
        "score_time": 147,
        "time": 1121,
        "parameters": {
            "criterion": "entropy",
            "max_depth": 4,
            "min_samples_leaf": 7,
            "splitter": "best"
        },
        "done_at": 1683018632430,
        "split_id": 1
    },
    {
        "test_score_gib": 0.9262205294696295,
        "train_score": 0.9275126980017842,
        "test_score": 0.9262205294696295,
        "num_samples": 1835,
        "fit_time": 773,
        "score_time": 350,
        "time": 1123,
        "parameters": {
            "criterion": "entropy",
            "max_depth": 4,
            "min_samples_leaf": 7,
            "splitter": "best"
        },
        "done_at": 1683018632715,
        "split_id": 2
    },
    {
        "test_score_gib": 0.9174845057650656,
        "train_score": 0.9282829351552757,
        "test_score": 0.9174845057650656,
        "num_samples": 1834,
        "fit_time": 581,
        "score_time": 520,
        "time": 1101,
        "parameters": {
            "criterion": "entropy",
            "max_depth": 4,
            "min_samples_leaf": 7,
            "splitter": "best"
        },
        "done_at": 1683018633409,
        "split_id": 3
    },
    {
        "test_score_gib": 0.9248138975745719,
        "train_score": 0.9285678390034664,
        "test_score": 0.9248138975745719,
        "num_samples": 1834,
        "fit_time": 946,
        "score_time": 301,
        "time": 1247,
        "parameters": {
            "criterion": "entropy",
            "max_depth": 4,
            "min_samples_leaf": 7,
            "splitter": "best"
        },
        "done_at": 1683018633677,
        "split_id": 4
    },
    {
        "test_score_gib": 0.8784262925955686,
        "train_score": 0.9649440101782456,
        "test_score": 0.8784262925955686,
        "num_samples": 1835,
        "fit_time": 1631,
        "score_time": 256,
        "time": 1887,
        "parameters": {
            "criterion": "entropy",
            "max_depth": 9,
            "min_samples_leaf": 2,
            "splitter": "best"
        },
        "done_at": 1683018634616,
        "split_id": 0
    },
    {
        "test_score_gib": 0.8409266979673755,
        "train_score": 0.9674679381656248,
        "test_score": 0.8409266979673755,
        "num_samples": 1835,
        "fit_time": 1247,
        "score_time": 270,
        "time": 1517,
        "parameters": {
            "criterion": "entropy",
            "max_depth": 9,
            "min_samples_leaf": 2,
            "splitter": "best"
        },
        "done_at": 1683018634373,
        "split_id": 1
    },
    {
        "test_score_gib": 0.8616457014373582,
        "train_score": 0.9675090358538713,
        "test_score": 0.8616457014373582,
        "num_samples": 1835,
        "fit_time": 1075,
        "score_time": 31,
        "time": 1106,
        "parameters": {
            "criterion": "entropy",
            "max_depth": 9,
            "min_samples_leaf": 2,
            "splitter": "best"
        },
        "done_at": 1683018635208,
        "split_id": 2
    },
    {
        "test_score_gib": 0.8799804188275502,
        "train_score": 0.9639376066769699,
        "test_score": 0.8799804188275502,
        "num_samples": 1834,
        "fit_time": 1326,
        "score_time": 204,
        "time": 1530,
        "parameters": {
            "criterion": "entropy",
            "max_depth": 9,
            "min_samples_leaf": 2,
            "splitter": "best"
        },
        "done_at": 1683018635226,
        "split_id": 3
    },
    {
        "test_score_gib": 0.8784955734628148,
        "train_score": 0.9637287598181122,
        "test_score": 0.8784955734628148,
        "num_samples": 1834,
        "fit_time": 940,
        "score_time": 196,
        "time": 1136,
        "parameters": {
            "criterion": "entropy",
            "max_depth": 9,
            "min_samples_leaf": 2,
            "splitter": "best"
        },
        "done_at": 1683018635526,
        "split_id": 4
    },
    {
        "test_score_gib": 0.9155574492924912,
        "train_score": 0.9447744035705039,
        "test_score": 0.9155574492924912,
        "num_samples": 1835,
        "fit_time": 570,
        "score_time": 200,
        "time": 770,
        "parameters": {
            "criterion": "entropy",
            "max_depth": 6,
            "min_samples_leaf": 7,
            "splitter": "best"
        },
        "done_at": 1683018635481,
        "split_id": 0
    },
    {
        "test_score_gib": 0.9172302836161328,
        "train_score": 0.9434841391111083,
        "test_score": 0.9172302836161328,
        "num_samples": 1835,
        "fit_time": 660,
        "score_time": 196,
        "time": 856,
        "parameters": {
            "criterion": "entropy",
            "max_depth": 6,
            "min_samples_leaf": 7,
            "splitter": "best"
        },
        "done_at": 1683018636065,
        "split_id": 1
    },
    {
        "test_score_gib": 0.9241684472998635,
        "train_score": 0.9436138025994034,
        "test_score": 0.9241684472998635,
        "num_samples": 1835,
        "fit_time": 573,
        "score_time": 266,
        "time": 839,
        "parameters": {
            "criterion": "entropy",
            "max_depth": 6,
            "min_samples_leaf": 7,
            "splitter": "best"
        },
        "done_at": 1683018636084,
        "split_id": 2
    },
    {
        "test_score_gib": 0.9109896620802648,
        "train_score": 0.9439207028702443,
        "test_score": 0.9109896620802648,
        "num_samples": 1834,
        "fit_time": 1317,
        "score_time": 209,
        "time": 1526,
        "parameters": {
            "criterion": "entropy",
            "max_depth": 6,
            "min_samples_leaf": 7,
            "splitter": "best"
        },
        "done_at": 1683018637056,
        "split_id": 3
    },
    {
        "test_score_gib": 0.9244137841338311,
        "train_score": 0.9431672879677617,
        "test_score": 0.9244137841338311,
        "num_samples": 1834,
        "fit_time": 1261,
        "score_time": 282,
        "time": 1543,
        "parameters": {
            "criterion": "entropy",
            "max_depth": 6,
            "min_samples_leaf": 7,
            "splitter": "best"
        },
        "done_at": 1683018637310,
        "split_id": 4
    },
    {
        "test_score_gib": 0.9124189706799077,
        "train_score": 0.9544340515713411,
        "test_score": 0.9124189706799077,
        "num_samples": 1835,
        "fit_time": 1417,
        "score_time": 425,
        "time": 1842,
        "parameters": {
            "criterion": "entropy",
            "max_depth": 9,
            "min_samples_leaf": 19,
            "splitter": "best"
        },
        "done_at": 1683018637927,
        "split_id": 0
    },
    {
        "test_score_gib": 0.9197823243478918,
        "train_score": 0.9522938147584561,
        "test_score": 0.9197823243478918,
        "num_samples": 1835,
        "fit_time": 1415,
        "score_time": 98,
        "time": 1513,
        "parameters": {
            "criterion": "entropy",
            "max_depth": 9,
            "min_samples_leaf": 19,
            "splitter": "best"
        },
        "done_at": 1683018637993,
        "split_id": 1
    },
    {
        "test_score_gib": 0.9135999538776967,
        "train_score": 0.9556234040115854,
        "test_score": 0.9135999538776967,
        "num_samples": 1835,
        "fit_time": 923,
        "score_time": 131,
        "time": 1054,
        "parameters": {
            "criterion": "entropy",
            "max_depth": 9,
            "min_samples_leaf": 19,
            "splitter": "best"
        },
        "done_at": 1683018638275,
        "split_id": 2
    },
    {
        "test_score_gib": 0.9130552590079715,
        "train_score": 0.9550380375088282,
        "test_score": 0.9130552590079715,
        "num_samples": 1834,
        "fit_time": 927,
        "score_time": 103,
        "time": 1030,
        "parameters": {
            "criterion": "entropy",
            "max_depth": 9,
            "min_samples_leaf": 19,
            "splitter": "best"
        },
        "done_at": 1683018638380,
        "split_id": 3
    },
    {
        "test_score_gib": 0.9150892442642881,
        "train_score": 0.9529727240481158,
        "test_score": 0.9150892442642881,
        "num_samples": 1834,
        "fit_time": 919,
        "score_time": 146,
        "time": 1065,
        "parameters": {
            "criterion": "entropy",
            "max_depth": 9,
            "min_samples_leaf": 19,
            "splitter": "best"
        },
        "done_at": 1683018638995,
        "split_id": 4
    },
    {
        "test_score_gib": 0.9212506711155473,
        "train_score": 0.9384411314233038,
        "test_score": 0.9212506711155473,
        "num_samples": 1835,
        "fit_time": 592,
        "score_time": 446,
        "time": 1038,
        "parameters": {
            "criterion": "entropy",
            "max_depth": 5,
            "min_samples_leaf": 10,
            "splitter": "best"
        },
        "done_at": 1683018639080,
        "split_id": 0
    },
    {
        "test_score_gib": 0.9289788594098508,
        "train_score": 0.9355287203499065,
        "test_score": 0.9289788594098508,
        "num_samples": 1835,
        "fit_time": 553,
        "score_time": 190,
        "time": 743,
        "parameters": {
            "criterion": "entropy",
            "max_depth": 5,
            "min_samples_leaf": 10,
            "splitter": "best"
        },
        "done_at": 1683018639195,
        "split_id": 1
    },
    {
        "test_score_gib": 0.9298265368996443,
        "train_score": 0.9349788344086758,
        "test_score": 0.9298265368996443,
        "num_samples": 1835,
        "fit_time": 499,
        "score_time": 278,
        "time": 777,
        "parameters": {
            "criterion": "entropy",
            "max_depth": 5,
            "min_samples_leaf": 10,
            "splitter": "best"
        },
        "done_at": 1683018639197,
        "split_id": 2
    },
    {
        "test_score_gib": 0.9159481785354945,
        "train_score": 0.9366229502359682,
        "test_score": 0.9159481785354945,
        "num_samples": 1834,
        "fit_time": 406,
        "score_time": 195,
        "time": 601,
        "parameters": {
            "criterion": "entropy",
            "max_depth": 5,
            "min_samples_leaf": 10,
            "splitter": "best"
        },
        "done_at": 1683018639646,
        "split_id": 3
    },
    {
        "test_score_gib": 0.9274232152501929,
        "train_score": 0.9363301026577806,
        "test_score": 0.9274232152501929,
        "num_samples": 1834,
        "fit_time": 440,
        "score_time": 39,
        "time": 479,
        "parameters": {
            "criterion": "entropy",
            "max_depth": 5,
            "min_samples_leaf": 10,
            "splitter": "best"
        },
        "done_at": 1683018639561,
        "split_id": 4
    },
    {
        "test_score_gib": 0.9099597150506444,
        "train_score": 0.9206955555415244,
        "test_score": 0.9099597150506444,
        "num_samples": 1835,
        "fit_time": 294,
        "score_time": 17,
        "time": 311,
        "parameters": {
            "criterion": "entropy",
            "max_depth": 3,
            "min_samples_leaf": 12,
            "splitter": "best"
        },
        "done_at": 1683018639509,
        "split_id": 0
    },
    {
        "test_score_gib": 0.9150547882517845,
        "train_score": 0.9171142499948135,
        "test_score": 0.9150547882517845,
        "num_samples": 1835,
        "fit_time": 354,
        "score_time": 161,
        "time": 515,
        "parameters": {
            "criterion": "entropy",
            "max_depth": 3,
            "min_samples_leaf": 12,
            "splitter": "best"
        },
        "done_at": 1683018639756,
        "split_id": 1
    },
    {
        "test_score_gib": 0.9220235800276013,
        "train_score": 0.9159186962573029,
        "test_score": 0.9220235800276013,
        "num_samples": 1835,
        "fit_time": 243,
        "score_time": 122,
        "time": 365,
        "parameters": {
            "criterion": "entropy",
            "max_depth": 3,
            "min_samples_leaf": 12,
            "splitter": "best"
        },
        "done_at": 1683018639914,
        "split_id": 2
    },
    {
        "test_score_gib": 0.913235897130202,
        "train_score": 0.9170663320609844,
        "test_score": 0.913235897130202,
        "num_samples": 1834,
        "fit_time": 449,
        "score_time": 100,
        "time": 549,
        "parameters": {
            "criterion": "entropy",
            "max_depth": 3,
            "min_samples_leaf": 12,
            "splitter": "best"
        },
        "done_at": 1683018640172,
        "split_id": 3
    },
    {
        "test_score_gib": 0.9137796178781162,
        "train_score": 0.9171939387875321,
        "test_score": 0.9137796178781162,
        "num_samples": 1834,
        "fit_time": 222,
        "score_time": 185,
        "time": 407,
        "parameters": {
            "criterion": "entropy",
            "max_depth": 3,
            "min_samples_leaf": 12,
            "splitter": "best"
        },
        "done_at": 1683018640146,
        "split_id": 4
    },
    {
        "test_score_gib": 0.9164889036224024,
        "train_score": 0.9314314668706406,
        "test_score": 0.9164889036224024,
        "num_samples": 1835,
        "fit_time": 366,
        "score_time": 263,
        "time": 629,
        "parameters": {
            "criterion": "entropy",
            "max_depth": 4,
            "min_samples_leaf": 20,
            "splitter": "best"
        },
        "done_at": 1683018640496,
        "split_id": 0
    },
    {
        "test_score_gib": 0.9243855464231793,
        "train_score": 0.9284026405349262,
        "test_score": 0.9243855464231793,
        "num_samples": 1835,
        "fit_time": 401,
        "score_time": 64,
        "time": 465,
        "parameters": {
            "criterion": "entropy",
            "max_depth": 4,
            "min_samples_leaf": 20,
            "splitter": "best"
        },
        "done_at": 1683018640723,
        "split_id": 1
    },
    {
        "test_score_gib": 0.9282248678487909,
        "train_score": 0.927428473109822,
        "test_score": 0.9282248678487909,
        "num_samples": 1835,
        "fit_time": 446,
        "score_time": 147,
        "time": 593,
        "parameters": {
            "criterion": "entropy",
            "max_depth": 4,
            "min_samples_leaf": 20,
            "splitter": "best"
        },
        "done_at": 1683018640766,
        "split_id": 2
    },
    {
        "test_score_gib": 0.9174845057650656,
        "train_score": 0.9282829351552757,
        "test_score": 0.9174845057650656,
        "num_samples": 1834,
        "fit_time": 336,
        "score_time": 190,
        "time": 526,
        "parameters": {
            "criterion": "entropy",
            "max_depth": 4,
            "min_samples_leaf": 20,
            "splitter": "best"
        },
        "done_at": 1683018640749,
        "split_id": 3
    },
    {
        "test_score_gib": 0.9248138975745719,
        "train_score": 0.9285678390034664,
        "test_score": 0.9248138975745719,
        "num_samples": 1834,
        "fit_time": 300,
        "score_time": 108,
        "time": 408,
        "parameters": {
            "criterion": "entropy",
            "max_depth": 4,
            "min_samples_leaf": 20,
            "splitter": "best"
        },
        "done_at": 1683018641132,
        "split_id": 4
    },
    {
        "test_score_gib": 0.9104398554354055,
        "train_score": 0.9550360284096087,
        "test_score": 0.9104398554354055,
        "num_samples": 1835,
        "fit_time": 582,
        "score_time": 22,
        "time": 604,
        "parameters": {
            "criterion": "entropy",
            "max_depth": 9,
            "min_samples_leaf": 18,
            "splitter": "best"
        },
        "done_at": 1683018641343,
        "split_id": 0
    },
    {
        "test_score_gib": 0.9212524727680229,
        "train_score": 0.9526117158064978,
        "test_score": 0.9212524727680229,
        "num_samples": 1835,
        "fit_time": 493,
        "score_time": 116,
        "time": 609,
        "parameters": {
            "criterion": "entropy",
            "max_depth": 9,
            "min_samples_leaf": 18,
            "splitter": "best"
        },
        "done_at": 1683018641360,
        "split_id": 1
    },
    {
        "test_score_gib": 0.9135323919098598,
        "train_score": 0.9559387117898612,
        "test_score": 0.9135323919098598,
        "num_samples": 1835,
        "fit_time": 528,
        "score_time": 23,
        "time": 551,
        "parameters": {
            "criterion": "entropy",
            "max_depth": 9,
            "min_samples_leaf": 18,
            "splitter": "best"
        },
        "done_at": 1683018641321,
        "split_id": 2
    },
    {
        "test_score_gib": 0.9102996244533439,
        "train_score": 0.9561206946673573,
        "test_score": 0.9102996244533439,
        "num_samples": 1834,
        "fit_time": 441,
        "score_time": 157,
        "time": 598,
        "parameters": {
            "criterion": "entropy",
            "max_depth": 9,
            "min_samples_leaf": 18,
            "splitter": "best"
        },
        "done_at": 1683018641771,
        "split_id": 3
    },
    {
        "test_score_gib": 0.9163934515067929,
        "train_score": 0.9534414041179395,
        "test_score": 0.9163934515067929,
        "num_samples": 1834,
        "fit_time": 498,
        "score_time": 116,
        "time": 614,
        "parameters": {
            "criterion": "entropy",
            "max_depth": 9,
            "min_samples_leaf": 18,
            "splitter": "best"
        },
        "done_at": 1683018641994,
        "split_id": 4
    },
    {
        "test_score_gib": 0.908651715353322,
        "train_score": 0.9566207981137232,
        "test_score": 0.908651715353322,
        "num_samples": 1835,
        "fit_time": 552,
        "score_time": 105,
        "time": 657,
        "parameters": {
            "criterion": "entropy",
            "max_depth": 10,
            "min_samples_leaf": 20,
            "splitter": "best"
        },
        "done_at": 1683018642072,
        "split_id": 0
    },
    {
        "test_score_gib": 0.9187688948303384,
        "train_score": 0.9531173470354191,
        "test_score": 0.9187688948303384,
        "num_samples": 1835,
        "fit_time": 474,
        "score_time": 104,
        "time": 578,
        "parameters": {
            "criterion": "entropy",
            "max_depth": 10,
            "min_samples_leaf": 20,
            "splitter": "best"
        },
        "done_at": 1683018642054,
        "split_id": 1
    },
    {
        "test_score_gib": 0.9083652526096935,
        "train_score": 0.9574489531759212,
        "test_score": 0.9083652526096935,
        "num_samples": 1835,
        "fit_time": 394,
        "score_time": 223,
        "time": 617,
        "parameters": {
            "criterion": "entropy",
            "max_depth": 10,
            "min_samples_leaf": 20,
            "splitter": "best"
        },
        "done_at": 1683018642413,
        "split_id": 2
    },
    {
        "test_score_gib": 0.9122161949302106,
        "train_score": 0.9573187330956299,
        "test_score": 0.9122161949302106,
        "num_samples": 1834,
        "fit_time": 348,
        "score_time": 168,
        "time": 516,
        "parameters": {
            "criterion": "entropy",
            "max_depth": 10,
            "min_samples_leaf": 20,
            "splitter": "best"
        },
        "done_at": 1683018642538,
        "split_id": 3
    },
    {
        "test_score_gib": 0.9072432274252022,
        "train_score": 0.9557170292387857,
        "test_score": 0.9072432274252022,
        "num_samples": 1834,
        "fit_time": 371,
        "score_time": 285,
        "time": 656,
        "parameters": {
            "criterion": "entropy",
            "max_depth": 10,
            "min_samples_leaf": 20,
            "splitter": "best"
        },
        "done_at": 1683018642711,
        "split_id": 4
    },
    {
        "test_score_gib": 0.9164889036224024,
        "train_score": 0.9314314668706406,
        "test_score": 0.9164889036224024,
        "num_samples": 1835,
        "fit_time": 136,
        "score_time": 271,
        "time": 407,
        "parameters": {
            "criterion": "entropy",
            "max_depth": 4,
            "min_samples_leaf": 4,
            "splitter": "best"
        },
        "done_at": 1683018642529,
        "split_id": 0
    },
    {
        "test_score_gib": 0.9243855464231793,
        "train_score": 0.9284026405349262,
        "test_score": 0.9243855464231793,
        "num_samples": 1835,
        "fit_time": 525,
        "score_time": 295,
        "time": 820,
        "parameters": {
            "criterion": "entropy",
            "max_depth": 4,
            "min_samples_leaf": 4,
            "splitter": "best"
        },
        "done_at": 1683018643359,
        "split_id": 1
    },
    {
        "test_score_gib": 0.9262205294696295,
        "train_score": 0.9275126980017842,
        "test_score": 0.9262205294696295,
        "num_samples": 1835,
        "fit_time": 318,
        "score_time": 217,
        "time": 535,
        "parameters": {
            "criterion": "entropy",
            "max_depth": 4,
            "min_samples_leaf": 4,
            "splitter": "best"
        },
        "done_at": 1683018643091,
        "split_id": 2
    },
    {
        "test_score_gib": 0.9174845057650656,
        "train_score": 0.9282829351552757,
        "test_score": 0.9174845057650656,
        "num_samples": 1834,
        "fit_time": 431,
        "score_time": 78,
        "time": 509,
        "parameters": {
            "criterion": "entropy",
            "max_depth": 4,
            "min_samples_leaf": 4,
            "splitter": "best"
        },
        "done_at": 1683018643098,
        "split_id": 3
    },
    {
        "test_score_gib": 0.9248138975745719,
        "train_score": 0.9285678390034664,
        "test_score": 0.9248138975745719,
        "num_samples": 1834,
        "fit_time": 333,
        "score_time": 8,
        "time": 341,
        "parameters": {
            "criterion": "entropy",
            "max_depth": 4,
            "min_samples_leaf": 4,
            "splitter": "best"
        },
        "done_at": 1683018643082,
        "split_id": 4
    },
    {
        "test_score_gib": 0.9078220543882848,
        "train_score": 0.9503161083093776,
        "test_score": 0.9078220543882848,
        "num_samples": 1835,
        "fit_time": 667,
        "score_time": 680,
        "time": 1347,
        "parameters": {
            "criterion": "entropy",
            "max_depth": 7,
            "min_samples_leaf": 9,
            "splitter": "best"
        },
        "done_at": 1683018644445,
        "split_id": 0
    },
    {
        "test_score_gib": 0.9129216317206141,
        "train_score": 0.9497736075494367,
        "test_score": 0.9129216317206141,
        "num_samples": 1835,
        "fit_time": 867,
        "score_time": 334,
        "time": 1201,
        "parameters": {
            "criterion": "entropy",
            "max_depth": 7,
            "min_samples_leaf": 9,
            "splitter": "best"
        },
        "done_at": 1683018644480,
        "split_id": 1
    },
    {
        "test_score_gib": 0.9164916061011159,
        "train_score": 0.949678276697825,
        "test_score": 0.9164916061011159,
        "num_samples": 1835,
        "fit_time": 582,
        "score_time": 547,
        "time": 1129,
        "parameters": {
            "criterion": "entropy",
            "max_depth": 7,
            "min_samples_leaf": 9,
            "splitter": "best"
        },
        "done_at": 1683018644443,
        "split_id": 2
    },
    {
        "test_score_gib": 0.9029124284447237,
        "train_score": 0.949649878691919,
        "test_score": 0.9029124284447237,
        "num_samples": 1834,
        "fit_time": 1026,
        "score_time": 11,
        "time": 1037,
        "parameters": {
            "criterion": "entropy",
            "max_depth": 7,
            "min_samples_leaf": 9,
            "splitter": "best"
        },
        "done_at": 1683018644458,
        "split_id": 3
    },
    {
        "test_score_gib": 0.9140370272022948,
        "train_score": 0.9483198391332703,
        "test_score": 0.9140370272022948,
        "num_samples": 1834,
        "fit_time": 964,
        "score_time": 93,
        "time": 1057,
        "parameters": {
            "criterion": "entropy",
            "max_depth": 7,
            "min_samples_leaf": 9,
            "splitter": "best"
        },
        "done_at": 1683018645516,
        "split_id": 4
    },
    {
        "test_score_gib": 0.9099597150506444,
        "train_score": 0.9206955555415244,
        "test_score": 0.9099597150506444,
        "num_samples": 1835,
        "fit_time": 145,
        "score_time": 820,
        "time": 965,
        "parameters": {
            "criterion": "entropy",
            "max_depth": 3,
            "min_samples_leaf": 8,
            "splitter": "best"
        },
        "done_at": 1683018645470,
        "split_id": 0
    },
    {
        "test_score_gib": 0.9150547882517845,
        "train_score": 0.9171142499948135,
        "test_score": 0.9150547882517845,
        "num_samples": 1835,
        "fit_time": 319,
        "score_time": 17,
        "time": 336,
        "parameters": {
            "criterion": "entropy",
            "max_depth": 3,
            "min_samples_leaf": 8,
            "splitter": "best"
        },
        "done_at": 1683018645422,
        "split_id": 1
    },
    {
        "test_score_gib": 0.9220235800276013,
        "train_score": 0.9159186962573029,
        "test_score": 0.9220235800276013,
        "num_samples": 1835,
        "fit_time": 948,
        "score_time": 14,
        "time": 962,
        "parameters": {
            "criterion": "entropy",
            "max_depth": 3,
            "min_samples_leaf": 8,
            "splitter": "best"
        },
        "done_at": 1683018645496,
        "split_id": 2
    },
    {
        "test_score_gib": 0.913235897130202,
        "train_score": 0.9170663320609844,
        "test_score": 0.913235897130202,
        "num_samples": 1834,
        "fit_time": 517,
        "score_time": 533,
        "time": 1050,
        "parameters": {
            "criterion": "entropy",
            "max_depth": 3,
            "min_samples_leaf": 8,
            "splitter": "best"
        },
        "done_at": 1683018646521,
        "split_id": 3
    },
    {
        "test_score_gib": 0.9137796178781162,
        "train_score": 0.9171939387875321,
        "test_score": 0.9137796178781162,
        "num_samples": 1834,
        "fit_time": 302,
        "score_time": 688,
        "time": 990,
        "parameters": {
            "criterion": "entropy",
            "max_depth": 3,
            "min_samples_leaf": 8,
            "splitter": "best"
        },
        "done_at": 1683018646487,
        "split_id": 4
    },
    {
        "test_score_gib": 0.9055555755739164,
        "train_score": 0.9524050434812414,
        "test_score": 0.9055555755739164,
        "num_samples": 1835,
        "fit_time": 1514,
        "score_time": 237,
        "time": 1751,
        "parameters": {
            "criterion": "entropy",
            "max_depth": 7,
            "min_samples_leaf": 2,
            "splitter": "best"
        },
        "done_at": 1683018647483,
        "split_id": 0
    },
    {
        "test_score_gib": 0.8896514883451101,
        "train_score": 0.9517707071463299,
        "test_score": 0.8896514883451101,
        "num_samples": 1835,
        "fit_time": 1120,
        "score_time": 610,
        "time": 1730,
        "parameters": {
            "criterion": "entropy",
            "max_depth": 7,
            "min_samples_leaf": 2,
            "splitter": "best"
        },
        "done_at": 1683018647478,
        "split_id": 1
    },
    {
        "test_score_gib": 0.9025540225494824,
        "train_score": 0.9513808146745694,
        "test_score": 0.9025540225494824,
        "num_samples": 1835,
        "fit_time": 1151,
        "score_time": 410,
        "time": 1561,
        "parameters": {
            "criterion": "entropy",
            "max_depth": 7,
            "min_samples_leaf": 2,
            "splitter": "best"
        },
        "done_at": 1683018648083,
        "split_id": 2
    },
    {
        "test_score_gib": 0.8940521285493133,
        "train_score": 0.9504483644028952,
        "test_score": 0.8940521285493133,
        "num_samples": 1834,
        "fit_time": 1688,
        "score_time": 291,
        "time": 1979,
        "parameters": {
            "criterion": "entropy",
            "max_depth": 7,
            "min_samples_leaf": 2,
            "splitter": "best"
        },
        "done_at": 1683018648653,
        "split_id": 3
    },
    {
        "test_score_gib": 0.9081057744588533,
        "train_score": 0.9499803040566883,
        "test_score": 0.9081057744588533,
        "num_samples": 1834,
        "fit_time": 1432,
        "score_time": 659,
        "time": 2091,
        "parameters": {
            "criterion": "entropy",
            "max_depth": 7,
            "min_samples_leaf": 2,
            "splitter": "best"
        },
        "done_at": 1683018649577,
        "split_id": 4
    },
    {
        "test_score_gib": 0.9077211618496484,
        "train_score": 0.9508392159215038,
        "test_score": 0.9077211618496484,
        "num_samples": 1835,
        "fit_time": 1440,
        "score_time": 622,
        "time": 2062,
        "parameters": {
            "criterion": "entropy",
            "max_depth": 7,
            "min_samples_leaf": 7,
            "splitter": "best"
        },
        "done_at": 1683018649603,
        "split_id": 0
    },
    {
        "test_score_gib": 0.909239954886622,
        "train_score": 0.9505735185213582,
        "test_score": 0.909239954886622,
        "num_samples": 1835,
        "fit_time": 1488,
        "score_time": 226,
        "time": 1714,
        "parameters": {
            "criterion": "entropy",
            "max_depth": 7,
            "min_samples_leaf": 7,
            "splitter": "best"
        },
        "done_at": 1683018649990,
        "split_id": 1
    },
    {
        "test_score_gib": 0.915186308882507,
        "train_score": 0.9503547818541472,
        "test_score": 0.915186308882507,
        "num_samples": 1835,
        "fit_time": 1113,
        "score_time": 309,
        "time": 1422,
        "parameters": {
            "criterion": "entropy",
            "max_depth": 7,
            "min_samples_leaf": 7,
            "splitter": "best"
        },
        "done_at": 1683018650287,
        "split_id": 2
    },
    {
        "test_score_gib": 0.8980053938543298,
        "train_score": 0.9496608083629786,
        "test_score": 0.8980053938543298,
        "num_samples": 1834,
        "fit_time": 1273,
        "score_time": 581,
        "time": 1854,
        "parameters": {
            "criterion": "entropy",
            "max_depth": 7,
            "min_samples_leaf": 7,
            "splitter": "best"
        },
        "done_at": 1683018651459,
        "split_id": 3
    },
    {
        "test_score_gib": 0.9134427277801562,
        "train_score": 0.948621644534646,
        "test_score": 0.9134427277801562,
        "num_samples": 1834,
        "fit_time": 1348,
        "score_time": 15,
        "time": 1363,
        "parameters": {
            "criterion": "entropy",
            "max_depth": 7,
            "min_samples_leaf": 7,
            "splitter": "best"
        },
        "done_at": 1683018650985,
        "split_id": 4
    },
    {
        "test_score_gib": 0.9159529120108965,
        "train_score": 0.9476356821291692,
        "test_score": 0.9159529120108965,
        "num_samples": 1835,
        "fit_time": 852,
        "score_time": 201,
        "time": 1053,
        "parameters": {
            "criterion": "entropy",
            "max_depth": 7,
            "min_samples_leaf": 19,
            "splitter": "best"
        },
        "done_at": 1683018651196,
        "split_id": 0
    },
    {
        "test_score_gib": 0.9247683975742551,
        "train_score": 0.9464640879492783,
        "test_score": 0.9247683975742551,
        "num_samples": 1835,
        "fit_time": 1433,
        "score_time": 194,
        "time": 1627,
        "parameters": {
            "criterion": "entropy",
            "max_depth": 7,
            "min_samples_leaf": 19,
            "splitter": "best"
        },
        "done_at": 1683018651958,
        "split_id": 1
    },
    {
        "test_score_gib": 0.9202417457291828,
        "train_score": 0.9485637908282137,
        "test_score": 0.9202417457291828,
        "num_samples": 1835,
        "fit_time": 848,
        "score_time": 103,
        "time": 951,
        "parameters": {
            "criterion": "entropy",
            "max_depth": 7,
            "min_samples_leaf": 19,
            "splitter": "best"
        },
        "done_at": 1683018652105,
        "split_id": 2
    },
    {
        "test_score_gib": 0.9124582500139995,
        "train_score": 0.9467257409753593,
        "test_score": 0.9124582500139995,
        "num_samples": 1834,
        "fit_time": 626,
        "score_time": 380,
        "time": 1006,
        "parameters": {
            "criterion": "entropy",
            "max_depth": 7,
            "min_samples_leaf": 19,
            "splitter": "best"
        },
        "done_at": 1683018652493,
        "split_id": 3
    },
    {
        "test_score_gib": 0.9174465717593971,
        "train_score": 0.9466091765968925,
        "test_score": 0.9174465717593971,
        "num_samples": 1834,
        "fit_time": 735,
        "score_time": 11,
        "time": 746,
        "parameters": {
            "criterion": "entropy",
            "max_depth": 7,
            "min_samples_leaf": 19,
            "splitter": "best"
        },
        "done_at": 1683018652299,
        "split_id": 4
    },
    {
        "test_score_gib": 0.9120154005253618,
        "train_score": 0.95316318025976,
        "test_score": 0.9120154005253618,
        "num_samples": 1835,
        "fit_time": 1012,
        "score_time": 190,
        "time": 1202,
        "parameters": {
            "criterion": "entropy",
            "max_depth": 8,
            "min_samples_leaf": 15,
            "splitter": "best"
        },
        "done_at": 1683018653162,
        "split_id": 0
    },
    {
        "test_score_gib": 0.9172888373215913,
        "train_score": 0.9524989085716813,
        "test_score": 0.9172888373215913,
        "num_samples": 1835,
        "fit_time": 1122,
        "score_time": 252,
        "time": 1374,
        "parameters": {
            "criterion": "entropy",
            "max_depth": 8,
            "min_samples_leaf": 15,
            "splitter": "best"
        },
        "done_at": 1683018653847,
        "split_id": 1
    },
    {
        "test_score_gib": 0.9136675158455336,
        "train_score": 0.9533861450841978,
        "test_score": 0.9136675158455336,
        "num_samples": 1835,
        "fit_time": 1151,
        "score_time": 253,
        "time": 1404,
        "parameters": {
            "criterion": "entropy",
            "max_depth": 8,
            "min_samples_leaf": 15,
            "splitter": "best"
        },
        "done_at": 1683018653859,
        "split_id": 2
    },
    {
        "test_score_gib": 0.9052363378872204,
        "train_score": 0.9525812840763481,
        "test_score": 0.9052363378872204,
        "num_samples": 1834,
        "fit_time": 1385,
        "score_time": 177,
        "time": 1562,
        "parameters": {
            "criterion": "entropy",
            "max_depth": 8,
            "min_samples_leaf": 15,
            "splitter": "best"
        },
        "done_at": 1683018654201,
        "split_id": 3
    },
    {
        "test_score_gib": 0.9139683847158471,
        "train_score": 0.9511635817951793,
        "test_score": 0.9139683847158471,
        "num_samples": 1834,
        "fit_time": 1396,
        "score_time": 269,
        "time": 1665,
        "parameters": {
            "criterion": "entropy",
            "max_depth": 8,
            "min_samples_leaf": 15,
            "splitter": "best"
        },
        "done_at": 1683018654829,
        "split_id": 4
    },
    {
        "test_score_gib": 0.9071365256212999,
        "train_score": 0.9569860545227076,
        "test_score": 0.9071365256212999,
        "num_samples": 1835,
        "fit_time": 942,
        "score_time": 278,
        "time": 1220,
        "parameters": {
            "criterion": "entropy",
            "max_depth": 10,
            "min_samples_leaf": 19,
            "splitter": "best"
        },
        "done_at": 1683018655081,
        "split_id": 0
    },
    {
        "test_score_gib": 0.9183608205446036,
        "train_score": 0.9542569763466737,
        "test_score": 0.9183608205446036,
        "num_samples": 1835,
        "fit_time": 639,
        "score_time": 201,
        "time": 840,
        "parameters": {
            "criterion": "entropy",
            "max_depth": 10,
            "min_samples_leaf": 19,
            "splitter": "best"
        },
        "done_at": 1683018654843,
        "split_id": 1
    },
    {
        "test_score_gib": 0.9087778310266176,
        "train_score": 0.9582073718315882,
        "test_score": 0.9087778310266176,
        "num_samples": 1835,
        "fit_time": 699,
        "score_time": 144,
        "time": 843,
        "parameters": {
            "criterion": "entropy",
            "max_depth": 10,
            "min_samples_leaf": 19,
            "splitter": "best"
        },
        "done_at": 1683018655134,
        "split_id": 2
    },
    {
        "test_score_gib": 0.9123525767124946,
        "train_score": 0.9578924281492438,
        "test_score": 0.9123525767124946,
        "num_samples": 1834,
        "fit_time": 690,
        "score_time": 94,
        "time": 784,
        "parameters": {
            "criterion": "entropy",
            "max_depth": 10,
            "min_samples_leaf": 19,
            "splitter": "best"
        },
        "done_at": 1683018655628,
        "split_id": 3
    },
    {
        "test_score_gib": 0.9122487097922118,
        "train_score": 0.9551057563985899,
        "test_score": 0.9122487097922118,
        "num_samples": 1834,
        "fit_time": 445,
        "score_time": 204,
        "time": 649,
        "parameters": {
            "criterion": "entropy",
            "max_depth": 10,
            "min_samples_leaf": 19,
            "splitter": "best"
        },
        "done_at": 1683018655560,
        "split_id": 4
    },
    {
        "test_score_gib": 0.920885836489228,
        "train_score": 0.9385872001616397,
        "test_score": 0.920885836489228,
        "num_samples": 1835,
        "fit_time": 424,
        "score_time": 168,
        "time": 592,
        "parameters": {
            "criterion": "entropy",
            "max_depth": 5,
            "min_samples_leaf": 4,
            "splitter": "best"
        },
        "done_at": 1683018655765,
        "split_id": 0
    },
    {
        "test_score_gib": 0.9273672812703813,
        "train_score": 0.9357115458684027,
        "test_score": 0.9273672812703813,
        "num_samples": 1835,
        "fit_time": 444,
        "score_time": 136,
        "time": 580,
        "parameters": {
            "criterion": "entropy",
            "max_depth": 5,
            "min_samples_leaf": 4,
            "splitter": "best"
        },
        "done_at": 1683018655771,
        "split_id": 1
    },
    {
        "test_score_gib": 0.9298175286372661,
        "train_score": 0.9350398326236042,
        "test_score": 0.9298175286372661,
        "num_samples": 1835,
        "fit_time": 494,
        "score_time": 224,
        "time": 718,
        "parameters": {
            "criterion": "entropy",
            "max_depth": 5,
            "min_samples_leaf": 4,
            "splitter": "best"
        },
        "done_at": 1683018656350,
        "split_id": 2
    },
    {
        "test_score_gib": 0.9135167894102707,
        "train_score": 0.9365839076481106,
        "test_score": 0.9135167894102707,
        "num_samples": 1834,
        "fit_time": 328,
        "score_time": 168,
        "time": 496,
        "parameters": {
            "criterion": "entropy",
            "max_depth": 5,
            "min_samples_leaf": 4,
            "splitter": "best"
        },
        "done_at": 1683018656219,
        "split_id": 3
    },
    {
        "test_score_gib": 0.925245622686703,
        "train_score": 0.9365957950738507,
        "test_score": 0.925245622686703,
        "num_samples": 1834,
        "fit_time": 273,
        "score_time": 279,
        "time": 552,
        "parameters": {
            "criterion": "entropy",
            "max_depth": 5,
            "min_samples_leaf": 4,
            "splitter": "best"
        },
        "done_at": 1683018656324,
        "split_id": 4
    },
    {
        "test_score_gib": 0.9164889036224024,
        "train_score": 0.9314314668706406,
        "test_score": 0.9164889036224024,
        "num_samples": 1835,
        "fit_time": 303,
        "score_time": 288,
        "time": 591,
        "parameters": {
            "criterion": "entropy",
            "max_depth": 4,
            "min_samples_leaf": 3,
            "splitter": "best"
        },
        "done_at": 1683018656480,
        "split_id": 0
    },
    {
        "test_score_gib": 0.9243855464231793,
        "train_score": 0.9284026405349262,
        "test_score": 0.9243855464231793,
        "num_samples": 1835,
        "fit_time": 501,
        "score_time": 211,
        "time": 712,
        "parameters": {
            "criterion": "entropy",
            "max_depth": 4,
            "min_samples_leaf": 3,
            "splitter": "best"
        },
        "done_at": 1683018657037,
        "split_id": 1
    },
    {
        "test_score_gib": 0.9262205294696295,
        "train_score": 0.9275126980017842,
        "test_score": 0.9262205294696295,
        "num_samples": 1835,
        "fit_time": 392,
        "score_time": 110,
        "time": 502,
        "parameters": {
            "criterion": "entropy",
            "max_depth": 4,
            "min_samples_leaf": 3,
            "splitter": "best"
        },
        "done_at": 1683018656885,
        "split_id": 2
    },
    {
        "test_score_gib": 0.9174845057650656,
        "train_score": 0.9282829351552757,
        "test_score": 0.9174845057650656,
        "num_samples": 1834,
        "fit_time": 348,
        "score_time": 233,
        "time": 581,
        "parameters": {
            "criterion": "entropy",
            "max_depth": 4,
            "min_samples_leaf": 3,
            "splitter": "best"
        },
        "done_at": 1683018656972,
        "split_id": 3
    },
    {
        "test_score_gib": 0.9248138975745719,
        "train_score": 0.9285678390034664,
        "test_score": 0.9248138975745719,
        "num_samples": 1834,
        "fit_time": 334,
        "score_time": 134,
        "time": 468,
        "parameters": {
            "criterion": "entropy",
            "max_depth": 4,
            "min_samples_leaf": 3,
            "splitter": "best"
        },
        "done_at": 1683018657057,
        "split_id": 4
    },
    {
        "test_score_gib": 0.920885836489228,
        "train_score": 0.9385872001616397,
        "test_score": 0.920885836489228,
        "num_samples": 1835,
        "fit_time": 688,
        "score_time": 216,
        "time": 904,
        "parameters": {
            "criterion": "entropy",
            "max_depth": 5,
            "min_samples_leaf": 5,
            "splitter": "best"
        },
        "done_at": 1683018657876,
        "split_id": 0
    },
    {
        "test_score_gib": 0.9273672812703813,
        "train_score": 0.9357115458684027,
        "test_score": 0.9273672812703813,
        "num_samples": 1835,
        "fit_time": 843,
        "score_time": 46,
        "time": 889,
        "parameters": {
            "criterion": "entropy",
            "max_depth": 5,
            "min_samples_leaf": 5,
            "splitter": "best"
        },
        "done_at": 1683018657927,
        "split_id": 1
    },
    {
        "test_score_gib": 0.9298175286372661,
        "train_score": 0.9350398326236042,
        "test_score": 0.9298175286372661,
        "num_samples": 1835,
        "fit_time": 516,
        "score_time": 218,
        "time": 734,
        "parameters": {
            "criterion": "entropy",
            "max_depth": 5,
            "min_samples_leaf": 5,
            "splitter": "best"
        },
        "done_at": 1683018657795,
        "split_id": 2
    },
    {
        "test_score_gib": 0.9148426732274433,
        "train_score": 0.9365489214330174,
        "test_score": 0.9148426732274433,
        "num_samples": 1834,
        "fit_time": 572,
        "score_time": 100,
        "time": 672,
        "parameters": {
            "criterion": "entropy",
            "max_depth": 5,
            "min_samples_leaf": 5,
            "splitter": "best"
        },
        "done_at": 1683018657907,
        "split_id": 3
    },
    {
        "test_score_gib": 0.925245622686703,
        "train_score": 0.9365957950738507,
        "test_score": 0.925245622686703,
        "num_samples": 1834,
        "fit_time": 334,
        "score_time": 65,
        "time": 399,
        "parameters": {
            "criterion": "entropy",
            "max_depth": 5,
            "min_samples_leaf": 5,
            "splitter": "best"
        },
        "done_at": 1683018658275,
        "split_id": 4
    }
]