{
    "modelInputNRows": 9173,
    "modelInputNCols": 34,
    "modelInputIsSparse": false,
    "modelInputMemory": 2495056,
    "usedGridSearch": true,
    "gridSize": 24,
    "gridBestScore": 0.9249764279486825,
    "gridCells": [
        {
            "params": {
                "criterion": "entropy",
                "max_depth": 10,
                "min_samples_leaf": 9,
                "splitter": "best"
            },
            "score": 0.8926883309835817,
            "scoreStd": 0.006198931709147117,
            "fitTime": 0.5912000000000001,
            "fitTimeStd": 0.08328121036584422,
            "scoreTime": 0.1384,
            "scoreTimeStd": 0.11835134135277048
        },
        {
            "params": {
                "criterion": "entropy",
                "max_depth": 10,
                "min_samples_leaf": 8,
                "splitter": "best"
            },
            "score": 0.8871402943694717,
            "scoreStd": 0.004173129227434095,
            "fitTime": 1.1288,
            "fitTimeStd": 0.7130465342458373,
            "scoreTime": 0.2984,
            "scoreTimeStd": 0.23315110979791623
        },
        {
            "params": {
                "criterion": "entropy",
                "max_depth": 5,
                "min_samples_leaf": 19,
                "splitter": "best"
            },
            "score": 0.9249764279486825,
            "scoreStd": 0.0055281163646836474,
            "fitTime": 1.253,
            "fitTimeStd": 0.464958492771129,
            "scoreTime": 0.5672,
            "scoreTimeStd": 0.20227446699966853
        },
        {
            "params": {
                "criterion": "entropy",
                "max_depth": 5,
                "min_samples_leaf": 9,
                "splitter": "best"
            },
            "score": 0.9242204958523784,
            "scoreStd": 0.005163035727710847,
            "fitTime": 1.4994,
            "fitTimeStd": 0.3721626526130745,
            "scoreTime": 0.5156000000000001,
            "scoreTimeStd": 0.12526707468445172
        },
        {
            "params": {
                "criterion": "entropy",
                "max_depth": 4,
                "min_samples_leaf": 7,
                "splitter": "best"
            },
            "score": 0.9218788356192421,
            "scoreStd": 0.0040524727368009385,
            "fitTime": 0.8423999999999999,
            "fitTimeStd": 0.14855113597680766,
            "scoreTime": 0.2838,
            "scoreTimeStd": 0.15006585221162075
        },
        {
            "params": {
                "criterion": "entropy",
                "max_depth": 9,
                "min_samples_leaf": 2,
                "splitter": "best"
            },
            "score": 0.8678924637175497,
            "scoreStd": 0.015071744385886671,
            "fitTime": 1.2438,
            "fitTimeStd": 0.23557538071708595,
            "scoreTime": 0.19140000000000001,
            "scoreTimeStd": 0.08515773599620882
        },
        {
            "params": {
                "criterion": "entropy",
                "max_depth": 6,
                "min_samples_leaf": 7,
                "splitter": "best"
            },
            "score": 0.9184720932126051,
            "scoreStd": 0.005172147788859444,
            "fitTime": 0.8762000000000001,
            "fitTimeStd": 0.33905952279798895,
            "scoreTime": 0.2306,
            "scoreTimeStd": 0.03604219749127403
        },
        {
            "params": {
                "criterion": "entropy",
                "max_depth": 9,
                "min_samples_leaf": 19,
                "splitter": "best"
            },
            "score": 0.9147893067418413,
            "scoreStd": 0.0026482491696311725,
            "fitTime": 1.1202,
            "fitTimeStd": 0.24153376575543223,
            "scoreTime": 0.18059999999999998,
            "scoreTimeStd": 0.12347728536050669
        },
        {
            "params": {
                "criterion": "entropy",
                "max_depth": 5,
                "min_samples_leaf": 10,
                "splitter": "best"
            },
            "score": 0.924686146291061,
            "scoreStd": 0.005300604675605087,
            "fitTime": 0.498,
            "fitTimeStd": 0.0688331315574121,
            "scoreTime": 0.2296,
            "scoreTimeStd": 0.1328647432541831
        },
        {
            "params": {
                "criterion": "entropy",
                "max_depth": 3,
                "min_samples_leaf": 12,
                "splitter": "best"
            },
            "score": 0.9148110037540458,
            "scoreStd": 0.0039793400070339486,
            "fitTime": 0.31239999999999996,
            "fitTimeStd": 0.08211845103263943,
            "scoreTime": 0.117,
            "scoreTimeStd": 0.058093028841677725
        },
        {
            "params": {
                "criterion": "entropy",
                "max_depth": 4,
                "min_samples_leaf": 20,
                "splitter": "best"
            },
            "score": 0.9222797906967262,
            "scoreStd": 0.0045328874182869,
            "fitTime": 0.3698,
            "fitTimeStd": 0.05061383210151153,
            "scoreTime": 0.1544,
            "scoreTimeStd": 0.06847072367077772
        },
        {
            "params": {
                "criterion": "entropy",
                "max_depth": 9,
                "min_samples_leaf": 18,
                "splitter": "best"
            },
            "score": 0.914383785317647,
            "scoreStd": 0.0041032793925765846,
            "fitTime": 0.5084,
            "fitTimeStd": 0.04623678189493728,
            "scoreTime": 0.0868,
            "scoreTimeStd": 0.05459450521801622
        },
        {
            "params": {
                "criterion": "entropy",
                "max_depth": 10,
                "min_samples_leaf": 20,
                "splitter": "best"
            },
            "score": 0.9110493446882842,
            "scoreStd": 0.004204833720985524,
            "fitTime": 0.4278,
            "fitTimeStd": 0.07522871792075152,
            "scoreTime": 0.177,
            "scoreTimeStd": 0.06981976797440678
        },
        {
            "params": {
                "criterion": "entropy",
                "max_depth": 4,
                "min_samples_leaf": 4,
                "splitter": "best"
            },
            "score": 0.9218788356192421,
            "scoreStd": 0.0040524727368009385,
            "fitTime": 0.3486,
            "fitTimeStd": 0.12983466409245262,
            "scoreTime": 0.1738,
            "scoreTimeStd": 0.11195606281037217
        },
        {
            "params": {
                "criterion": "entropy",
                "max_depth": 7,
                "min_samples_leaf": 9,
                "splitter": "best"
            },
            "score": 0.9108374646093981,
            "scoreStd": 0.004866932866192371,
            "fitTime": 0.8212,
            "fitTimeStd": 0.1705443050940136,
            "scoreTime": 0.333,
            "scoreTimeStd": 0.2559257704882414
        },
        {
            "params": {
                "criterion": "entropy",
                "max_depth": 3,
                "min_samples_leaf": 8,
                "splitter": "best"
            },
            "score": 0.9148110037540458,
            "scoreStd": 0.0039793400070339486,
            "fitTime": 0.4462,
            "fitTimeStd": 0.27731238702950145,
            "scoreTime": 0.4144,
            "scoreTimeStd": 0.3381364221730631
        },
        {
            "params": {
                "criterion": "entropy",
                "max_depth": 7,
                "min_samples_leaf": 2,
                "splitter": "best"
            },
            "score": 0.8999835591177032,
            "scoreStd": 0.00700795248692459,
            "fitTime": 1.381,
            "fitTimeStd": 0.21705298892206024,
            "scoreTime": 0.44139999999999996,
            "scoreTimeStd": 0.16802452201985282
        },
        {
            "params": {
                "criterion": "entropy",
                "max_depth": 7,
                "min_samples_leaf": 7,
                "splitter": "best"
            },
            "score": 0.9087197624646356,
            "scoreStd": 0.006002544064265234,
            "fitTime": 1.3324,
            "fitTimeStd": 0.1324365508460561,
            "scoreTime": 0.3506,
            "scoreTimeStd": 0.2265503034648155
        },
        {
            "params": {
                "criterion": "entropy",
                "max_depth": 7,
                "min_samples_leaf": 19,
                "splitter": "best"
            },
            "score": 0.918174277731845,
            "scoreStd": 0.004144742802723022,
            "fitTime": 0.8987999999999999,
            "fitTimeStd": 0.2797823439747405,
            "scoreTime": 0.1778,
            "scoreTimeStd": 0.12255839424535556
        },
        {
            "params": {
                "criterion": "entropy",
                "max_depth": 8,
                "min_samples_leaf": 15,
                "splitter": "best"
            },
            "score": 0.9124359129270401,
            "scoreStd": 0.00398534028866418,
            "fitTime": 1.2132,
            "fitTimeStd": 0.15205183326747496,
            "scoreTime": 0.2282,
            "scoreTimeStd": 0.03722042450053465
        },
        {
            "params": {
                "criterion": "entropy",
                "max_depth": 10,
                "min_samples_leaf": 19,
                "splitter": "best"
            },
            "score": 0.9117751781966542,
            "scoreStd": 0.003858637534909072,
            "fitTime": 0.683,
            "fitTimeStd": 0.1587236592320124,
            "scoreTime": 0.18419999999999997,
            "scoreTimeStd": 0.06200774145217676
        },
        {
            "params": {
                "criterion": "entropy",
                "max_depth": 5,
                "min_samples_leaf": 4,
                "splitter": "best"
            },
            "score": 0.9233674806414603,
            "scoreStd": 0.005732445026314826,
            "fitTime": 0.3926,
            "fitTimeStd": 0.08048254469138012,
            "scoreTime": 0.195,
            "scoreTimeStd": 0.050667543852055824
        },
        {
            "params": {
                "criterion": "entropy",
                "max_depth": 4,
                "min_samples_leaf": 3,
                "splitter": "best"
            },
            "score": 0.9218788356192421,
            "scoreStd": 0.0040524727368009385,
            "fitTime": 0.37560000000000004,
            "fitTimeStd": 0.06893068982681082,
            "scoreTime": 0.19519999999999998,
            "scoreTimeStd": 0.06526070793364105
        },
        {
            "params": {
                "criterion": "entropy",
                "max_depth": 5,
                "min_samples_leaf": 5,
                "splitter": "best"
            },
            "score": 0.9236325706796914,
            "scoreStd": 0.00528388981839871,
            "fitTime": 0.5906,
            "fitTimeStd": 0.17026285560861476,
            "scoreTime": 0.129,
            "scoreTimeStd": 0.07391346291441094
        }
    ],
    "rawImportance": {
        "variables": [
            "BounceRates",
            "ExitRates",
            "PageValues",
            "Administrative_Duration",
            "ProductRelated",
            "Administrative",
            "ProductRelated_Duration",
            "OperatingSystems",
            "TrafficType",
            "dummy:Month:May",
            "dummy:Month:Nov",
            "dummy:Month:Mar",
            "dummy:Weekend:FALSE"
        ],
        "importances": [
            0.02334418149606403,
            0.008130711567396328,
            0.7207862230268586,
            0.022588907996504922,
            0.013736232777534375,
            0.009104915405630357,
            0.018020873163020697,
            0.00141099876017677,
            0.005617240803182538,
            0.036083141466669834,
            0.10352672148723367,
            0.0365639093299516,
            0.0010859427197763773
        ]
    },
    "probaAware": true
}