{
    "metrics": {},
    "processed_feature_names": [
        "BounceRates",
        "ExitRates",
        "Informational_Duration",
        "PageValues",
        "Administrative_Duration",
        "ProductRelated",
        "Administrative",
        "ProductRelated_Duration",
        "OperatingSystems",
        "Region",
        "Informational",
        "Browser",
        "TrafficType",
        "dummy:Month:May",
        "dummy:Month:Nov",
        "dummy:Month:Mar",
        "dummy:Month:Dec",
        "dummy:Month:Oct",
        "dummy:Month:Jul",
        "dummy:Month:Sep",
        "dummy:Month:Aug",
        "dummy:Month:June",
        "dummy:Month:Feb",
        "dummy:Month:N/A",
        "dummy:Month:__Others__",
        "dummy:Weekend:FALSE",
        "dummy:Weekend:TRUE",
        "dummy:Weekend:N/A",
        "dummy:Weekend:__Others__",
        "dummy:VisitorType:Returning_Visitor",
        "dummy:VisitorType:New_Visitor",
        "dummy:VisitorType:Other",
        "dummy:VisitorType:N/A",
        "dummy:VisitorType:__Others__"
    ],
    "tiMetrics": {
        "auc": 0.9304113924050632,
        "logLoss": 0.322392362506573,
        "lift": 1.8180379746835442,
        "calibrationLoss": 0.008605732257766043
    },
    "probaPercentiles": [
        0.0,
        0.0,
        0.0,
        0.0,
        0.0,
        0.0,
        0.0,
        0.0,
        0.0,
        0.0,
        0.0,
        0.0,
        0.0,
        0.0,
        0.0,
        0.0,
        0.0,
        0.0,
        0.0,
        0.0,
        0.04771036230979884,
        0.05386968208360385,
        0.05386968208360385,
        0.05386968208360385,
        0.05386968208360385,
        0.05386968208360385,
        0.05386968208360385,
        0.05386968208360385,
        0.05386968208360385,
        0.28080142151542087,
        0.28080142151542087,
        0.28080142151542087,
        0.28080142151542087,
        0.28080142151542087,
        0.28080142151542087,
        0.28080142151542087,
        0.28080142151542087,
        0.28080142151542087,
        0.28080142151542087,
        0.339987002717661,
        0.339987002717661,
        0.339987002717661,
        0.339987002717661,
        0.339987002717661,
        0.339987002717661,
        0.339987002717661,
        0.339987002717661,
        0.5210499892419127,
        0.5210499892419127,
        0.5210499892419127,
        0.5210499892419127,
        0.6496998806629573,
        0.6496998806629573,
        0.6496998806629573,
        0.6496998806629573,
        0.6496998806629573,
        0.6895499722037669,
        0.6918847072755651,
        0.6918847072755651,
        0.6918847072755651,
        0.791998255750572,
        0.791998255750572,
        0.791998255750572,
        0.8207716143020168,
        0.8207716143020168,
        0.8207716143020168,
        0.8364177495805112,
        0.8427405322571783,
        0.8427405322571783,
        0.8568043657728556,
        0.8568043657728556,
        0.8709665520071561,
        0.9060684630279956,
        0.9060684630279956,
        0.9266937658964646,
        0.9266937658964646,
        0.9266937658964646,
        0.951528221572369,
        0.951528221572369,
        0.951528221572369,
        0.951528221572369,
        0.951528221572369,
        0.951528221572369,
        0.9517332535874361,
        0.9517332535874361,
        0.9517332535874361,
        0.9517332535874361,
        0.9519225923499471,
        0.9743003064590655,
        0.9743003064590655,
        0.9743003064590655,
        0.9743003064590655,
        0.9743003064590655,
        0.9743003064590655,
        0.9856193189526522,
        1.0,
        1.0,
        1.0,
        1.0
    ],
    "perCutData": {
        "cut": [
            0.0,
            0.025,
            0.05,
            0.075,
            0.1,
            0.125,
            0.15,
            0.175,
            0.2,
            0.225,
            0.25,
            0.275,
            0.3,
            0.325,
            0.35,
            0.375,
            0.4,
            0.425,
            0.45,
            0.475,
            0.5,
            0.525,
            0.55,
            0.575,
            0.6,
            0.625,
            0.65,
            0.675,
            0.7,
            0.725,
            0.75,
            0.775,
            0.8,
            0.825,
            0.85,
            0.875,
            0.9,
            0.925,
            0.95,
            0.975
        ],
        "tp": [
            1580,
            1580,
            1579,
            1567,
            1567,
            1567,
            1565,
            1565,
            1565,
            1561,
            1561,
            1561,
            1468,
            1468,
            1385,
            1385,
            1385,
            1382,
            1382,
            1382,
            1382,
            1329,
            1329,
            1329,
            1329,
            1329,
            1214,
            1214,
            1138,
            1138,
            1138,
            1138,
            1065,
            990,
            920,
            826,
            826,
            762,
            691,
            162
        ],
        "tn": [
            663,
            663,
            677,
            909,
            909,
            909,
            913,
            913,
            913,
            919,
            919,
            919,
            1143,
            1143,
            1309,
            1309,
            1309,
            1316,
            1316,
            1316,
            1316,
            1369,
            1369,
            1369,
            1369,
            1369,
            1433,
            1433,
            1472,
            1472,
            1472,
            1472,
            1497,
            1513,
            1523,
            1541,
            1541,
            1543,
            1546,
            1579
        ],
        "fp": [
            917,
            917,
            903,
            671,
            671,
            671,
            667,
            667,
            667,
            661,
            661,
            661,
            437,
            437,
            271,
            271,
            271,
            264,
            264,
            264,
            264,
            211,
            211,
            211,
            211,
            211,
            147,
            147,
            108,
            108,
            108,
            108,
            83,
            67,
            57,
            39,
            39,
            37,
            34,
            1
        ],
        "fn": [
            0,
            0,
            1,
            13,
            13,
            13,
            15,
            15,
            15,
            19,
            19,
            19,
            112,
            112,
            195,
            195,
            195,
            198,
            198,
            198,
            198,
            251,
            251,
            251,
            251,
            251,
            366,
            366,
            442,
            442,
            442,
            442,
            515,
            590,
            660,
            754,
            754,
            818,
            889,
            1418
        ],
        "precision": [
            0.6327593111734081,
            0.6327593111734081,
            0.6361804995970991,
            0.7001787310098302,
            0.7001787310098302,
            0.7001787310098302,
            0.7011648745519713,
            0.7011648745519713,
            0.7011648745519713,
            0.7025202520252025,
            0.7025202520252025,
            0.7025202520252025,
            0.7706036745406825,
            0.7706036745406825,
            0.836352657004831,
            0.836352657004831,
            0.836352657004831,
            0.8396111786148238,
            0.8396111786148238,
            0.8396111786148238,
            0.8396111786148238,
            0.862987012987013,
            0.862987012987013,
            0.862987012987013,
            0.862987012987013,
            0.862987012987013,
            0.8919911829537105,
            0.8919911829537105,
            0.913322632423756,
            0.913322632423756,
            0.913322632423756,
            0.913322632423756,
            0.9277003484320557,
            0.9366130558183539,
            0.9416581371545547,
            0.9549132947976878,
            0.9549132947976878,
            0.9536921151439299,
            0.953103448275862,
            0.9938650306748467
        ],
        "recall": [
            1.0,
            1.0,
            0.9993670886075949,
            0.9917721518987341,
            0.9917721518987341,
            0.9917721518987341,
            0.990506329113924,
            0.990506329113924,
            0.990506329113924,
            0.9879746835443038,
            0.9879746835443038,
            0.9879746835443038,
            0.9291139240506329,
            0.9291139240506329,
            0.8765822784810127,
            0.8765822784810127,
            0.8765822784810127,
            0.8746835443037975,
            0.8746835443037975,
            0.8746835443037975,
            0.8746835443037975,
            0.8411392405063292,
            0.8411392405063292,
            0.8411392405063292,
            0.8411392405063292,
            0.8411392405063292,
            0.7683544303797468,
            0.7683544303797468,
            0.720253164556962,
            0.720253164556962,
            0.720253164556962,
            0.720253164556962,
            0.6740506329113924,
            0.6265822784810127,
            0.5822784810126582,
            0.5227848101265823,
            0.5227848101265823,
            0.48227848101265824,
            0.43734177215189873,
            0.10253164556962026
        ],
        "accuracy": [
            0.7098101265822785,
            0.7098101265822785,
            0.7139240506329114,
            0.7835443037974683,
            0.7835443037974683,
            0.7835443037974683,
            0.7841772151898734,
            0.7841772151898734,
            0.7841772151898734,
            0.7848101265822784,
            0.7848101265822784,
            0.7848101265822784,
            0.8262658227848101,
            0.8262658227848101,
            0.8525316455696202,
            0.8525316455696202,
            0.8525316455696202,
            0.8537974683544304,
            0.8537974683544304,
            0.8537974683544304,
            0.8537974683544304,
            0.8537974683544304,
            0.8537974683544304,
            0.8537974683544304,
            0.8537974683544304,
            0.8537974683544304,
            0.8376582278481013,
            0.8376582278481013,
            0.8259493670886076,
            0.8259493670886076,
            0.8259493670886076,
            0.8259493670886076,
            0.8107594936708861,
            0.7920886075949367,
            0.7731012658227848,
            0.7490506329113924,
            0.7490506329113924,
            0.7294303797468354,
            0.7079113924050633,
            0.5509493670886076
        ],
        "f1": [
            0.7750797154770666,
            0.7750797154770666,
            0.777449532250123,
            0.820848611838659,
            0.820848611838659,
            0.820848611838659,
            0.8210912906610702,
            0.8210912906610702,
            0.8210912906610702,
            0.8211467648605997,
            0.8211467648605997,
            0.8211467648605997,
            0.8424677187948351,
            0.8424677187948351,
            0.8559950556242275,
            0.8559950556242275,
            0.8559950556242275,
            0.856788592684439,
            0.856788592684439,
            0.856788592684439,
            0.856788592684439,
            0.8519230769230769,
            0.8519230769230769,
            0.8519230769230769,
            0.8519230769230769,
            0.8519230769230769,
            0.8255695341720503,
            0.8255695341720503,
            0.805378627034678,
            0.805378627034678,
            0.805378627034678,
            0.805378627034678,
            0.780791788856305,
            0.7508532423208192,
            0.7195932733672272,
            0.6756646216768917,
            0.6756646216768917,
            0.6406052963430012,
            0.5995661605206074,
            0.1858864027538726
        ],
        "mcc": [
            0.5152849913851715,
            0.5152849913851715,
            0.5211118636318062,
            0.6237527998186292,
            0.6237527998186292,
            0.6237527998186292,
            0.623957850704826,
            0.623957850704826,
            0.623957850704826,
            0.6234032512703302,
            0.6234032512703302,
            0.6234032512703302,
            0.6667903598481042,
            0.6667903598481042,
            0.7058803729636828,
            0.7058803729636828,
            0.7058803729636828,
            0.7082130914828195,
            0.7082130914828195,
            0.7082130914828195,
            0.7082130914828195,
            0.7078218026770846,
            0.7078218026770846,
            0.7078218026770846,
            0.7078218026770846,
            0.7078218026770846,
            0.6818985628674543,
            0.6818985628674543,
            0.6669714387444212,
            0.6669714387444212,
            0.6669714387444212,
            0.6669714387444212,
            0.6461398932048186,
            0.6190768598199786,
            0.590930826531107,
            0.5585670766255425,
            0.5585670766255425,
            0.5278574110529421,
            0.494477896946442,
            0.23035025765190822
        ],
        "hammingLoss": [
            0.2901898734177215,
            0.2901898734177215,
            0.2860759493670886,
            0.2164556962025317,
            0.2164556962025317,
            0.2164556962025317,
            0.21582278481012662,
            0.21582278481012662,
            0.21582278481012662,
            0.21518987341772156,
            0.21518987341772156,
            0.21518987341772156,
            0.1737341772151899,
            0.1737341772151899,
            0.14746835443037976,
            0.14746835443037976,
            0.14746835443037976,
            0.14620253164556962,
            0.14620253164556962,
            0.14620253164556962,
            0.14620253164556962,
            0.14620253164556962,
            0.14620253164556962,
            0.14620253164556962,
            0.14620253164556962,
            0.14620253164556962,
            0.1623417721518987,
            0.1623417721518987,
            0.17405063291139244,
            0.17405063291139244,
            0.17405063291139244,
            0.17405063291139244,
            0.18924050632911393,
            0.2079113924050633,
            0.22689873417721518,
            0.2509493670886076,
            0.2509493670886076,
            0.27056962025316456,
            0.2920886075949367,
            0.44905063291139236
        ],
        "assertionsMetrics": []
    },
    "optimalThreshold": 0.425,
    "usedThreshold": 0.425,
    "rocVizData": [
        [
            {
                "x": 0.0,
                "y": 0.0,
                "p": 2.0
            },
            {
                "x": 0.0,
                "y": 0.0930379746835443,
                "p": 1.0
            },
            {
                "x": 0.00569620253164557,
                "y": 0.22151898734177214,
                "p": 0.9743003064590655
            },
            {
                "x": 0.014556962025316455,
                "y": 0.31075949367088607,
                "p": 0.9517332535874361
            },
            {
                "x": 0.021518987341772152,
                "y": 0.43734177215189873,
                "p": 0.951528221572369
            },
            {
                "x": 0.024683544303797468,
                "y": 0.5227848101265823,
                "p": 0.9060684630279956
            },
            {
                "x": 0.036075949367088606,
                "y": 0.5822784810126582,
                "p": 0.8568043657728556
            },
            {
                "x": 0.052531645569620256,
                "y": 0.6740506329113924,
                "p": 0.8207716143020168
            },
            {
                "x": 0.08670886075949367,
                "y": 0.7556962025316456,
                "p": 0.6918847072755651
            },
            {
                "x": 0.13354430379746834,
                "y": 0.8411392405063292,
                "p": 0.6496998806629573
            },
            {
                "x": 0.17151898734177215,
                "y": 0.8765822784810127,
                "p": 0.40908834956923246
            },
            {
                "x": 0.27658227848101263,
                "y": 0.9291139240506329,
                "p": 0.339987002717661
            },
            {
                "x": 0.41835443037974684,
                "y": 0.9879746835443038,
                "p": 0.28080142151542087
            },
            {
                "x": 0.5715189873417722,
                "y": 0.9993670886075949,
                "p": 0.05386968208360385
            },
            {
                "x": 1.0,
                "y": 1.0,
                "p": 0.0
            }
        ]
    ],
    "liftVizData": {
        "bins": [
            {
                "bin_pos_prop": 0.9531034483,
                "bin_lift": 1.9062068966,
                "cum_lift": 0.4373417722,
                "cum_size": 0.2294303797,
                "bin_min": 0.9266937659,
                "bin_max": 1.0,
                "percentile_idx": 0
            },
            {
                "bin_pos_prop": 0.7828220859,
                "bin_lift": 1.5656441718,
                "cum_lift": 0.8411392405,
                "cum_size": 0.4873417722,
                "bin_min": 0.5210499892,
                "bin_max": 0.9266937659,
                "percentile_idx": 1
            },
            {
                "bin_pos_prop": 0.340974212,
                "bin_lift": 0.6819484241,
                "cum_lift": 0.9917721519,
                "cum_size": 0.7082278481,
                "bin_min": 0.0538696821,
                "bin_max": 0.5210499892,
                "percentile_idx": 2
            },
            {
                "bin_pos_prop": 0.0140997831,
                "bin_lift": 0.0281995662,
                "cum_lift": 1.0,
                "cum_size": 1.0,
                "bin_min": 0.0,
                "bin_max": 0.0538696821,
                "percentile_idx": 3
            }
        ],
        "wizard": {
            "positives": 1580,
            "total": 3160
        }
    },
    "densityData": {
        "FALSE": {
            "correct": [
                0.1258752999906127,
                0.14169407225786362,
                0.1569474363398646,
                0.17132344836775934,
                0.18462979274317567,
                0.19680997904861083,
                0.20793686575079534,
                0.21818341338498232,
                0.22777519761465811,
                0.23693329389001136,
                0.24581873455499162,
                0.25449016754720355,
                0.26288438927556784,
                0.27082536496183834,
                0.27806191911541656,
                0.2843285022969219,
                0.28941842667239265,
                0.2932556891726368,
                0.29595063721076714,
                0.29782653111002944,
                0.29940832128237355,
                0.3013710705476665,
                0.3044524689162494,
                0.3093406714697601,
                0.31655407075111847,
                0.3263325730012844,
                0.3385597863215188,
                0.3527320217072307,
                0.3679834842704551,
                0.38316837811346477,
                0.3969912074158492,
                0.40816793088233355,
                0.4155944081879986,
                0.4184960469967727,
                0.4165344187933138,
                0.40985279890614906,
                0.39905222593259815,
                0.38510119061499665,
                0.3691934344047526,
                0.35257747290169394,
                0.33638660882102855,
                0.3214983186729227,
                0.3084468845488585,
                0.29740388321038114,
                0.2882293487505723,
                0.28058427861287677,
                0.27408486275056415,
                0.2684721514077191,
                0.26376881859970386,
                0.26039725928896384,
                0.2592396364948092,
                0.26162922567570235,
                0.269271830854329,
                0.2841046920249375,
                0.3081071486397264,
                0.343081915897011,
                0.3904282026279364,
                0.4509283722930608,
                0.5245688017553907,
                0.6104133005687854,
                0.7065440353524067,
                0.8100803813960358,
                0.9172805386513546,
                1.0237242708847483,
                1.1245681034493513,
                1.2148572625569987,
                1.2898721911235314,
                1.345482335189439,
                1.3784767935813795,
                1.3868410810396745,
                1.3699522822002799,
                1.3286715984675883,
                1.2653235225383095,
                1.1835636969305807,
                1.08815120339383,
                0.9846532422800528,
                0.8791183648798198,
                0.7777565357908663,
                0.6866593325457699,
                0.61158206138505,
                0.5577935843109141,
                0.5299825254531989,
                0.5321940651937781,
                0.5677631880187927,
                0.6392103321650071,
                0.7480745470226443,
                0.8946763380675837,
                1.0778245883969275,
                1.2945053373049404,
                1.5396102380682086,
                1.8057747575878207,
                2.0833969297305277,
                2.360894489200387,
                2.6252313422852134,
                2.8627060041673476,
                3.059950003669878,
                3.2050407919521144,
                3.288600071693617,
                3.304732856412473,
                3.2516706005020293
            ],
            "incorrect": [
                2.795715123254465,
                3.0756732443023163,
                3.2991021815949177,
                3.4531140302860646,
                3.5305782030340844,
                3.5310430520935925,
                3.4606962081855634,
                3.3313482389025753,
                3.1586154703886633,
                2.959634280068356,
                2.750723330152594,
                2.545403243371779,
                2.353089961239152,
                2.1786247040364395,
                2.022629225552024,
                1.882520450877073,
                1.753914792246826,
                1.632114647915309,
                1.5133958001731376,
                1.3958891052524642,
                1.2799503869542392,
                1.168015809769527,
                1.06402783879216,
                0.9725778231237041,
                0.8979409013553025,
                0.8431784756032058,
                0.8094576761943538,
                0.7956927260065557,
                0.798557441783227,
                0.8128590157639942,
                0.8322082202057824,
                0.8498771453830004,
                0.8597082411064975,
                0.856931731284043,
                0.8387639031910087,
                0.804694754493817,
                0.7564250183422817,
                0.697471522921314,
                0.6325159146517952,
                0.566614480412629,
                0.5044077093156428,
                0.4494630863028357,
                0.4038545632038571,
                0.3680336650275798,
                0.3409905730181408,
                0.3206505690530428,
                0.3044125152944698,
                0.2897186419996526,
                0.27455089581652803,
                0.25777522502307615,
                0.23929383484488098,
                0.22000666523708265,
                0.20161746021285198,
                0.18634004612947475,
                0.1765646611894104,
                0.17453504388938684,
                0.18207056320025017,
                0.20035090818307494,
                0.22976894519532495,
                0.26985206131296163,
                0.31925192071377223,
                0.3758033479152461,
                0.436651545315147,
                0.49844168044087833,
                0.5575573221328425,
                0.6103872395751027,
                0.6535965131331115,
                0.6843787351630856,
                0.7006700147635353,
                0.7013099581565231,
                0.6861377055300082,
                0.6560123937536451,
                0.6127491817430512,
                0.5589671617619154,
                0.497855782882867,
                0.43288070425133135,
                0.36746424887759305,
                0.3046845020204137,
                0.24703638341531922,
                0.19628668677574407,
                0.1534358814316183,
                0.11877790383234253,
                0.09203132472061323,
                0.07250566624046731,
                0.05926684289263849,
                0.051274263700381996,
                0.04747550777683153,
                0.04685841058679911,
                0.048471202553742335,
                0.05142679030762888,
                0.05490686726840288,
                0.05817636963201376,
                0.06061104804516305,
                0.06173324155566589,
                0.06124568122436157,
                0.05905177351632907,
                0.05525349611463674,
                0.050123688410272815,
                0.044056182598600065,
                0.03750276706889868
            ],
            "correctMedian": 0.9461303179163962,
            "incorrectMedian": 0.09393153697200438
        },
        "TRUE": {
            "correct": [
                0.03750276706889895,
                0.044056182598599905,
                0.05012368841027264,
                0.05525349611463674,
                0.059051773516329176,
                0.061245681224361734,
                0.061733241555665945,
                0.06061104804516299,
                0.05817636963201376,
                0.054906867268403076,
                0.05142679030762869,
                0.04847120255374272,
                0.04685841058679936,
                0.04747550777683182,
                0.051274263700382176,
                0.05926684289263865,
                0.07250566624046763,
                0.0920313247206138,
                0.11877790383234307,
                0.1534358814316198,
                0.1962866867757446,
                0.24703638341531967,
                0.30468450202041614,
                0.3674642488775927,
                0.43288070425132946,
                0.4978557828828657,
                0.5589671617619179,
                0.6127491817430517,
                0.6560123937536462,
                0.6861377055300106,
                0.70130995815653,
                0.7006700147635472,
                0.6843787351630868,
                0.6535965131331022,
                0.6103872395751038,
                0.5575573221328405,
                0.4984416804408801,
                0.43665154531514505,
                0.37580334791524345,
                0.3192519207137705,
                0.26985206131295925,
                0.22976894519532395,
                0.2003509081830753,
                0.18207056320024986,
                0.17453504388938718,
                0.1765646611894104,
                0.18634004612947458,
                0.20161746021285307,
                0.22000666523708323,
                0.23929383484488312,
                0.2577752250230759,
                0.2745508958165251,
                0.2897186419996518,
                0.304412515294476,
                0.3206505690530365,
                0.3409905730181371,
                0.36803366502757323,
                0.40385456320385743,
                0.4494630863028265,
                0.5044077093156352,
                0.566614480412626,
                0.6325159146518015,
                0.6974715229213146,
                0.7564250183422683,
                0.8046947544938184,
                0.8387639031909945,
                0.85693173128403,
                0.8597082411065181,
                0.8498771453830042,
                0.8322082202057595,
                0.8128590157639827,
                0.7985574417832341,
                0.7956927260065698,
                0.8094576761943373,
                0.8431784756031909,
                0.8979409013553128,
                0.9725778231237093,
                1.0640278387921693,
                1.1680158097695394,
                1.279950386954212,
                1.3958891052525162,
                1.513395800173131,
                1.632114647915364,
                1.753914792246815,
                1.8825204508771083,
                2.0226292255520315,
                2.1786247040364706,
                2.353089961239169,
                2.545403243371842,
                2.7507233301526623,
                2.959634280068382,
                3.1586154703886917,
                3.33134823890254,
                3.4606962081854715,
                3.5310430520936804,
                3.5305782030340844,
                3.4531140302860526,
                3.2991021815949058,
                3.0756732443023926,
                2.795715123254455
            ],
            "incorrect": [
                3.251670600502064,
                3.3047328564125666,
                3.2886000716936286,
                3.2050407919521713,
                3.059950003669818,
                2.8627060041673373,
                2.625231342285078,
                2.3608944892004082,
                2.083396929730498,
                1.8057747575877694,
                1.5396102380682128,
                1.2945053373049553,
                1.0778245883969286,
                0.8946763380675726,
                0.748074547022637,
                0.6392103321650031,
                0.5677631880187689,
                0.5321940651937601,
                0.5299825254531938,
                0.5577935843109334,
                0.6115820613850722,
                0.6866593325457699,
                0.7777565357909161,
                0.8791183648798517,
                0.9846532422800545,
                1.088151203393834,
                1.1835636969306322,
                1.2653235225383197,
                1.3286715984676403,
                1.369952282200241,
                1.3868410810396732,
                1.3784767935813844,
                1.3454823351894092,
                1.2898721911235176,
                1.2148572625567937,
                1.1245681034493533,
                1.0237242708847356,
                0.9172805386513628,
                0.8100803813960286,
                0.7065440353523966,
                0.6104133005687967,
                0.5245688017554009,
                0.45092837229305,
                0.3904282026279374,
                0.3430819158970128,
                0.3081071486397209,
                0.2841046920249375,
                0.26927183085433404,
                0.2616292256756984,
                0.25923963649480525,
                0.26039725928897006,
                0.26376881859970225,
                0.26847215140771696,
                0.2740848627505646,
                0.28058427861287377,
                0.28822934875057077,
                0.29740388321037586,
                0.3084468845488585,
                0.3214983186729247,
                0.33638660882102556,
                0.3525774729016986,
                0.3691934344047533,
                0.38510119061499737,
                0.3990522259325939,
                0.4098527989061447,
                0.4165344187933123,
                0.4184960469967753,
                0.41559440818800003,
                0.4081679308823357,
                0.39699120741584565,
                0.3831683781134634,
                0.36798348427045274,
                0.35273202170723167,
                0.3385597863215179,
                0.3263325730012829,
                0.31655407075111763,
                0.30934067146976035,
                0.30445246891625316,
                0.30137107054766593,
                0.2994083212823741,
                0.2978265311100289,
                0.29595063721076686,
                0.2932556891726347,
                0.28941842667238904,
                0.2843285022969224,
                0.2780619191154158,
                0.27082536496183834,
                0.26288438927556645,
                0.2544901675472047,
                0.24581873455499467,
                0.23693329389000736,
                0.2277751976146551,
                0.21818341338498679,
                0.2079368657507968,
                0.19680997904861083,
                0.18462979274317567,
                0.1713234483677601,
                0.15694743633986433,
                0.14169407225786287,
                0.12587529999061292
            ],
            "correctMedian": 0.9060684630279956,
            "incorrectMedian": 0.05386968208360385
        }
    },
    "calibrationData": [
        {
            "y": 0,
            "x": 0,
            "n": 0
        },
        {
            "y": 0.014099783080260303,
            "x": 0.015032383799399486,
            "n": 922.0
        },
        {
            "y": 0.3333333333333333,
            "x": 0.1475396519160863,
            "n": 6.0
        },
        {
            "y": 0.2966360856269113,
            "x": 0.2789419952637113,
            "n": 327.0
        },
        {
            "y": 0.3333333333333333,
            "x": 0.3399870027176611,
            "n": 249.0
        },
        {
            "y": 0.3,
            "x": 0.40908834956923246,
            "n": 10.0
        },
        {
            "y": 0.5,
            "x": 0.5210499892419128,
            "n": 106.0
        },
        {
            "y": 0.6496598639455783,
            "x": 0.6659625099428754,
            "n": 294.0
        },
        {
            "y": 0.7448979591836735,
            "x": 0.791998255750572,
            "n": 98.0
        },
        {
            "y": 0.8445229681978799,
            "x": 0.8422555365347537,
            "n": 283.0
        },
        {
            "y": 0.9549132947976878,
            "x": 0.9600047286182262,
            "n": 865.0
        },
        {
            "y": 1,
            "x": 1,
            "n": 0
        }
    ],
    "probaDistribData": {
        "bins": [
            0.0,
            0.1,
            0.2,
            0.3,
            0.4,
            0.5,
            0.6,
            0.7,
            0.8,
            0.9,
            1.0
        ],
        "probaDistribs": [
            [
                909.0,
                4.0,
                230.0,
                166.0,
                7.0,
                53.0,
                103.0,
                25.0,
                44.0,
                39.0
            ],
            [
                13.0,
                2.0,
                97.0,
                83.0,
                3.0,
                53.0,
                191.0,
                73.0,
                239.0,
                826.0
            ]
        ]
    },
    "globalMetrics": {
        "testWeight": 3160,
        "targetAvg": [
            0.5
        ],
        "targetStd": [
            0.5000791327060427
        ],
        "predictionAvg": [
            0.5208860759493671
        ],
        "predictionStd": [
            0.4995635813702169
        ]
    }
}