{
  "state": "DONE",
  "preSearchDescription": {
    "gridLength": 24,
    "searchStrategy": "RANDOM",
    "importantParams": [
      {
        "name": "max_depth",
        "min": "3",
        "max": "10"
      },
      {
        "name": "min_samples",
        "min": "1",
        "max": "20"
      },
      {
        "name": "criterion",
        "vals": [
          "entropy"
        ]
      }
    ]
  },
  "postSearchDescription": {
    "importantParams": [
      {
        "name": "criterion",
        "val": "entropy"
      },
      {
        "name": "max_depth",
        "val": "5"
      },
      {
        "name": "min_samples",
        "val": "19"
      }
    ]
  },
  "resumed": false,
  "timeOrderingEnabled": false,
  "sampleWeightsEnabled": false,
  "modelId": "m1",
  "progress": {
    "top_level_todo": [],
    "stack": [],
    "top_level_done": [
      {
        "name": "Loading train set",
        "time": 168
      },
      {
        "name": "Loading test set",
        "time": 46
      },
      {
        "name": "Collecting statistics",
        "time": 137
      },
      {
        "name": "Preprocessing train set",
        "time": 347
      },
      {
        "name": "Preprocessing test set",
        "time": 201
      },
      {
        "name": "Hyperparameter searching",
        "time": 35439
      },
      {
        "name": "Fitting model",
        "time": 726
      },
      {
        "name": "Saving model",
        "time": 5
      },
      {
        "name": "Scoring model",
        "time": 5116
      },
      {
        "name": "Preparing explainability",
        "time": 2113
      }
    ]
  },
  "startTime": 1683018622598,
  "endTime": 1683018666927,
  "preprocessingTime": 919,
  "trainingTime": 43410,
  "hyperparamsSearchTime": 35439,
  "pythonVersion": "3.6.8"
}