{
    "tree": {
        "leftChild": [
            1,
            2,
            3,
            4,
            5,
            -1,
            -1,
            -1,
            -1,
            10,
            11,
            12,
            -1,
            -1,
            15,
            -1,
            -1,
            18,
            19,
            -1,
            -1,
            22,
            -1,
            -1,
            25,
            26,
            27,
            28,
            -1,
            -1,
            31,
            -1,
            -1,
            34,
            35,
            -1,
            -1,
            38,
            -1,
            -1,
            41,
            42,
            43,
            -1,
            -1,
            46,
            -1,
            -1,
            49,
            50,
            -1,
            -1,
            53,
            -1,
            -1
        ],
        "rightChild": [
            24,
            9,
            8,
            7,
            6,
            -1,
            -1,
            -1,
            -1,
            17,
            14,
            13,
            -1,
            -1,
            16,
            -1,
            -1,
            21,
            20,
            -1,
            -1,
            23,
            -1,
            -1,
            40,
            33,
            30,
            29,
            -1,
            -1,
            32,
            -1,
            -1,
            37,
            36,
            -1,
            -1,
            39,
            -1,
            -1,
            48,
            45,
            44,
            -1,
            -1,
            47,
            -1,
            -1,
            52,
            51,
            -1,
            -1,
            54,
            -1,
            -1
        ],
        "impurity": [
            0.9999999999999826,
            0.6781212124570735,
            0.420575674560643,
            0.5484688851901716,
            0.6853680079809581,
            0.30261303196861455,
            0.856540506738031,
            -2.159109463571416e-13,
            0.0,
            0.9754941980245506,
            0.8716414208486337,
            0.9043646050260219,
            0.9248062669239978,
            0.2765899506281776,
            0.3103078366863865,
            0.0,
            0.6036488798818933,
            0.9890250839451502,
            0.9992828952922278,
            0.7601641853138341,
            0.9987210998028921,
            0.9183289309965796,
            0.9760192903531488,
            0.8909858952688879,
            0.5329302482846836,
            0.33788581639734966,
            0.4938036527371864,
            0.3660430634423695,
            0.27986936805391527,
            0.6428109717387125,
            0.7123221614967203,
            0.8936922553245417,
            0.5925470915541474,
            0.16811970182854727,
            0.014967909706157979,
            0.10860284106283838,
            0.0,
            0.23692657634091938,
            0.17234473493468688,
            0.37814246672152924,
            0.7022748195303632,
            0.805714098069572,
            0.5895190777622391,
            0.44945838294661267,
            0.6783861284222055,
            0.9032180308861528,
            0.9343358018347352,
            0.6277128333640719,
            0.5035040698220803,
            0.3531537128352772,
            0.5547814414508639,
            0.27898809114188206,
            0.670936032352765,
            0.7376457446845686,
            0.2781730951869239
        ],
        "threshold": [
            0.03352478563760464,
            0.5,
            0.5,
            0.5,
            0.9999979049355261,
            -2.0,
            -2.0,
            -2.0,
            -2.0,
            1179.5714270112228,
            0.1312656623729646,
            11.999999985952703,
            -2.0,
            -2.0,
            2.5000000097856954,
            -2.0,
            -2.0,
            74.50000098864982,
            1.4999999151606862,
            -2.0,
            -2.0,
            2393.588862445218,
            -2.0,
            -2.0,
            0.00038949316359292857,
            29.53717853120763,
            4.499999956902357,
            38.50000003968778,
            -2.0,
            -2.0,
            9.178799054508428,
            -2.0,
            -2.0,
            0.5000000464189127,
            33.489942811349735,
            -2.0,
            -2.0,
            34.499999976807764,
            -2.0,
            -2.0,
            0.5,
            31.500000004128147,
            1.5000000115645664,
            -2.0,
            -2.0,
            0.5,
            -2.0,
            -2.0,
            0.02051769725254674,
            0.5,
            -2.0,
            -2.0,
            5184.029725867437,
            -2.0,
            -2.0
        ],
        "nSamples": [
            9173,
            6827,
            5229,
            3404,
            2258,
            1086,
            1172,
            1146,
            1825,
            1598,
            1022,
            891,
            814,
            77,
            131,
            85,
            46,
            576,
            364,
            58,
            306,
            212,
            26,
            186,
            2346,
            1114,
            561,
            359,
            277,
            82,
            202,
            76,
            126,
            553,
            193,
            19,
            174,
            360,
            252,
            108,
            1232,
            795,
            269,
            106,
            163,
            526,
            461,
            65,
            437,
            234,
            61,
            173,
            203,
            172,
            31
        ],
        "feature": [
            3,
            14,
            13,
            15,
            4,
            -2,
            -2,
            -2,
            -2,
            7,
            1,
            12,
            -2,
            -2,
            8,
            -2,
            -2,
            5,
            12,
            -2,
            -2,
            7,
            -2,
            -2,
            0,
            3,
            6,
            5,
            -2,
            -2,
            3,
            -2,
            -2,
            6,
            3,
            -2,
            -2,
            5,
            -2,
            -2,
            14,
            5,
            6,
            -2,
            -2,
            15,
            -2,
            -2,
            1,
            25,
            -2,
            -2,
            7,
            -2,
            -2
        ],
        "probas": [
            [
                0.49999999999996697,
                0.5000000000000331
            ],
            [
                0.8208922624364422,
                0.17910773756355788
            ],
            [
                0.914702471418687,
                0.08529752858131308
            ],
            [
                0.8732458021591897,
                0.1267541978408104
            ],
            [
                0.817568250316553,
                0.18243174968344697
            ],
            [
                0.9461303179163962,
                0.05386968208360385
            ],
            [
                0.719198578484579,
                0.28080142151542087
            ],
            [
                1.0,
                0.0
            ],
            [
                1.0,
                0.0
            ],
            [
                0.5918959501761927,
                0.40810404982380744
            ],
            [
                0.7077253833564771,
                0.29227461664352294
            ],
            [
                0.6800154965317032,
                0.3199845034682968
            ],
            [
                0.660012997282339,
                0.339987002717661
            ],
            [
                0.9522896376902013,
                0.04771036230979884
            ],
            [
                0.9442573140695615,
                0.05574268593043859
            ],
            [
                1.0,
                0.0
            ],
            [
                0.8524603480839137,
                0.1475396519160863
            ],
            [
                0.43840486028959735,
                0.5615951397104026
            ],
            [
                0.5157635139638747,
                0.4842364860361254
            ],
            [
                0.7800018169154831,
                0.21999818308451702
            ],
            [
                0.4789500107580872,
                0.5210499892419127
            ],
            [
                0.33336643383189435,
                0.6666335661681055
            ],
            [
                0.5909116504307674,
                0.40908834956923246
            ],
            [
                0.3081152927244349,
                0.6918847072755651
            ],
            [
                0.12124542890834714,
                0.8787545710916528
            ],
            [
                0.06265256022205735,
                0.9373474397779425
            ],
            [
                0.10798356246378917,
                0.8920164375362108
            ],
            [
                0.07003200165169814,
                0.9299679983483018
            ],
            [
                0.048471778427630854,
                0.951528221572369
            ],
            [
                0.1635822504194888,
                0.8364177495805112
            ],
            [
                0.19524823794889998,
                0.8047517620511
            ],
            [
                0.31045002779623315,
                0.6895499722037669
            ],
            [
                0.1431956342271445,
                0.8568043657728556
            ],
            [
                0.024897657875310307,
                0.9751023421246897
            ],
            [
                0.001365991116762166,
                0.998634008883238
            ],
            [
                0.014380681047347717,
                0.9856193189526522
            ],
            [
                0.0,
                1.0
            ],
            [
                0.03883534667874333,
                0.9611646533212567
            ],
            [
                0.02569969354093442,
                0.9743003064590655
            ],
            [
                0.07330623410353553,
                0.9266937658964646
            ],
            [
                0.19038436019233299,
                0.8096156398076669
            ],
            [
                0.24651899457348145,
                0.7534810054265185
            ],
            [
                0.14202555618301996,
                0.8579744438169801
            ],
            [
                0.09393153697200438,
                0.9060684630279956
            ],
            [
                0.17922838569798322,
                0.8207716143020168
            ],
            [
                0.31893361427442607,
                0.6810663857255739
            ],
            [
                0.3503001193370427,
                0.6496998806629573
            ],
            [
                0.15725946774282182,
                0.8427405322571783
            ],
            [
                0.11119303913091654,
                0.8888069608690834
            ],
            [
                0.06661266897553313,
                0.9333873310244668
            ],
            [
                0.12903344799284386,
                0.8709665520071561
            ],
            [
                0.04826674641256384,
                0.9517332535874361
            ],
            [
                0.17586001531437012,
                0.8241399846856299
            ],
            [
                0.20800174424942788,
                0.791998255750572
            ],
            [
                0.048077407650052945,
                0.9519225923499471
            ]
        ],
        "targetClassesProportions": [
            [
                0.7919982557505505,
                0.20800174424944945
            ],
            [
                0.9458034275670063,
                0.05419657243299369
            ],
            [
                0.9760948556129257,
                0.02390514438707431
            ],
            [
                0.9632784958871925,
                0.03672150411280752
            ],
            [
                0.9446412754650144,
                0.0553587245349856
            ],
            [
                0.9852670349907918,
                0.014732965009208152
            ],
            [
                0.9069965870307164,
                0.09300341296928355
            ],
            [
                1.0,
                0.0
            ],
            [
                1.0,
                0.0
            ],
            [
                0.8466833541927415,
                0.15331664580725846
            ],
            [
                0.9021526418786684,
                0.09784735812133169
            ],
            [
                0.8900112233445548,
                0.10998877665544514
            ],
            [
                0.8808353808353792,
                0.11916461916462086
            ],
            [
                0.987012987012987,
                0.012987012987012984
            ],
            [
                0.9847328244274809,
                0.015267175572519064
            ],
            [
                1.0,
                0.0
            ],
            [
                0.9565217391304347,
                0.043478260869565265
            ],
            [
                0.7482638888888884,
                0.25173611111111155
            ],
            [
                0.8021978021978027,
                0.19780219780219735
            ],
            [
                0.9310344827586207,
                0.06896551724137936
            ],
            [
                0.7777777777777782,
                0.2222222222222217
            ],
            [
                0.655660377358491,
                0.3443396226415089
            ],
            [
                0.8461538461538461,
                0.15384615384615385
            ],
            [
                0.6290322580645166,
                0.37096774193548343
            ],
            [
                0.34441602728047715,
                0.655583972719523
            ],
            [
                0.20287253141831077,
                0.7971274685816893
            ],
            [
                0.3155080213903754,
                0.6844919786096246
            ],
            [
                0.22284122562674089,
                0.7771587743732591
            ],
            [
                0.16245487364620878,
                0.8375451263537913
            ],
            [
                0.426829268292683,
                0.573170731707317
            ],
            [
                0.4801980198019806,
                0.5198019801980194
            ],
            [
                0.6315789473684209,
                0.3684210526315791
            ],
            [
                0.38888888888888873,
                0.6111111111111112
            ],
            [
                0.0886075949367086,
                0.9113924050632913
            ],
            [
                0.005181347150259045,
                0.9948186528497409
            ],
            [
                0.05263157894736843,
                0.9473684210526315
            ],
            [
                0.0,
                1.0
            ],
            [
                0.13333333333333328,
                0.8666666666666667
            ],
            [
                0.09126984126984097,
                0.908730158730159
            ],
            [
                0.23148148148148162,
                0.7685185185185184
            ],
            [
                0.47240259740259233,
                0.5275974025974077
            ],
            [
                0.5547169811320758,
                0.4452830188679243
            ],
            [
                0.3866171003717466,
                0.6133828996282533
            ],
            [
                0.2830188679245284,
                0.7169811320754716
            ],
            [
                0.45398773006134996,
                0.54601226993865
            ],
            [
                0.6406844106463874,
                0.3593155893536126
            ],
            [
                0.6724511930585683,
                0.3275488069414318
            ],
            [
                0.4153846153846155,
                0.5846153846153845
            ],
            [
                0.3226544622425633,
                0.6773455377574368
            ],
            [
                0.21367521367521278,
                0.7863247863247872
            ],
            [
                0.3606557377049182,
                0.6393442622950818
            ],
            [
                0.16184971098265863,
                0.8381502890173413
            ],
            [
                0.44827586206896575,
                0.5517241379310343
            ],
            [
                0.5000000000000003,
                0.49999999999999967
            ],
            [
                0.1612903225806452,
                0.8387096774193548
            ]
        ]
    },
    "featureNames": [
        "BounceRates",
        "ExitRates",
        "Informational_Duration",
        "PageValues",
        "Administrative_Duration",
        "ProductRelated",
        "Administrative",
        "ProductRelated_Duration",
        "OperatingSystems",
        "Region",
        "Informational",
        "Browser",
        "TrafficType",
        "dummy:Month:May",
        "dummy:Month:Nov",
        "dummy:Month:Mar",
        "dummy:Month:Dec",
        "dummy:Month:Oct",
        "dummy:Month:Jul",
        "dummy:Month:Sep",
        "dummy:Month:Aug",
        "dummy:Month:June",
        "dummy:Month:Feb",
        "dummy:Month:N/A",
        "dummy:Month:__Others__",
        "dummy:Weekend:FALSE",
        "dummy:Weekend:TRUE",
        "dummy:Weekend:N/A",
        "dummy:Weekend:__Others__",
        "dummy:VisitorType:Returning_Visitor",
        "dummy:VisitorType:New_Visitor",
        "dummy:VisitorType:Other",
        "dummy:VisitorType:N/A",
        "dummy:VisitorType:__Others__"
    ]
}