{
  "starred": false,
  "clusterMetas": {},
  "customMeta": {
    "kv": {}
  },
  "tags": [],
  "activeClassifierThreshold": 0.425,
  "description": "",
  "name": "Decision Tree (s3)",
  "labels": [
    {
      "key": "trainDataset:dataset-name",
      "value": "Dataset___Online_Shopper_Intention_Prediction"
    },
    {
      "key": "testDataset:dataset-name",
      "value": "Dataset___Online_Shopper_Intention_Prediction"
    },
    {
      "key": "evaluationDataset:dataset-name",
      "value": "Dataset___Online_Shopper_Intention_Prediction"
    },
    {
      "key": "model:algorithm",
      "value": "DECISION_TREE_CLASSIFICATION"
    },
    {
      "key": "model:name",
      "value": "Decision Tree (s3)"
    },
    {
      "key": "model:date",
      "value": "2023-05-02T09:11:06.927+0000"
    },
    {
      "key": "evaluation:date",
      "value": "2023-05-02T09:11:06.927+0000"
    }
  ]
}