{
    "resolved": {
        "algorithm": "XGBOOST_CLASSIFICATION",
        "skipExpensiveReports": false,
        "xgboost": {
            "max_depth": 4,
            "learning_rate": 0.34544156217386623,
            "n_estimators": 11,
            "nthread": 4,
            "gamma": 0.9342098037151884,
            "min_child_weight": 2.156270331461901,
            "max_delta_step": 0.0,
            "subsample": 0.8450444466999453,
            "colsample_bytree": 0.868220998062065,
            "colsample_bylevel": 0.6169214610368284,
            "alpha": 0.012865669971941274,
            "lambda": 0.6340116808743513,
            "seed": 1337,
            "impute_missing": false,
            "missing": null,
            "base_score": 0.5,
            "scale_pos_weight": 1.0,
            "enable_early_stopping": false,
            "early_stopping_rounds": null,
            "booster": "gbtree",
            "objective": "binary_logistic"
        }
    },
    "other": {}
}