{
    "startedAt": 1683018689592,
    "gridSize": 24,
    "nThreads": 4,
    "nSplits": 5,
    "metric": "ROC_AUC",
    "timeout": null,
    "gridPoints": [
        {
            "finishedAt": 1683018696755,
            "score": 0.9296673876023326,
            "testScoreGibMean": 0.9296673876023326,
            "testScoreMean": 0.9296673876023326,
            "testScoreStd": 0.004600790336060795,
            "trainScoreMean": 0.9476174714074831,
            "trainScoreStd": 0.007066969128523095,
            "time": 19403,
            "fitTimeMean": 3579.4,
            "fitTimeStd": 1499.8326039928588,
            "scoreTimeMean": 301.2,
            "scoreTimeStd": 146.01835501059446,
            "parameters": {
                "booster": "gbtree",
                "colsample_bylevel": 0.6310123375077908,
                "colsample_bytree": 0.5793419860772329,
                "gamma": 0.27812651949435974,
                "learning_rate": 0.28372675488582666,
                "max_delta_step": 0.0,
                "max_depth": 5,
                "min_child_weight": 1.5592494855282282,
                "reg_alpha": 0.5921130348886767,
                "reg_lambda": 0.3416765693301292,
                "subsample": 0.6352409524202889,
                "n_estimators": 14
            }
        },
        {
            "finishedAt": 1683018702488,
            "score": 0.9328394188226151,
            "testScoreGibMean": 0.9328394188226151,
            "testScoreMean": 0.9328394188226151,
            "testScoreStd": 0.0025431189139019125,
            "trainScoreMean": 0.9416970879527402,
            "trainScoreStd": 0.00222618725343591,
            "time": 24159,
            "fitTimeMean": 4472.8,
            "fitTimeStd": 1220.3850867656488,
            "scoreTimeMean": 359.0,
            "scoreTimeStd": 80.17979795434758,
            "parameters": {
                "booster": "gbtree",
                "colsample_bylevel": 0.6537264142754459,
                "colsample_bytree": 0.9011846497143621,
                "gamma": 0.09514779320732636,
                "learning_rate": 0.24525607563572505,
                "max_delta_step": 0.0,
                "max_depth": 4,
                "min_child_weight": 4.925968723146386,
                "reg_alpha": 0.4432248686451281,
                "reg_lambda": 0.7916627586036642,
                "subsample": 0.8970592878957933,
                "n_estimators": 7
            }
        },
        {
            "finishedAt": 1683018707239,
            "score": 0.9253550019620694,
            "testScoreGibMean": 0.9253550019620694,
            "testScoreMean": 0.9253550019620694,
            "testScoreStd": 0.006309392785561304,
            "trainScoreMean": 0.9570504043288336,
            "trainScoreStd": 0.011792927594370398,
            "time": 20335,
            "fitTimeMean": 3731.6,
            "fitTimeStd": 1203.2141289064054,
            "scoreTimeMean": 335.4,
            "scoreTimeStd": 105.35767651196565,
            "parameters": {
                "booster": "gbtree",
                "colsample_bylevel": 0.6806307862087153,
                "colsample_bytree": 0.708051969785499,
                "gamma": 0.5842581281103214,
                "learning_rate": 0.404068709522343,
                "max_delta_step": 0.0,
                "max_depth": 8,
                "min_child_weight": 2.6403637103494413,
                "reg_alpha": 0.8635716041193817,
                "reg_lambda": 0.4109706726271791,
                "subsample": 0.7202508418953741,
                "n_estimators": 4
            }
        },
        {
            "finishedAt": 1683018710472,
            "score": 0.9328741041061295,
            "testScoreGibMean": 0.9328741041061295,
            "testScoreMean": 0.9328741041061295,
            "testScoreStd": 0.0024776838690419006,
            "trainScoreMean": 0.9511037639137242,
            "trainScoreStd": 0.002947329018641931,
            "time": 10358,
            "fitTimeMean": 1917.0,
            "fitTimeStd": 198.25438204488697,
            "scoreTimeMean": 154.6,
            "scoreTimeStd": 83.78209832655183,
            "parameters": {
                "booster": "gbtree",
                "colsample_bylevel": 0.5704270467651684,
                "colsample_bytree": 0.9100904434889376,
                "gamma": 0.8976539338506713,
                "learning_rate": 0.4713628525506577,
                "max_delta_step": 0.0,
                "max_depth": 5,
                "min_child_weight": 1.333629252824202,
                "reg_alpha": 0.9573592236712607,
                "reg_lambda": 0.43116051849307147,
                "subsample": 0.7520035195807186,
                "n_estimators": 7
            }
        },
        {
            "finishedAt": 1683018713746,
            "score": 0.922977634952887,
            "testScoreGibMean": 0.922977634952887,
            "testScoreMean": 0.922977634952887,
            "testScoreStd": 0.0036961131661073783,
            "trainScoreMean": 0.9625201420895003,
            "trainScoreStd": 0.01173878998011603,
            "time": 10875,
            "fitTimeMean": 1947.0,
            "fitTimeStd": 760.4177799078609,
            "scoreTimeMean": 228.0,
            "scoreTimeStd": 97.861126092029,
            "parameters": {
                "booster": "gbtree",
                "colsample_bylevel": 0.7552354734129736,
                "colsample_bytree": 0.5078957261059072,
                "gamma": 0.7316900686676242,
                "learning_rate": 0.49732201595633174,
                "max_delta_step": 0.0,
                "max_depth": 7,
                "min_child_weight": 2.559706628843073,
                "reg_alpha": 0.4158847732457085,
                "reg_lambda": 0.6347590793392602,
                "subsample": 0.9030492678392716,
                "n_estimators": 8
            }
        },
        {
            "finishedAt": 1683018717635,
            "score": 0.933446147810754,
            "testScoreGibMean": 0.933446147810754,
            "testScoreMean": 0.933446147810754,
            "testScoreStd": 0.0021866454969543645,
            "trainScoreMean": 0.9415984563996155,
            "trainScoreStd": 0.004317908645600379,
            "time": 13779,
            "fitTimeMean": 2492.4,
            "fitTimeStd": 856.1487253976378,
            "scoreTimeMean": 263.4,
            "scoreTimeStd": 100.77817223982582,
            "parameters": {
                "booster": "gbtree",
                "colsample_bylevel": 0.8390518515155801,
                "colsample_bytree": 0.9240193704466496,
                "gamma": 0.7599350049297219,
                "learning_rate": 0.4841404597454345,
                "max_delta_step": 0.0,
                "max_depth": 3,
                "min_child_weight": 3.661356738711912,
                "reg_alpha": 0.4912290772658786,
                "reg_lambda": 0.973143606570118,
                "subsample": 0.9179839400162741,
                "n_estimators": 13
            }
        },
        {
            "finishedAt": 1683018724986,
            "score": 0.9297167153944478,
            "testScoreGibMean": 0.9297167153944478,
            "testScoreMean": 0.9297167153944478,
            "testScoreStd": 0.0051154586228996345,
            "trainScoreMean": 0.9635438523549694,
            "trainScoreStd": 0.014394038794597417,
            "time": 24607,
            "fitTimeMean": 4716.2,
            "fitTimeStd": 3058.1494665892315,
            "scoreTimeMean": 205.2,
            "scoreTimeStd": 117.71049231058377,
            "parameters": {
                "booster": "gbtree",
                "colsample_bylevel": 0.8051186660866008,
                "colsample_bytree": 0.7822594897372692,
                "gamma": 0.9973891432208869,
                "learning_rate": 0.2018896545783523,
                "max_delta_step": 0.0,
                "max_depth": 7,
                "min_child_weight": 1.8667235292546658,
                "reg_alpha": 0.6095260451658263,
                "reg_lambda": 0.2840414108613491,
                "subsample": 0.9416881482730863,
                "n_estimators": 8
            }
        },
        {
            "finishedAt": 1683018727452,
            "score": 0.9278744189518294,
            "testScoreGibMean": 0.9278744189518294,
            "testScoreMean": 0.9278744189518294,
            "testScoreStd": 0.0040826765656575194,
            "trainScoreMean": 0.9716033219296689,
            "trainScoreStd": 0.013060070373513975,
            "time": 18187,
            "fitTimeMean": 3507.8,
            "fitTimeStd": 1785.073040522432,
            "scoreTimeMean": 129.6,
            "scoreTimeStd": 43.564205490287556,
            "parameters": {
                "booster": "gbtree",
                "colsample_bylevel": 0.6439686914568243,
                "colsample_bytree": 0.7543857199060082,
                "gamma": 0.14669196315777866,
                "learning_rate": 0.3751509331463372,
                "max_delta_step": 0.0,
                "max_depth": 8,
                "min_child_weight": 3.521312537956838,
                "reg_alpha": 0.19044552569632212,
                "reg_lambda": 0.6698000060441188,
                "subsample": 0.9555612007801567,
                "n_estimators": 8
            }
        },
        {
            "finishedAt": 1683018732181,
            "score": 0.9314330537398576,
            "testScoreGibMean": 0.9314330537398576,
            "testScoreMean": 0.9314330537398576,
            "testScoreStd": 0.0027643402172167608,
            "trainScoreMean": 0.9599758551402964,
            "trainScoreStd": 0.0047161404255212985,
            "time": 13539,
            "fitTimeMean": 2558.2,
            "fitTimeStd": 493.41763243726905,
            "scoreTimeMean": 149.6,
            "scoreTimeStd": 36.36261816756324,
            "parameters": {
                "booster": "gbtree",
                "colsample_bylevel": 0.581058712879988,
                "colsample_bytree": 0.9552891581893097,
                "gamma": 0.3243579035605588,
                "learning_rate": 0.3801193680197784,
                "max_delta_step": 0.0,
                "max_depth": 6,
                "min_child_weight": 1.8777549664327047,
                "reg_alpha": 0.9807325093259511,
                "reg_lambda": 0.7263246817377769,
                "subsample": 0.7296688834166695,
                "n_estimators": 12
            }
        },
        {
            "finishedAt": 1683018739919,
            "score": 0.9333686704741359,
            "testScoreGibMean": 0.9333686704741359,
            "testScoreMean": 0.9333686704741359,
            "testScoreStd": 0.0023665323170402167,
            "trainScoreMean": 0.9515825168314621,
            "trainScoreStd": 0.0030991308892562635,
            "time": 22053,
            "fitTimeMean": 4276.6,
            "fitTimeStd": 1502.310567093236,
            "scoreTimeMean": 134.0,
            "scoreTimeStd": 57.21887800367987,
            "parameters": {
                "booster": "gbtree",
                "colsample_bylevel": 0.835991913065555,
                "colsample_bytree": 0.9425935700234973,
                "gamma": 0.48312051216809626,
                "learning_rate": 0.26548799492105213,
                "max_delta_step": 0.0,
                "max_depth": 5,
                "min_child_weight": 4.068603646831368,
                "reg_alpha": 0.35152409979850174,
                "reg_lambda": 0.9105569895799811,
                "subsample": 0.856443750078977,
                "n_estimators": 12
            }
        },
        {
            "finishedAt": 1683018747614,
            "score": 0.9200460661115765,
            "testScoreGibMean": 0.9200460661115765,
            "testScoreMean": 0.9200460661115765,
            "testScoreStd": 0.007468363311855853,
            "trainScoreMean": 0.9802764786664877,
            "trainScoreStd": 0.006143216487339608,
            "time": 35339,
            "fitTimeMean": 6851.6,
            "fitTimeStd": 1579.5470996459712,
            "scoreTimeMean": 216.2,
            "scoreTimeStd": 79.89843552911408,
            "parameters": {
                "booster": "gbtree",
                "colsample_bylevel": 0.9486238154784249,
                "colsample_bytree": 0.7101041644925453,
                "gamma": 0.467516099385743,
                "learning_rate": 0.46157087973214084,
                "max_delta_step": 0.0,
                "max_depth": 10,
                "min_child_weight": 2.601798380894457,
                "reg_alpha": 0.0192694979720619,
                "reg_lambda": 0.2721843114274656,
                "subsample": 0.7644186301508178,
                "n_estimators": 6
            }
        },
        {
            "finishedAt": 1683018755201,
            "score": 0.9291674115417087,
            "testScoreGibMean": 0.9291674115417087,
            "testScoreMean": 0.9291674115417087,
            "testScoreStd": 0.003887251991391312,
            "trainScoreMean": 0.9449476477113169,
            "trainScoreStd": 0.004796018429808303,
            "time": 22948,
            "fitTimeMean": 4262.4,
            "fitTimeStd": 1536.0814561734674,
            "scoreTimeMean": 327.2,
            "scoreTimeStd": 232.1528806627219,
            "parameters": {
                "booster": "gbtree",
                "colsample_bylevel": 0.5737704290350956,
                "colsample_bytree": 0.7523159393524721,
                "gamma": 0.3012482481431866,
                "learning_rate": 0.25119150994453904,
                "max_delta_step": 0.0,
                "max_depth": 5,
                "min_child_weight": 2.7981922818480127,
                "reg_alpha": 0.12540299608822336,
                "reg_lambda": 0.686816574452691,
                "subsample": 0.5138448575752683,
                "n_estimators": 10
            }
        },
        {
            "finishedAt": 1683018761333,
            "score": 0.9340403574833639,
            "testScoreGibMean": 0.9340403574833639,
            "testScoreMean": 0.9340403574833639,
            "testScoreStd": 0.0018097884137548445,
            "trainScoreMean": 0.9459111388276606,
            "trainScoreStd": 0.0025880898708469987,
            "time": 25260,
            "fitTimeMean": 4723.4,
            "fitTimeStd": 1006.4163353205272,
            "scoreTimeMean": 328.6,
            "scoreTimeStd": 115.4826393879184,
            "parameters": {
                "booster": "gbtree",
                "colsample_bylevel": 0.6169214610368284,
                "colsample_bytree": 0.868220998062065,
                "gamma": 0.9342098037151884,
                "learning_rate": 0.34544156217386623,
                "max_delta_step": 0.0,
                "max_depth": 4,
                "min_child_weight": 2.156270331461901,
                "reg_alpha": 0.012865669971941274,
                "reg_lambda": 0.6340116808743513,
                "subsample": 0.8450444466999453,
                "n_estimators": 11
            }
        },
        {
            "finishedAt": 1683018762648,
            "score": 0.9149234222267972,
            "testScoreGibMean": 0.9149234222267972,
            "testScoreMean": 0.9149234222267972,
            "testScoreStd": 0.017062644741402278,
            "trainScoreMean": 0.9458229417664367,
            "trainScoreStd": 0.017359014863414166,
            "time": 17852,
            "fitTimeMean": 3217.2,
            "fitTimeStd": 1207.9805296444144,
            "scoreTimeMean": 353.2,
            "scoreTimeStd": 117.04939128419251,
            "parameters": {
                "booster": "gbtree",
                "colsample_bylevel": 0.8751700583806514,
                "colsample_bytree": 0.611173314441068,
                "gamma": 0.2214513348931454,
                "learning_rate": 0.2559879402790713,
                "max_delta_step": 0.0,
                "max_depth": 7,
                "min_child_weight": 2.6814148157795463,
                "reg_alpha": 0.04823509856147579,
                "reg_lambda": 0.9158751505711377,
                "subsample": 0.8627833108332157,
                "n_estimators": 7
            }
        },
        {
            "finishedAt": 1683018767845,
            "score": 0.9286479504206762,
            "testScoreGibMean": 0.9286479504206762,
            "testScoreMean": 0.9286479504206762,
            "testScoreStd": 0.004193282885127112,
            "trainScoreMean": 0.9449657225030932,
            "trainScoreStd": 0.007852009919528816,
            "time": 14780,
            "fitTimeMean": 2716.6,
            "fitTimeStd": 938.3120163357175,
            "scoreTimeMean": 239.4,
            "scoreTimeStd": 56.11630779016025,
            "parameters": {
                "booster": "gbtree",
                "colsample_bylevel": 0.8862307300531971,
                "colsample_bytree": 0.5482249928611764,
                "gamma": 0.03722987119593546,
                "learning_rate": 0.2039250501762645,
                "max_delta_step": 0.0,
                "max_depth": 5,
                "min_child_weight": 0.5109097255145956,
                "reg_alpha": 0.33704742552469424,
                "reg_lambda": 0.8477515206963303,
                "subsample": 0.6654817422349318,
                "n_estimators": 4
            }
        },
        {
            "finishedAt": 1683018770948,
            "score": 0.9190480891823424,
            "testScoreGibMean": 0.9190480891823424,
            "testScoreMean": 0.9190480891823424,
            "testScoreStd": 0.003797871452489304,
            "trainScoreMean": 0.9589407637226396,
            "trainScoreStd": 0.011684056838585876,
            "time": 16338,
            "fitTimeMean": 2983.6,
            "fitTimeStd": 476.81300317839487,
            "scoreTimeMean": 284.0,
            "scoreTimeStd": 64.59721356219632,
            "parameters": {
                "booster": "gbtree",
                "colsample_bylevel": 0.7272628604672797,
                "colsample_bytree": 0.6122266172845193,
                "gamma": 0.8274403749922529,
                "learning_rate": 0.4863972286538888,
                "max_delta_step": 0.0,
                "max_depth": 8,
                "min_child_weight": 2.447452697848175,
                "reg_alpha": 0.07677029276939462,
                "reg_lambda": 0.6396486009552711,
                "subsample": 0.5292047726366276,
                "n_estimators": 9
            }
        },
        {
            "finishedAt": 1683018774266,
            "score": 0.9317788134241456,
            "testScoreGibMean": 0.9317788134241456,
            "testScoreMean": 0.9317788134241456,
            "testScoreStd": 0.001911135307854767,
            "trainScoreMean": 0.9377619139672193,
            "trainScoreStd": 0.002718650874417512,
            "time": 13743,
            "fitTimeMean": 2528.2,
            "fitTimeStd": 576.448228377883,
            "scoreTimeMean": 220.4,
            "scoreTimeStd": 89.72981667205167,
            "parameters": {
                "booster": "gbtree",
                "colsample_bylevel": 0.8618399178489935,
                "colsample_bytree": 0.8300509949328537,
                "gamma": 0.008818572794648372,
                "learning_rate": 0.4052725519283841,
                "max_delta_step": 0.0,
                "max_depth": 3,
                "min_child_weight": 3.8017776980471423,
                "reg_alpha": 0.5654680083378886,
                "reg_lambda": 0.7965521210039906,
                "subsample": 0.5836093245892857,
                "n_estimators": 11
            }
        },
        {
            "finishedAt": 1683018782962,
            "score": 0.9264122809099659,
            "testScoreGibMean": 0.9264122809099659,
            "testScoreMean": 0.9264122809099659,
            "testScoreStd": 0.0031361285081009946,
            "trainScoreMean": 0.9611504340313852,
            "trainScoreStd": 0.00364709412077246,
            "time": 27294,
            "fitTimeMean": 5223.8,
            "fitTimeStd": 1108.0139710310516,
            "scoreTimeMean": 235.0,
            "scoreTimeStd": 168.07974297933703,
            "parameters": {
                "booster": "gbtree",
                "colsample_bylevel": 0.6769490571551683,
                "colsample_bytree": 0.9436494196612499,
                "gamma": 0.6000977437543811,
                "learning_rate": 0.41474949289387364,
                "max_delta_step": 0.0,
                "max_depth": 9,
                "min_child_weight": 4.550395515159652,
                "reg_alpha": 0.5483220830418133,
                "reg_lambda": 0.03488994353805553,
                "subsample": 0.54031983601288,
                "n_estimators": 8
            }
        },
        {
            "finishedAt": 1683018786841,
            "score": 0.9335107971057227,
            "testScoreGibMean": 0.9335107971057227,
            "testScoreMean": 0.9335107971057227,
            "testScoreStd": 0.002751664664944363,
            "trainScoreMean": 0.9566601849392633,
            "trainScoreStd": 0.004582905452788031,
            "time": 17710,
            "fitTimeMean": 3358.4,
            "fitTimeStd": 748.2367539756384,
            "scoreTimeMean": 183.6,
            "scoreTimeStd": 73.08241922651439,
            "parameters": {
                "booster": "gbtree",
                "colsample_bylevel": 0.9777794874994701,
                "colsample_bytree": 0.7280157723768832,
                "gamma": 0.14734721253455763,
                "learning_rate": 0.3699844023491662,
                "max_delta_step": 0.0,
                "max_depth": 5,
                "min_child_weight": 2.3321868551964156,
                "reg_alpha": 0.8996282957922693,
                "reg_lambda": 0.668996194149075,
                "subsample": 0.8672340671062561,
                "n_estimators": 15
            }
        },
        {
            "finishedAt": 1683018792060,
            "score": 0.9293613212270222,
            "testScoreGibMean": 0.9293613212270222,
            "testScoreMean": 0.9293613212270222,
            "testScoreStd": 0.0031874664526285014,
            "trainScoreMean": 0.969644193673601,
            "trainScoreStd": 0.004573182428479266,
            "time": 21932,
            "fitTimeMean": 4109.6,
            "fitTimeStd": 837.3953904817007,
            "scoreTimeMean": 276.8,
            "scoreTimeStd": 173.6115203550732,
            "parameters": {
                "booster": "gbtree",
                "colsample_bylevel": 0.5214644138483584,
                "colsample_bytree": 0.8867380786133798,
                "gamma": 0.7350118851727607,
                "learning_rate": 0.37108227031910246,
                "max_delta_step": 0.0,
                "max_depth": 8,
                "min_child_weight": 1.4227632012038112,
                "reg_alpha": 0.6400390792018065,
                "reg_lambda": 0.2931145945416722,
                "subsample": 0.7212691529078525,
                "n_estimators": 8
            }
        },
        {
            "finishedAt": 1683018795166,
            "score": 0.9240756791374463,
            "testScoreGibMean": 0.9240756791374463,
            "testScoreMean": 0.9240756791374463,
            "testScoreStd": 0.005017926722602554,
            "trainScoreMean": 0.9700131333146427,
            "trainScoreStd": 0.009089171627996957,
            "time": 13245,
            "fitTimeMean": 2496.8,
            "fitTimeStd": 481.6128735820919,
            "scoreTimeMean": 152.2,
            "scoreTimeStd": 105.27943768846792,
            "parameters": {
                "booster": "gbtree",
                "colsample_bylevel": 0.6729728366091907,
                "colsample_bytree": 0.7498685529912683,
                "gamma": 0.6550721484687234,
                "learning_rate": 0.47976596695171814,
                "max_delta_step": 0.0,
                "max_depth": 8,
                "min_child_weight": 2.8004587739968714,
                "reg_alpha": 0.705740076607467,
                "reg_lambda": 0.3261946027491732,
                "subsample": 0.6351624754311427,
                "n_estimators": 13
            }
        },
        {
            "finishedAt": 1683018800839,
            "score": 0.9255451282263121,
            "testScoreGibMean": 0.9255451282263121,
            "testScoreMean": 0.9255451282263121,
            "testScoreStd": 0.0038537457369280555,
            "trainScoreMean": 0.9526463755493577,
            "trainScoreStd": 0.006594117664775592,
            "time": 13439,
            "fitTimeMean": 2558.8,
            "fitTimeStd": 1679.788486685154,
            "scoreTimeMean": 129.0,
            "scoreTimeStd": 77.00649323271382,
            "parameters": {
                "booster": "gbtree",
                "colsample_bylevel": 0.9541441290770474,
                "colsample_bytree": 0.8002618421299503,
                "gamma": 0.47308248712302037,
                "learning_rate": 0.3755266095557236,
                "max_delta_step": 0.0,
                "max_depth": 7,
                "min_child_weight": 3.6582307688850006,
                "reg_alpha": 0.6291896895232066,
                "reg_lambda": 0.06082962591218372,
                "subsample": 0.5229549778188443,
                "n_estimators": 4
            }
        },
        {
            "finishedAt": 1683018805484,
            "score": 0.932162925963881,
            "testScoreGibMean": 0.932162925963881,
            "testScoreMean": 0.932162925963881,
            "testScoreStd": 0.0031275432792239794,
            "trainScoreMean": 0.969019818919667,
            "trainScoreStd": 0.005021841377760059,
            "time": 27580,
            "fitTimeMean": 5338.8,
            "fitTimeStd": 1514.3924722475347,
            "scoreTimeMean": 177.2,
            "scoreTimeStd": 105.23383486312756,
            "parameters": {
                "booster": "gbtree",
                "colsample_bylevel": 0.764507521966608,
                "colsample_bytree": 0.8915213958455093,
                "gamma": 0.7030778657023979,
                "learning_rate": 0.17864754775205563,
                "max_delta_step": 0.0,
                "max_depth": 7,
                "min_child_weight": 1.843417484079501,
                "reg_alpha": 0.625852826299868,
                "reg_lambda": 0.042782268514657544,
                "subsample": 0.8085511932906504,
                "n_estimators": 16
            }
        },
        {
            "finishedAt": 1683018808547,
            "score": 0.9335298894231784,
            "testScoreGibMean": 0.9335298894231784,
            "testScoreMean": 0.9335298894231784,
            "testScoreStd": 0.0015197109415322728,
            "trainScoreMean": 0.9478971767944802,
            "trainScoreStd": 0.002960644847302451,
            "time": 12403,
            "fitTimeMean": 2257.2,
            "fitTimeStd": 444.4175514085824,
            "scoreTimeMean": 223.4,
            "scoreTimeStd": 131.73093789994817,
            "parameters": {
                "booster": "gbtree",
                "colsample_bylevel": 0.8575522276775711,
                "colsample_bytree": 0.9799556388771903,
                "gamma": 0.15886555501905397,
                "learning_rate": 0.3513273076636678,
                "max_delta_step": 0.0,
                "max_depth": 4,
                "min_child_weight": 3.7585144405936455,
                "reg_alpha": 0.43316776184776185,
                "reg_lambda": 0.8223283603816575,
                "subsample": 0.9121647695378317,
                "n_estimators": 14
            }
        }
    ]
}