{
    "modelInputNRows": 9173,
    "modelInputNCols": 34,
    "modelInputIsSparse": false,
    "modelInputMemory": 2495056,
    "usedGridSearch": true,
    "gridSize": 24,
    "gridBestScore": 0.9340403574833639,
    "gridCells": [
        {
            "params": {
                "booster": "gbtree",
                "colsample_bylevel": 0.6310123375077908,
                "colsample_bytree": 0.5793419860772329,
                "gamma": 0.27812651949435974,
                "learning_rate": 0.28372675488582666,
                "max_delta_step": 0.0,
                "max_depth": 5,
                "min_child_weight": 1.5592494855282282,
                "reg_alpha": 0.5921130348886767,
                "reg_lambda": 0.3416765693301292,
                "subsample": 0.6352409524202889,
                "n_estimators": 14
            },
            "score": 0.9296673876023326,
            "scoreStd": 0.004600790336060795,
            "fitTime": 3.5794,
            "fitTimeStd": 1.499832603992859,
            "scoreTime": 0.30119999999999997,
            "scoreTimeStd": 0.14601835501059446
        },
        {
            "params": {
                "booster": "gbtree",
                "colsample_bylevel": 0.6537264142754459,
                "colsample_bytree": 0.9011846497143621,
                "gamma": 0.09514779320732636,
                "learning_rate": 0.24525607563572505,
                "max_delta_step": 0.0,
                "max_depth": 4,
                "min_child_weight": 4.925968723146386,
                "reg_alpha": 0.4432248686451281,
                "reg_lambda": 0.7916627586036642,
                "subsample": 0.8970592878957933,
                "n_estimators": 7
            },
            "score": 0.9328394188226151,
            "scoreStd": 0.0025431189139019125,
            "fitTime": 4.4728,
            "fitTimeStd": 1.2203850867656487,
            "scoreTime": 0.359,
            "scoreTimeStd": 0.08017979795434758
        },
        {
            "params": {
                "booster": "gbtree",
                "colsample_bylevel": 0.6806307862087153,
                "colsample_bytree": 0.708051969785499,
                "gamma": 0.5842581281103214,
                "learning_rate": 0.404068709522343,
                "max_delta_step": 0.0,
                "max_depth": 8,
                "min_child_weight": 2.6403637103494413,
                "reg_alpha": 0.8635716041193817,
                "reg_lambda": 0.4109706726271791,
                "subsample": 0.7202508418953741,
                "n_estimators": 4
            },
            "score": 0.9253550019620694,
            "scoreStd": 0.006309392785561304,
            "fitTime": 3.7316,
            "fitTimeStd": 1.2032141289064056,
            "scoreTime": 0.3354,
            "scoreTimeStd": 0.10535767651196565
        },
        {
            "params": {
                "booster": "gbtree",
                "colsample_bylevel": 0.5704270467651684,
                "colsample_bytree": 0.9100904434889376,
                "gamma": 0.8976539338506713,
                "learning_rate": 0.4713628525506577,
                "max_delta_step": 0.0,
                "max_depth": 5,
                "min_child_weight": 1.333629252824202,
                "reg_alpha": 0.9573592236712607,
                "reg_lambda": 0.43116051849307147,
                "subsample": 0.7520035195807186,
                "n_estimators": 7
            },
            "score": 0.9328741041061295,
            "scoreStd": 0.0024776838690419006,
            "fitTime": 1.917,
            "fitTimeStd": 0.19825438204488696,
            "scoreTime": 0.1546,
            "scoreTimeStd": 0.08378209832655183
        },
        {
            "params": {
                "booster": "gbtree",
                "colsample_bylevel": 0.7552354734129736,
                "colsample_bytree": 0.5078957261059072,
                "gamma": 0.7316900686676242,
                "learning_rate": 0.49732201595633174,
                "max_delta_step": 0.0,
                "max_depth": 7,
                "min_child_weight": 2.559706628843073,
                "reg_alpha": 0.4158847732457085,
                "reg_lambda": 0.6347590793392602,
                "subsample": 0.9030492678392716,
                "n_estimators": 8
            },
            "score": 0.922977634952887,
            "scoreStd": 0.0036961131661073783,
            "fitTime": 1.947,
            "fitTimeStd": 0.7604177799078609,
            "scoreTime": 0.228,
            "scoreTimeStd": 0.097861126092029
        },
        {
            "params": {
                "booster": "gbtree",
                "colsample_bylevel": 0.8390518515155801,
                "colsample_bytree": 0.9240193704466496,
                "gamma": 0.7599350049297219,
                "learning_rate": 0.4841404597454345,
                "max_delta_step": 0.0,
                "max_depth": 3,
                "min_child_weight": 3.661356738711912,
                "reg_alpha": 0.4912290772658786,
                "reg_lambda": 0.973143606570118,
                "subsample": 0.9179839400162741,
                "n_estimators": 13
            },
            "score": 0.933446147810754,
            "scoreStd": 0.0021866454969543645,
            "fitTime": 2.4924,
            "fitTimeStd": 0.8561487253976378,
            "scoreTime": 0.26339999999999997,
            "scoreTimeStd": 0.10077817223982583
        },
        {
            "params": {
                "booster": "gbtree",
                "colsample_bylevel": 0.8051186660866008,
                "colsample_bytree": 0.7822594897372692,
                "gamma": 0.9973891432208869,
                "learning_rate": 0.2018896545783523,
                "max_delta_step": 0.0,
                "max_depth": 7,
                "min_child_weight": 1.8667235292546658,
                "reg_alpha": 0.6095260451658263,
                "reg_lambda": 0.2840414108613491,
                "subsample": 0.9416881482730863,
                "n_estimators": 8
            },
            "score": 0.9297167153944478,
            "scoreStd": 0.0051154586228996345,
            "fitTime": 4.7162,
            "fitTimeStd": 3.0581494665892315,
            "scoreTime": 0.2052,
            "scoreTimeStd": 0.11771049231058378
        },
        {
            "params": {
                "booster": "gbtree",
                "colsample_bylevel": 0.6439686914568243,
                "colsample_bytree": 0.7543857199060082,
                "gamma": 0.14669196315777866,
                "learning_rate": 0.3751509331463372,
                "max_delta_step": 0.0,
                "max_depth": 8,
                "min_child_weight": 3.521312537956838,
                "reg_alpha": 0.19044552569632212,
                "reg_lambda": 0.6698000060441188,
                "subsample": 0.9555612007801567,
                "n_estimators": 8
            },
            "score": 0.9278744189518294,
            "scoreStd": 0.0040826765656575194,
            "fitTime": 3.5078,
            "fitTimeStd": 1.785073040522432,
            "scoreTime": 0.1296,
            "scoreTimeStd": 0.043564205490287555
        },
        {
            "params": {
                "booster": "gbtree",
                "colsample_bylevel": 0.581058712879988,
                "colsample_bytree": 0.9552891581893097,
                "gamma": 0.3243579035605588,
                "learning_rate": 0.3801193680197784,
                "max_delta_step": 0.0,
                "max_depth": 6,
                "min_child_weight": 1.8777549664327047,
                "reg_alpha": 0.9807325093259511,
                "reg_lambda": 0.7263246817377769,
                "subsample": 0.7296688834166695,
                "n_estimators": 12
            },
            "score": 0.9314330537398576,
            "scoreStd": 0.0027643402172167608,
            "fitTime": 2.5582,
            "fitTimeStd": 0.49341763243726905,
            "scoreTime": 0.14959999999999998,
            "scoreTimeStd": 0.03636261816756324
        },
        {
            "params": {
                "booster": "gbtree",
                "colsample_bylevel": 0.835991913065555,
                "colsample_bytree": 0.9425935700234973,
                "gamma": 0.48312051216809626,
                "learning_rate": 0.26548799492105213,
                "max_delta_step": 0.0,
                "max_depth": 5,
                "min_child_weight": 4.068603646831368,
                "reg_alpha": 0.35152409979850174,
                "reg_lambda": 0.9105569895799811,
                "subsample": 0.856443750078977,
                "n_estimators": 12
            },
            "score": 0.9333686704741359,
            "scoreStd": 0.0023665323170402167,
            "fitTime": 4.2766,
            "fitTimeStd": 1.502310567093236,
            "scoreTime": 0.134,
            "scoreTimeStd": 0.05721887800367987
        },
        {
            "params": {
                "booster": "gbtree",
                "colsample_bylevel": 0.9486238154784249,
                "colsample_bytree": 0.7101041644925453,
                "gamma": 0.467516099385743,
                "learning_rate": 0.46157087973214084,
                "max_delta_step": 0.0,
                "max_depth": 10,
                "min_child_weight": 2.601798380894457,
                "reg_alpha": 0.0192694979720619,
                "reg_lambda": 0.2721843114274656,
                "subsample": 0.7644186301508178,
                "n_estimators": 6
            },
            "score": 0.9200460661115765,
            "scoreStd": 0.007468363311855853,
            "fitTime": 6.8516,
            "fitTimeStd": 1.5795470996459713,
            "scoreTime": 0.21619999999999998,
            "scoreTimeStd": 0.07989843552911408
        },
        {
            "params": {
                "booster": "gbtree",
                "colsample_bylevel": 0.5737704290350956,
                "colsample_bytree": 0.7523159393524721,
                "gamma": 0.3012482481431866,
                "learning_rate": 0.25119150994453904,
                "max_delta_step": 0.0,
                "max_depth": 5,
                "min_child_weight": 2.7981922818480127,
                "reg_alpha": 0.12540299608822336,
                "reg_lambda": 0.686816574452691,
                "subsample": 0.5138448575752683,
                "n_estimators": 10
            },
            "score": 0.9291674115417087,
            "scoreStd": 0.003887251991391312,
            "fitTime": 4.2623999999999995,
            "fitTimeStd": 1.5360814561734673,
            "scoreTime": 0.3272,
            "scoreTimeStd": 0.2321528806627219
        },
        {
            "params": {
                "booster": "gbtree",
                "colsample_bylevel": 0.6169214610368284,
                "colsample_bytree": 0.868220998062065,
                "gamma": 0.9342098037151884,
                "learning_rate": 0.34544156217386623,
                "max_delta_step": 0.0,
                "max_depth": 4,
                "min_child_weight": 2.156270331461901,
                "reg_alpha": 0.012865669971941274,
                "reg_lambda": 0.6340116808743513,
                "subsample": 0.8450444466999453,
                "n_estimators": 11
            },
            "score": 0.9340403574833639,
            "scoreStd": 0.0018097884137548445,
            "fitTime": 4.7234,
            "fitTimeStd": 1.006416335320527,
            "scoreTime": 0.3286,
            "scoreTimeStd": 0.11548263938791839
        },
        {
            "params": {
                "booster": "gbtree",
                "colsample_bylevel": 0.8751700583806514,
                "colsample_bytree": 0.611173314441068,
                "gamma": 0.2214513348931454,
                "learning_rate": 0.2559879402790713,
                "max_delta_step": 0.0,
                "max_depth": 7,
                "min_child_weight": 2.6814148157795463,
                "reg_alpha": 0.04823509856147579,
                "reg_lambda": 0.9158751505711377,
                "subsample": 0.8627833108332157,
                "n_estimators": 7
            },
            "score": 0.9149234222267972,
            "scoreStd": 0.017062644741402278,
            "fitTime": 3.2171999999999996,
            "fitTimeStd": 1.2079805296444144,
            "scoreTime": 0.3532,
            "scoreTimeStd": 0.1170493912841925
        },
        {
            "params": {
                "booster": "gbtree",
                "colsample_bylevel": 0.8862307300531971,
                "colsample_bytree": 0.5482249928611764,
                "gamma": 0.03722987119593546,
                "learning_rate": 0.2039250501762645,
                "max_delta_step": 0.0,
                "max_depth": 5,
                "min_child_weight": 0.5109097255145956,
                "reg_alpha": 0.33704742552469424,
                "reg_lambda": 0.8477515206963303,
                "subsample": 0.6654817422349318,
                "n_estimators": 4
            },
            "score": 0.9286479504206762,
            "scoreStd": 0.004193282885127112,
            "fitTime": 2.7166,
            "fitTimeStd": 0.9383120163357176,
            "scoreTime": 0.2394,
            "scoreTimeStd": 0.05611630779016025
        },
        {
            "params": {
                "booster": "gbtree",
                "colsample_bylevel": 0.7272628604672797,
                "colsample_bytree": 0.6122266172845193,
                "gamma": 0.8274403749922529,
                "learning_rate": 0.4863972286538888,
                "max_delta_step": 0.0,
                "max_depth": 8,
                "min_child_weight": 2.447452697848175,
                "reg_alpha": 0.07677029276939462,
                "reg_lambda": 0.6396486009552711,
                "subsample": 0.5292047726366276,
                "n_estimators": 9
            },
            "score": 0.9190480891823424,
            "scoreStd": 0.003797871452489304,
            "fitTime": 2.9836,
            "fitTimeStd": 0.47681300317839487,
            "scoreTime": 0.284,
            "scoreTimeStd": 0.06459721356219632
        },
        {
            "params": {
                "booster": "gbtree",
                "colsample_bylevel": 0.8618399178489935,
                "colsample_bytree": 0.8300509949328537,
                "gamma": 0.008818572794648372,
                "learning_rate": 0.4052725519283841,
                "max_delta_step": 0.0,
                "max_depth": 3,
                "min_child_weight": 3.8017776980471423,
                "reg_alpha": 0.5654680083378886,
                "reg_lambda": 0.7965521210039906,
                "subsample": 0.5836093245892857,
                "n_estimators": 11
            },
            "score": 0.9317788134241456,
            "scoreStd": 0.001911135307854767,
            "fitTime": 2.5282,
            "fitTimeStd": 0.576448228377883,
            "scoreTime": 0.2204,
            "scoreTimeStd": 0.08972981667205167
        },
        {
            "params": {
                "booster": "gbtree",
                "colsample_bylevel": 0.6769490571551683,
                "colsample_bytree": 0.9436494196612499,
                "gamma": 0.6000977437543811,
                "learning_rate": 0.41474949289387364,
                "max_delta_step": 0.0,
                "max_depth": 9,
                "min_child_weight": 4.550395515159652,
                "reg_alpha": 0.5483220830418133,
                "reg_lambda": 0.03488994353805553,
                "subsample": 0.54031983601288,
                "n_estimators": 8
            },
            "score": 0.9264122809099659,
            "scoreStd": 0.0031361285081009946,
            "fitTime": 5.2238,
            "fitTimeStd": 1.1080139710310517,
            "scoreTime": 0.235,
            "scoreTimeStd": 0.16807974297933703
        },
        {
            "params": {
                "booster": "gbtree",
                "colsample_bylevel": 0.9777794874994701,
                "colsample_bytree": 0.7280157723768832,
                "gamma": 0.14734721253455763,
                "learning_rate": 0.3699844023491662,
                "max_delta_step": 0.0,
                "max_depth": 5,
                "min_child_weight": 2.3321868551964156,
                "reg_alpha": 0.8996282957922693,
                "reg_lambda": 0.668996194149075,
                "subsample": 0.8672340671062561,
                "n_estimators": 15
            },
            "score": 0.9335107971057227,
            "scoreStd": 0.002751664664944363,
            "fitTime": 3.3584,
            "fitTimeStd": 0.7482367539756384,
            "scoreTime": 0.18359999999999999,
            "scoreTimeStd": 0.07308241922651439
        },
        {
            "params": {
                "booster": "gbtree",
                "colsample_bylevel": 0.5214644138483584,
                "colsample_bytree": 0.8867380786133798,
                "gamma": 0.7350118851727607,
                "learning_rate": 0.37108227031910246,
                "max_delta_step": 0.0,
                "max_depth": 8,
                "min_child_weight": 1.4227632012038112,
                "reg_alpha": 0.6400390792018065,
                "reg_lambda": 0.2931145945416722,
                "subsample": 0.7212691529078525,
                "n_estimators": 8
            },
            "score": 0.9293613212270222,
            "scoreStd": 0.0031874664526285014,
            "fitTime": 4.1096,
            "fitTimeStd": 0.8373953904817008,
            "scoreTime": 0.2768,
            "scoreTimeStd": 0.17361152035507318
        },
        {
            "params": {
                "booster": "gbtree",
                "colsample_bylevel": 0.6729728366091907,
                "colsample_bytree": 0.7498685529912683,
                "gamma": 0.6550721484687234,
                "learning_rate": 0.47976596695171814,
                "max_delta_step": 0.0,
                "max_depth": 8,
                "min_child_weight": 2.8004587739968714,
                "reg_alpha": 0.705740076607467,
                "reg_lambda": 0.3261946027491732,
                "subsample": 0.6351624754311427,
                "n_estimators": 13
            },
            "score": 0.9240756791374463,
            "scoreStd": 0.005017926722602554,
            "fitTime": 2.4968000000000004,
            "fitTimeStd": 0.48161287358209187,
            "scoreTime": 0.1522,
            "scoreTimeStd": 0.10527943768846793
        },
        {
            "params": {
                "booster": "gbtree",
                "colsample_bylevel": 0.9541441290770474,
                "colsample_bytree": 0.8002618421299503,
                "gamma": 0.47308248712302037,
                "learning_rate": 0.3755266095557236,
                "max_delta_step": 0.0,
                "max_depth": 7,
                "min_child_weight": 3.6582307688850006,
                "reg_alpha": 0.6291896895232066,
                "reg_lambda": 0.06082962591218372,
                "subsample": 0.5229549778188443,
                "n_estimators": 4
            },
            "score": 0.9255451282263121,
            "scoreStd": 0.0038537457369280555,
            "fitTime": 2.5588,
            "fitTimeStd": 1.679788486685154,
            "scoreTime": 0.129,
            "scoreTimeStd": 0.07700649323271382
        },
        {
            "params": {
                "booster": "gbtree",
                "colsample_bylevel": 0.764507521966608,
                "colsample_bytree": 0.8915213958455093,
                "gamma": 0.7030778657023979,
                "learning_rate": 0.17864754775205563,
                "max_delta_step": 0.0,
                "max_depth": 7,
                "min_child_weight": 1.843417484079501,
                "reg_alpha": 0.625852826299868,
                "reg_lambda": 0.042782268514657544,
                "subsample": 0.8085511932906504,
                "n_estimators": 16
            },
            "score": 0.932162925963881,
            "scoreStd": 0.0031275432792239794,
            "fitTime": 5.3388,
            "fitTimeStd": 1.5143924722475346,
            "scoreTime": 0.1772,
            "scoreTimeStd": 0.10523383486312755
        },
        {
            "params": {
                "booster": "gbtree",
                "colsample_bylevel": 0.8575522276775711,
                "colsample_bytree": 0.9799556388771903,
                "gamma": 0.15886555501905397,
                "learning_rate": 0.3513273076636678,
                "max_delta_step": 0.0,
                "max_depth": 4,
                "min_child_weight": 3.7585144405936455,
                "reg_alpha": 0.43316776184776185,
                "reg_lambda": 0.8223283603816575,
                "subsample": 0.9121647695378317,
                "n_estimators": 14
            },
            "score": 0.9335298894231784,
            "scoreStd": 0.0015197109415322728,
            "fitTime": 2.2571999999999997,
            "fitTimeStd": 0.4444175514085824,
            "scoreTime": 0.22340000000000002,
            "scoreTimeStd": 0.13173093789994816
        }
    ],
    "rawImportance": {
        "variables": [
            "BounceRates",
            "ExitRates",
            "PageValues",
            "Administrative_Duration",
            "ProductRelated",
            "Administrative",
            "ProductRelated_Duration",
            "OperatingSystems",
            "Region",
            "Informational",
            "TrafficType",
            "dummy:Month:May",
            "dummy:Month:Nov",
            "dummy:Month:Mar",
            "dummy:Month:Oct",
            "dummy:Month:Jul",
            "dummy:Month:Sep",
            "dummy:Weekend:FALSE",
            "dummy:VisitorType:Returning_Visitor",
            "dummy:VisitorType:New_Visitor"
        ],
        "importances": [
            0.040801651775836945,
            0.11959513276815414,
            0.32106709480285645,
            0.016503654420375824,
            0.020226754248142242,
            0.035062700510025024,
            0.087078757584095,
            0.009267278015613556,
            0.002952237380668521,
            0.01585518941283226,
            0.010432327166199684,
            0.04910185933113098,
            0.11432535201311111,
            0.0519852451980114,
            0.02121676504611969,
            0.01242226455360651,
            0.0164777971804142,
            0.0032102561090141535,
            0.037858325988054276,
            0.014559309929609299
        ]
    },
    "probaAware": true
}