{
  "state": "DONE",
  "preSearchDescription": {
    "gridLength": 24,
    "searchStrategy": "RANDOM",
    "importantParams": [
      {
        "name": "trees",
        "val": "300"
      },
      {
        "name": "max_depth",
        "min": "3",
        "max": "10"
      }
    ]
  },
  "postSearchDescription": {
    "importantParams": [
      {
        "name": "trees",
        "val": "11"
      },
      {
        "name": "max_depth",
        "val": "4"
      }
    ]
  },
  "resumed": false,
  "timeOrderingEnabled": false,
  "sampleWeightsEnabled": false,
  "modelId": "m1",
  "progress": {
    "top_level_todo": [],
    "stack": [],
    "top_level_done": [
      {
        "name": "Loading train set",
        "time": 376
      },
      {
        "name": "Loading test set",
        "time": 171
      },
      {
        "name": "Collecting statistics",
        "time": 215
      },
      {
        "name": "Preprocessing train set",
        "time": 581
      },
      {
        "name": "Preprocessing test set",
        "time": 403
      },
      {
        "name": "Hyperparameter searching",
        "time": 120323
      },
      {
        "name": "Fitting model",
        "time": 2232
      },
      {
        "name": "Saving model",
        "time": 5
      },
      {
        "name": "Scoring model",
        "time": 3371
      },
      {
        "name": "Preparing explainability",
        "time": 971
      }
    ]
  },
  "startTime": 1683018687366,
  "endTime": 1683018816033,
  "preprocessingTime": 1752,
  "trainingTime": 126915,
  "hyperparamsSearchTime": 120323,
  "pythonVersion": "3.6.8"
}