{"global": {"size": 2232, "facts": [{"type": "numerical", "feature_label": "NumDealsPurchases", "cluster_label": "cluster_3", "mean": 6.595, "std": 2.3978581313519056, "diff": 2.257422134481072, "global_mean": 2.318100358422939, "global_std": 1.8945945360636849}, {"type": "numerical", "feature_label": "MntMeatProducts", "cluster_label": "cluster_1", "mean": 473.7953216374269, "std": 229.75387437553732, "diff": 1.4059883474399326, "global_mean": 165.31944444444446, "global_std": 219.40144650178996}, {"type": "numerical", "feature_label": "MntFishProducts", "cluster_label": "cluster_1", "mean": 106.21637426900585, "std": 65.86665302988794, "diff": 1.253835855446058, "global_mean": 37.64471326164875, "global_std": 54.68950398053693}, {"type": "numerical", "feature_label": "Income", "cluster_label": "cluster_1", "mean": 76245.45029239765, "std": 9617.749858150302, "diff": 1.1946515250101486, "global_mean": 51633.642025089604, "global_std": 20601.663122724403}, {"type": "numerical", "feature_label": "NumCatalogPurchases", "cluster_label": "cluster_1", "mean": 5.97270955165692, "std": 2.306418495590753, "diff": 1.1933323552116342, "global_mean": 2.6362007168458783, "global_std": 2.7959594158656005}, {"type": "numerical", "feature_label": "MntFruits", "cluster_label": "cluster_1", "mean": 72.09746588693957, "std": 52.12700698147725, "diff": 1.1480494958644354, "global_mean": 26.38037634408602, "global_std": 39.82153183075997}, {"type": "numerical", "feature_label": "MntSweetProducts", "cluster_label": "cluster_1", "mean": 74.24171539961014, "std": 52.247570728711, "diff": 1.1394017728106471, "global_mean": 27.155465949820787, "global_std": 41.32541354015819}, {"type": "numerical", "feature_label": "NumWebVisitsMonth", "cluster_label": "cluster_1", "mean": 2.617933723196881, "std": 1.6292702364590472, "diff": -1.1235189715213294, "global_mean": 5.331541218637993, "global_std": 2.415275188247763}, {"type": "numerical", "feature_label": "Income", "cluster_label": "cluster_4", "mean": 29567.006944444445, "std": 10581.199798984935, "diff": -1.0711094026338503, "global_mean": 51633.642025089604, "global_std": 20601.663122724403}, {"type": "numerical", "feature_label": "Teenhome", "cluster_label": "cluster_0", "mean": 1.0371991247264771, "std": 0.18945683487257525, "diff": 0.9731043477931572, "global_mean": 0.507168458781362, "global_std": 0.5446801950347244}]}, "clusters": [{"cluster": "cluster_0", "size": 457, "facts": [{"type": "numerical", "feature_label": "Teenhome", "cluster_label": "cluster_0", "mean": 1.0371991247264771, "std": 0.18945683487257525, "diff": 0.9731043477931572, "global_mean": 0.507168458781362, "global_std": 0.5446801950347244}, {"type": "numerical", "feature_label": "MntWines", "cluster_label": "cluster_0", "mean": 58.42669584245077, "std": 59.963618251730836, "diff": -0.7319311968386598, "global_mean": 304.9301075268817, "global_std": 336.7849502099688}, {"type": "numerical", "feature_label": "NumWebPurchases", "cluster_label": "cluster_0", "mean": 2.076586433260394, "std": 1.241037584813933, "diff": -0.7283902854555702, "global_mean": 4.097670250896058, "global_std": 2.774726486599943}]}, {"cluster": "cluster_1", "size": 513, "facts": [{"type": "numerical", "feature_label": "MntMeatProducts", "cluster_label": "cluster_1", "mean": 473.7953216374269, "std": 229.75387437553732, "diff": 1.4059883474399326, "global_mean": 165.31944444444446, "global_std": 219.40144650178996}, {"type": "numerical", "feature_label": "MntFishProducts", "cluster_label": "cluster_1", "mean": 106.21637426900585, "std": 65.86665302988794, "diff": 1.253835855446058, "global_mean": 37.64471326164875, "global_std": 54.68950398053693}, {"type": "numerical", "feature_label": "Income", "cluster_label": "cluster_1", "mean": 76245.45029239765, "std": 9617.749858150302, "diff": 1.1946515250101486, "global_mean": 51633.642025089604, "global_std": 20601.663122724403}]}, {"cluster": "cluster_2", "size": 486, "facts": [{"type": "numerical", "feature_label": "NumWebPurchases", "cluster_label": "cluster_2", "mean": 6.613168724279835, "std": 2.9333755652021294, "diff": 0.9065752914861837, "global_mean": 4.097670250896058, "global_std": 2.774726486599943}, {"type": "numerical", "feature_label": "NumStorePurchases", "cluster_label": "cluster_2", "mean": 8.390946502057613, "std": 2.7649202239042565, "diff": 0.7965901559438043, "global_mean": 5.808243727598566, "global_std": 3.2421977037853877}, {"type": "numerical", "feature_label": "MntWines", "cluster_label": "cluster_2", "mean": 554.6111111111111, "std": 324.16051611228926, "diff": 0.7413662737262029, "global_mean": 304.9301075268817, "global_std": 336.7849502099688}]}, {"cluster": "cluster_3", "size": 200, "facts": [{"type": "numerical", "feature_label": "NumDealsPurchases", "cluster_label": "cluster_3", "mean": 6.595, "std": 2.3978581313519056, "diff": 2.257422134481072, "global_mean": 2.318100358422939, "global_std": 1.8945945360636849}, {"type": "numerical", "feature_label": "NumWebVisitsMonth", "cluster_label": "cluster_3", "mean": 7.29, "std": 2.0064969849849676, "diff": 0.8108636195541894, "global_mean": 5.331541218637993, "global_std": 2.415275188247763}, {"type": "numerical", "feature_label": "Teenhome", "cluster_label": "cluster_3", "mean": 0.895, "std": 0.47444757614784155, "diff": 0.7120353278016893, "global_mean": 0.507168458781362, "global_std": 0.5446801950347244}]}, {"cluster": "cluster_4", "size": 576, "facts": [{"type": "numerical", "feature_label": "Income", "cluster_label": "cluster_4", "mean": 29567.006944444445, "std": 10581.199798984935, "diff": -1.0711094026338503, "global_mean": 51633.642025089604, "global_std": 20601.663122724403}, {"type": "numerical", "feature_label": "Teenhome", "cluster_label": "cluster_4", "mean": 0.005208333333333333, "std": 0.07204316339045917, "diff": -0.9215685277780802, "global_mean": 0.507168458781362, "global_std": 0.5446801950347244}, {"type": "numerical", "feature_label": "NumStorePurchases", "cluster_label": "cluster_4", "mean": 3.111111111111111, "std": 1.0672100065439942, "diff": -0.8318840684324869, "global_mean": 5.808243727598566, "global_std": 3.2421977037853877}]}]}