{
    "metrics": {
        "inertia": 16901.693500771602,
        "silhouette": 0.16395187393988844,
        "nbClusters": 5
    },
    "processed_feature_names": [
        "MntWines",
        "NumWebPurchases",
        "Teenhome",
        "MntFruits",
        "NumCatalogPurchases",
        "MntMeatProducts",
        "NumWebVisitsMonth",
        "MntFishProducts",
        "MntSweetProducts",
        "MntGoldProds",
        "Recency",
        "NumStorePurchases",
        "Kidhome",
        "NumDealsPurchases",
        "Income"
    ],
    "variables_importance": {
        "variables": [
            "MntWines",
            "NumWebPurchases",
            "Teenhome",
            "MntFruits",
            "NumCatalogPurchases",
            "MntMeatProducts",
            "NumWebVisitsMonth",
            "MntFishProducts",
            "MntSweetProducts",
            "MntGoldProds",
            "Recency",
            "NumStorePurchases",
            "Kidhome",
            "NumDealsPurchases",
            "Income"
        ],
        "importances": [
            0.12931985197613788,
            0.03596343526990203,
            0.20486976381093147,
            0.03951707315893178,
            0.06668897858873671,
            0.11155497979457309,
            0.039850752058272605,
            0.05411315329962904,
            0.037258144026302904,
            0.020257215803859516,
            0.013248879660852855,
            0.03971543625854938,
            0.030928507855147728,
            0.08445424588026264,
            0.09225958255791035
        ]
    },
    "reduce_vars": [],
    "train_nb_records": 2232,
    "train_nb_features": 15,
    "train_nb_outliers": 0,
    "cluster_description": [
        {
            "variable": "MntWines",
            "var": 70592.5,
            "values": [
                {
                    "cluster": "cluster_0",
                    "value": 58.42669584245077
                },
                {
                    "cluster": "cluster_1",
                    "value": 594.7582846003899
                },
                {
                    "cluster": "cluster_2",
                    "value": 554.6111111111111
                },
                {
                    "cluster": "cluster_3",
                    "value": 308.615
                },
                {
                    "cluster": "cluster_4",
                    "value": 30.430555555555557
                }
            ]
        },
        {
            "variable": "NumWebPurchases",
            "var": 4.55,
            "values": [
                {
                    "cluster": "cluster_0",
                    "value": 2.076586433260394
                },
                {
                    "cluster": "cluster_1",
                    "value": 4.996101364522417
                },
                {
                    "cluster": "cluster_2",
                    "value": 6.613168724279835
                },
                {
                    "cluster": "cluster_3",
                    "value": 5.96
                },
                {
                    "cluster": "cluster_4",
                    "value": 2.1319444444444446
                }
            ]
        },
        {
            "variable": "Teenhome",
            "var": 0.22,
            "values": [
                {
                    "cluster": "cluster_0",
                    "value": 1.0371991247264771
                },
                {
                    "cluster": "cluster_1",
                    "value": 0.13840155945419103
                },
                {
                    "cluster": "cluster_2",
                    "value": 0.8333333333333334
                },
                {
                    "cluster": "cluster_3",
                    "value": 0.895
                },
                {
                    "cluster": "cluster_4",
                    "value": 0.005208333333333333
                }
            ]
        },
        {
            "variable": "MntFruits",
            "var": 806.36,
            "values": [
                {
                    "cluster": "cluster_0",
                    "value": 3.361050328227571
                },
                {
                    "cluster": "cluster_1",
                    "value": 72.09746588693957
                },
                {
                    "cluster": "cluster_2",
                    "value": 29.493827160493826
                },
                {
                    "cluster": "cluster_3",
                    "value": 11.96
                },
                {
                    "cluster": "cluster_4",
                    "value": 6.307291666666667
                }
            ]
        },
        {
            "variable": "NumCatalogPurchases",
            "var": 5.25,
            "values": [
                {
                    "cluster": "cluster_0",
                    "value": 0.6214442013129103
                },
                {
                    "cluster": "cluster_1",
                    "value": 5.97270955165692
                },
                {
                    "cluster": "cluster_2",
                    "value": 3.6954732510288064
                },
                {
                    "cluster": "cluster_3",
                    "value": 2.26
                },
                {
                    "cluster": "cluster_4",
                    "value": 0.5
                }
            ]
        },
        {
            "variable": "MntMeatProducts",
            "var": 34755.67,
            "values": [
                {
                    "cluster": "cluster_0",
                    "value": 21.282275711159738
                },
                {
                    "cluster": "cluster_1",
                    "value": 473.7953216374269
                },
                {
                    "cluster": "cluster_2",
                    "value": 166.5576131687243
                },
                {
                    "cluster": "cluster_3",
                    "value": 107.71
                },
                {
                    "cluster": "cluster_4",
                    "value": 23.821180555555557
                }
            ]
        },
        {
            "variable": "NumWebVisitsMonth",
            "var": 3.37,
            "values": [
                {
                    "cluster": "cluster_0",
                    "value": 5.824945295404814
                },
                {
                    "cluster": "cluster_1",
                    "value": 2.617933723196881
                },
                {
                    "cluster": "cluster_2",
                    "value": 5.160493827160494
                },
                {
                    "cluster": "cluster_3",
                    "value": 7.29
                },
                {
                    "cluster": "cluster_4",
                    "value": 6.821180555555555
                }
            ]
        },
        {
            "variable": "MntFishProducts",
            "var": 1720.75,
            "values": [
                {
                    "cluster": "cluster_0",
                    "value": 4.87527352297593
                },
                {
                    "cluster": "cluster_1",
                    "value": 106.21637426900585
                },
                {
                    "cluster": "cluster_2",
                    "value": 37.05761316872428
                },
                {
                    "cluster": "cluster_3",
                    "value": 19.28
                },
                {
                    "cluster": "cluster_4",
                    "value": 9.444444444444445
                }
            ]
        },
        {
            "variable": "MntSweetProducts",
            "var": 839.09,
            "values": [
                {
                    "cluster": "cluster_0",
                    "value": 3.549234135667396
                },
                {
                    "cluster": "cluster_1",
                    "value": 74.24171539961014
                },
                {
                    "cluster": "cluster_2",
                    "value": 29.4238683127572
                },
                {
                    "cluster": "cluster_3",
                    "value": 14.645
                },
                {
                    "cluster": "cluster_4",
                    "value": 6.378472222222222
                }
            ]
        },
        {
            "variable": "MntGoldProds",
            "var": 857.14,
            "values": [
                {
                    "cluster": "cluster_0",
                    "value": 13.061269146608316
                },
                {
                    "cluster": "cluster_1",
                    "value": 79.25730994152046
                },
                {
                    "cluster": "cluster_2",
                    "value": 65.05144032921811
                },
                {
                    "cluster": "cluster_3",
                    "value": 52.43
                },
                {
                    "cluster": "cluster_4",
                    "value": 17.100694444444443
                }
            ]
        },
        {
            "variable": "Recency",
            "var": 0.61,
            "values": [
                {
                    "cluster": "cluster_0",
                    "value": 49.72647702407002
                },
                {
                    "cluster": "cluster_1",
                    "value": 49.95126705653021
                },
                {
                    "cluster": "cluster_2",
                    "value": 48.11934156378601
                },
                {
                    "cluster": "cluster_3",
                    "value": 48.52
                },
                {
                    "cluster": "cluster_4",
                    "value": 48.916666666666664
                }
            ]
        },
        {
            "variable": "NumStorePurchases",
            "var": 6.6,
            "values": [
                {
                    "cluster": "cluster_0",
                    "value": 3.4529540481400436
                },
                {
                    "cluster": "cluster_1",
                    "value": 8.440545808966862
                },
                {
                    "cluster": "cluster_2",
                    "value": 8.390946502057613
                },
                {
                    "cluster": "cluster_3",
                    "value": 5.93
                },
                {
                    "cluster": "cluster_4",
                    "value": 3.111111111111111
                }
            ]
        },
        {
            "variable": "Kidhome",
            "var": 0.15,
            "values": [
                {
                    "cluster": "cluster_0",
                    "value": 0.6936542669584245
                },
                {
                    "cluster": "cluster_1",
                    "value": 0.02729044834307992
                },
                {
                    "cluster": "cluster_2",
                    "value": 0.08641975308641975
                },
                {
                    "cluster": "cluster_3",
                    "value": 0.785
                },
                {
                    "cluster": "cluster_4",
                    "value": 0.8020833333333334
                }
            ]
        },
        {
            "variable": "NumDealsPurchases",
            "var": 4.65,
            "values": [
                {
                    "cluster": "cluster_0",
                    "value": 2.1728665207877462
                },
                {
                    "cluster": "cluster_1",
                    "value": 1.1910331384015596
                },
                {
                    "cluster": "cluster_2",
                    "value": 2.6049382716049383
                },
                {
                    "cluster": "cluster_3",
                    "value": 6.595
                },
                {
                    "cluster": "cluster_4",
                    "value": 1.7100694444444444
                }
            ]
        },
        {
            "variable": "Income",
            "var": 329720647.89,
            "values": [
                {
                    "cluster": "cluster_0",
                    "value": 41477.21225382932
                },
                {
                    "cluster": "cluster_1",
                    "value": 76245.45029239765
                },
                {
                    "cluster": "cluster_2",
                    "value": 62423.384773662554
                },
                {
                    "cluster": "cluster_3",
                    "value": 49044.63
                },
                {
                    "cluster": "cluster_4",
                    "value": 29567.006944444445
                }
            ]
        },
        {
            "variable": "cluster_size",
            "var": 20906.3,
            "values": [
                {
                    "cluster": "cluster_4",
                    "value": 576
                },
                {
                    "cluster": "cluster_1",
                    "value": 513
                },
                {
                    "cluster": "cluster_2",
                    "value": 486
                },
                {
                    "cluster": "cluster_0",
                    "value": 457
                },
                {
                    "cluster": "cluster_3",
                    "value": 200
                }
            ]
        }
    ],
    "summary": {
        "clusters": []
    }
}