{
    "modelId": "m3",
    "state": "DONE",
    "startTime": 1677470159090,
    "endTime": 1677470164616,
    "preprocessingTime": 162,
    "trainingTime": 1127,
    "progress": {
        "stack": [],
        "top_level_todo": [],
        "top_level_done": [
            {
                "name": "Loading source dataset",
                "time": 21
            },
            {
                "name": "Collecting statistics",
                "time": 45
            },
            {
                "name": "Preprocessing data",
                "time": 92
            },
            {
                "name": "Fitting model",
                "time": 164
            },
            {
                "name": "Saving model",
                "time": 2
            },
            {
                "name": "Scoring model",
                "time": 960
            }
        ]
    }
}