{
    "metrics": {
        "inertia": 21780.84951385695,
        "silhouette": 0.26800740641001736,
        "nbClusters": 3
    },
    "processed_feature_names": [
        "MntWines",
        "Expenses",
        "NumWebPurchases",
        "Engaged in Days",
        "MntFruits",
        "NumCatalogPurchases",
        "Total Accepted Cmp",
        "Num Total Purchase",
        "Amount Per Purchase",
        "MntMeatProducts",
        "NumWebVisitsMonth",
        "MntFishProducts",
        "MntSweetProducts",
        "MntGoldProds",
        "Recency",
        "NumStorePurchases",
        "NumDealsPurchases"
    ],
    "variables_importance": {
        "variables": [
            "MntWines",
            "Expenses",
            "NumWebPurchases",
            "Engaged in Days",
            "MntFruits",
            "NumCatalogPurchases",
            "Total Accepted Cmp",
            "Num Total Purchase",
            "Amount Per Purchase",
            "MntMeatProducts",
            "NumWebVisitsMonth",
            "MntFishProducts",
            "MntSweetProducts",
            "MntGoldProds",
            "Recency",
            "NumStorePurchases",
            "NumDealsPurchases"
        ],
        "importances": [
            0.07797413824210374,
            0.1803292539794645,
            0.029159117715627566,
            0.008464861616915098,
            0.02481618050290844,
            0.04816499582653126,
            0.002843729628216075,
            0.1502889915590827,
            0.17338585064427112,
            0.11691786766860783,
            0.02457954791094119,
            0.044742788668477036,
            0.025865681303379136,
            0.008775980694370755,
            0.005585014943749411,
            0.02104911518161891,
            0.05705688391373526
        ]
    },
    "reduce_vars": [],
    "train_nb_records": 2227,
    "train_nb_features": 17,
    "train_nb_outliers": 0,
    "cluster_description": [
        {
            "variable": "MntWines",
            "var": 91392.16,
            "values": [
                {
                    "cluster": "cluster_0",
                    "value": 43.90813397129187
                },
                {
                    "cluster": "cluster_1",
                    "value": 636.9947460595447
                },
                {
                    "cluster": "cluster_2",
                    "value": 442.2487725040917
                }
            ]
        },
        {
            "variable": "Expenses",
            "var": 433457.34,
            "values": [
                {
                    "cluster": "cluster_0",
                    "value": 99.76076555023923
                },
                {
                    "cluster": "cluster_1",
                    "value": 1415.6094570928196
                },
                {
                    "cluster": "cluster_2",
                    "value": 715.5106382978723
                }
            ]
        },
        {
            "variable": "NumWebPurchases",
            "var": 5.04,
            "values": [
                {
                    "cluster": "cluster_0",
                    "value": 2.109090909090909
                },
                {
                    "cluster": "cluster_1",
                    "value": 5.224168126094571
                },
                {
                    "cluster": "cluster_2",
                    "value": 6.468085106382978
                }
            ]
        },
        {
            "variable": "Engaged in Days",
            "var": 2339.75,
            "values": [
                {
                    "cluster": "cluster_0",
                    "value": 501.08325358851675
                },
                {
                    "cluster": "cluster_1",
                    "value": 548.9334500875657
                },
                {
                    "cluster": "cluster_2",
                    "value": 597.823240589198
                }
            ]
        },
        {
            "variable": "MntFruits",
            "var": 1104.46,
            "values": [
                {
                    "cluster": "cluster_0",
                    "value": 5.0966507177033495
                },
                {
                    "cluster": "cluster_1",
                    "value": 69.37127845884413
                },
                {
                    "cluster": "cluster_2",
                    "value": 22.572831423895252
                }
            ]
        },
        {
            "variable": "NumCatalogPurchases",
            "var": 7.41,
            "values": [
                {
                    "cluster": "cluster_0",
                    "value": 0.5674641148325359
                },
                {
                    "cluster": "cluster_1",
                    "value": 6.005253940455342
                },
                {
                    "cluster": "cluster_2",
                    "value": 3.0360065466448445
                }
            ]
        },
        {
            "variable": "Total Accepted Cmp",
            "var": 0.11,
            "values": [
                {
                    "cluster": "cluster_0",
                    "value": 0.0861244019138756
                },
                {
                    "cluster": "cluster_1",
                    "value": 0.7302977232924693
                },
                {
                    "cluster": "cluster_2",
                    "value": 0.25859247135842883
                }
            ]
        },
        {
            "variable": "Num Total Purchase",
            "var": 57.03,
            "values": [
                {
                    "cluster": "cluster_0",
                    "value": 7.938755980861244
                },
                {
                    "cluster": "cluster_1",
                    "value": 20.891418563922944
                },
                {
                    "cluster": "cluster_2",
                    "value": 21.142389525368248
                }
            ]
        },
        {
            "variable": "Amount Per Purchase",
            "var": 985.76,
            "values": [
                {
                    "cluster": "cluster_0",
                    "value": 11.288995215311004
                },
                {
                    "cluster": "cluster_1",
                    "value": 73.27320490367777
                },
                {
                    "cluster": "cluster_2",
                    "value": 33.57774140752864
                }
            ]
        },
        {
            "variable": "MntMeatProducts",
            "var": 50919.6,
            "values": [
                {
                    "cluster": "cluster_0",
                    "value": 23.078468899521532
                },
                {
                    "cluster": "cluster_1",
                    "value": 457.8476357267951
                },
                {
                    "cluster": "cluster_2",
                    "value": 135.62684124386251
                }
            ]
        },
        {
            "variable": "NumWebVisitsMonth",
            "var": 3.43,
            "values": [
                {
                    "cluster": "cluster_0",
                    "value": 6.360765550239234
                },
                {
                    "cluster": "cluster_1",
                    "value": 2.912434325744308
                },
                {
                    "cluster": "cluster_2",
                    "value": 5.81342062193126
                }
            ]
        },
        {
            "variable": "MntFishProducts",
            "var": 2425.45,
            "values": [
                {
                    "cluster": "cluster_0",
                    "value": 7.327272727272727
                },
                {
                    "cluster": "cluster_1",
                    "value": 101.6217162872154
                },
                {
                    "cluster": "cluster_2",
                    "value": 29.821603927986907
                }
            ]
        },
        {
            "variable": "MntSweetProducts",
            "var": 1137.27,
            "values": [
                {
                    "cluster": "cluster_0",
                    "value": 5.1942583732057415
                },
                {
                    "cluster": "cluster_1",
                    "value": 70.71978984238179
                },
                {
                    "cluster": "cluster_2",
                    "value": 24.114566284779052
                }
            ]
        },
        {
            "variable": "MntGoldProds",
            "var": 1086.28,
            "values": [
                {
                    "cluster": "cluster_0",
                    "value": 15.15598086124402
                },
                {
                    "cluster": "cluster_1",
                    "value": 79.05429071803853
                },
                {
                    "cluster": "cluster_2",
                    "value": 61.12602291325695
                }
            ]
        },
        {
            "variable": "Recency",
            "var": 1.44,
            "values": [
                {
                    "cluster": "cluster_0",
                    "value": 49.01913875598086
                },
                {
                    "cluster": "cluster_1",
                    "value": 50.43432574430823
                },
                {
                    "cluster": "cluster_2",
                    "value": 48.05073649754501
                }
            ]
        },
        {
            "variable": "NumStorePurchases",
            "var": 7.73,
            "values": [
                {
                    "cluster": "cluster_0",
                    "value": 3.277511961722488
                },
                {
                    "cluster": "cluster_1",
                    "value": 8.33800350262697
                },
                {
                    "cluster": "cluster_2",
                    "value": 7.8068739770867435
                }
            ]
        },
        {
            "variable": "NumDealsPurchases",
            "var": 1.69,
            "values": [
                {
                    "cluster": "cluster_0",
                    "value": 1.984688995215311
                },
                {
                    "cluster": "cluster_1",
                    "value": 1.3239929947460596
                },
                {
                    "cluster": "cluster_2",
                    "value": 3.8314238952536823
                }
            ]
        },
        {
            "variable": "cluster_size",
            "var": 69105.33,
            "values": [
                {
                    "cluster": "cluster_0",
                    "value": 1045
                },
                {
                    "cluster": "cluster_2",
                    "value": 611
                },
                {
                    "cluster": "cluster_1",
                    "value": 571
                }
            ]
        }
    ],
    "summary": {
        "clusters": []
    }
}