{
    "modelId": "m1",
    "state": "DONE",
    "startTime": 1677035759311,
    "endTime": 1677035761785,
    "preprocessingTime": 95,
    "trainingTime": 2379,
    "progress": {
        "stack": [],
        "top_level_todo": [],
        "top_level_done": [
            {
                "name": "Loading source dataset",
                "time": 17
            },
            {
                "name": "Collecting statistics",
                "time": 24
            },
            {
                "name": "Preprocessing data",
                "time": 52
            },
            {
                "name": "Fitting model",
                "time": 1431
            },
            {
                "name": "Saving model",
                "time": 3
            },
            {
                "name": "Scoring model",
                "time": 945
            }
        ]
    }
}