{
  "description": "KMeans (k\u003d3)\n\nTrained in 2 seconds on 2227 records\n",
  "name": "KMeans (k\u003d3)",
  "starred": false,
  "clusterMetas": {
    "cluster_0": {
      "name": "cluster_0",
      "color": "#f06548"
    },
    "cluster_1": {
      "name": "cluster_1",
      "color": "#fdc766"
    },
    "cluster_2": {
      "name": "cluster_2",
      "color": "#7bc9a6"
    }
  },
  "customMeta": {
    "kv": {}
  },
  "tags": [],
  "activeClassifierThreshold": 0.0,
  "labels": [
    {
      "key": "trainDataset:dataset-name",
      "value": "Preprocessed_data"
    },
    {
      "key": "testDataset:dataset-name",
      "value": "Preprocessed_data"
    },
    {
      "key": "model:date",
      "value": "2023-02-22 03:15:57"
    },
    {
      "key": "model:algorithm",
      "value": "KMEANS"
    }
  ]
}