{
  "type": "UploadedFiles",
  "managed": false,
  "featureGroup": false,
  "formatType": "csv",
  "checklists": {
    "checklists": []
  },
  "checks": [],
  "customMeta": {
    "kv": {}
  },
  "flowOptions": {
    "virtualizable": false,
    "rebuildBehavior": "NORMAL",
    "crossProjectBuildBehavior": "DEFAULT"
  },
  "readWriteOptions": {
    "preserveOrder": false,
    "writeBuckets": 1,
    "forceSingleOutputFile": false,
    "defaultReadOrdering": {
      "enabled": false,
      "rules": []
    }
  },
  "formatParams": {
    "style": "excel",
    "charset": "utf-8",
    "separator": ",",
    "quoteChar": "\"",
    "escapeChar": "\\",
    "dateSerializationFormat": "ISO",
    "arrayMapFormat": "json",
    "hiveSeparators": [
      "\u0002",
      "\u0003",
      "\u0004",
      "\u0005",
      "\u0006",
      "\u0007",
      "\b"
    ],
    "skipRowsBeforeHeader": 0,
    "parseHeaderRow": true,
    "skipRowsAfterHeader": 0,
    "probableNumberOfRecords": 17,
    "normalizeBooleans": false,
    "normalizeDoubles": true,
    "readAdditionalColumnsBehavior": "INSERT_IN_DATA_WARNING",
    "readMissingColumnsBehavior": "DISCARD_SILENT",
    "readDataTypeMismatchBehavior": "DISCARD_WARNING",
    "writeDataTypeMismatchBehavior": "DISCARD_WARNING",
    "fileReadFailureBehavior": "FAIL",
    "compress": ""
  },
  "partitioning": {
    "ignoreNonMatchingFile": false,
    "considerMissingRequestedPartitionsAsEmpty": false,
    "dimensions": []
  },
  "versionTag": {
    "versionNumber": 16,
    "lastModifiedBy": {
      "login": "admin"
    },
    "lastModifiedOn": 1680492889809
  },
  "creationTag": {
    "versionNumber": 0,
    "lastModifiedBy": {
      "login": "admin"
    },
    "lastModifiedOn": 1680245603239
  },
  "tags": [],
  "params": {
    "uploadConnection": "Default (in DSS data dir.)",
    "notReadyIfEmpty": false,
    "filesSelectionRules": {
      "mode": "ALL",
      "excludeRules": [],
      "includeRules": [],
      "explicitFiles": []
    }
  },
  "schema": {
    "columns": [
      {"name":"Administrative","type":"int"},
      {"name":"Administrative_Duration","type":"float"},
      {"name":"Informational","type":"int"},
      {"name":"Informational_Duration","type":"float"},
      {"name":"ProductRelated","type":"int"},
      {"name":"ProductRelated_Duration","type":"float"},
      {"name":"BounceRates","type":"string"},
      {"name":"ExitRates","type":"string"},
      {"name":"PageValues","type":"string"},
      {"name":"Month","type":"string"},
      {"name":"OperatingSystems","type":"int"},
      {"name":"Browser","type":"int"},
      {"name":"Region","type":"int"},
      {"name":"TrafficType","type":"int"},
      {"name":"VisitorType","type":"string"},
      {"name":"Weekend","type":"string"},
      {"name":"Revenue","type":"string"}
    ],
    "userModified": true
  },
  "dkuProperties": [],
  "metrics": {
    "probes": [
      {
        "type": "basic",
        "enabled": true,
        "computeOnBuildMode": "PARTITION",
        "meta": {
          "name": "Basic data",
          "level": 0
        },
        "configuration": {}
      },
      {
        "type": "records",
        "enabled": true,
        "computeOnBuildMode": "NO",
        "meta": {
          "name": "Record count",
          "level": 0
        },
        "configuration": {}
      },
      {
        "type": "col_stats",
        "enabled": true,
        "computeOnBuildMode": "NO",
        "meta": {
          "name": "Columns statistics",
          "level": 2
        },
        "configuration": {
          "aggregates": [
            {
              "column": "Administrative",
              "aggregated": "MIN"
            },
            {
              "column": "Administrative",
              "aggregated": "MEAN"
            },
            {
              "column": "Administrative",
              "aggregated": "MAX"
            },
            {
              "column": "Administrative",
              "aggregated": "COUNT"
            },
            {
              "column": "Administrative",
              "aggregated": "COUNT_NULL"
            },
            {
              "column": "Administrative_Duration",
              "aggregated": "MIN"
            },
            {
              "column": "Administrative_Duration",
              "aggregated": "MEAN"
            },
            {
              "column": "Administrative_Duration",
              "aggregated": "MAX"
            },
            {
              "column": "Administrative_Duration",
              "aggregated": "COUNT"
            },
            {
              "column": "Administrative_Duration",
              "aggregated": "COUNT_NULL"
            },
            {
              "column": "Informational",
              "aggregated": "MIN"
            },
            {
              "column": "Informational",
              "aggregated": "MEAN"
            },
            {
              "column": "Informational",
              "aggregated": "MAX"
            },
            {
              "column": "Informational",
              "aggregated": "COUNT"
            },
            {
              "column": "Informational",
              "aggregated": "COUNT_NULL"
            },
            {
              "column": "Informational_Duration",
              "aggregated": "MIN"
            },
            {
              "column": "Informational_Duration",
              "aggregated": "MEAN"
            },
            {
              "column": "Informational_Duration",
              "aggregated": "MAX"
            },
            {
              "column": "Informational_Duration",
              "aggregated": "COUNT"
            },
            {
              "column": "Informational_Duration",
              "aggregated": "COUNT_NULL"
            },
            {
              "column": "ProductRelated",
              "aggregated": "MIN"
            },
            {
              "column": "ProductRelated",
              "aggregated": "MEAN"
            },
            {
              "column": "ProductRelated",
              "aggregated": "MAX"
            },
            {
              "column": "ProductRelated",
              "aggregated": "COUNT"
            },
            {
              "column": "ProductRelated",
              "aggregated": "COUNT_NULL"
            },
            {
              "column": "ProductRelated_Duration",
              "aggregated": "MIN"
            },
            {
              "column": "ProductRelated_Duration",
              "aggregated": "MEAN"
            },
            {
              "column": "ProductRelated_Duration",
              "aggregated": "MAX"
            },
            {
              "column": "ProductRelated_Duration",
              "aggregated": "COUNT"
            },
            {
              "column": "ProductRelated_Duration",
              "aggregated": "COUNT_NULL"
            }
          ]
        }
      },
      {
        "type": "adv_col_stats",
        "enabled": false,
        "computeOnBuildMode": "NO",
        "meta": {
          "name": "Most frequent values",
          "level": 3
        },
        "configuration": {
          "aggregates": [],
          "numberTopValues": 10
        }
      },
      {
        "type": "percentile_stats",
        "enabled": false,
        "computeOnBuildMode": "NO",
        "meta": {
          "name": "Columns percentiles",
          "level": 4
        },
        "configuration": {
          "aggregates": []
        }
      },
      {
        "type": "verify_col",
        "enabled": false,
        "computeOnBuildMode": "NO",
        "meta": {
          "name": "Data validity",
          "level": 4
        },
        "configuration": {
          "aggregates": []
        }
      }
    ],
    "engineConfig": {
      "padRunsWithMetrics": false,
      "hive": {
        "active": true,
        "extraConf": []
      },
      "basic": {},
      "dss": {
        "active": true,
        "selection": {
          "useMemTable": false,
          "filter": {
            "distinct": false,
            "enabled": false
          },
          "partitionSelectionMethod": "ALL",
          "latestPartitionsN": 1,
          "ordering": {
            "enabled": false,
            "rules": []
          },
          "samplingMethod": "FULL",
          "maxRecords": -1,
          "targetRatio": 0.02,
          "withinFirstN": -1,
          "maxReadUncompressedBytes": -1
        }
      },
      "sql": {
        "active": true
      },
      "impala": {
        "active": true
      },
      "spark": {
        "active": true,
        "extraConf": []
      },
      "python": {}
    },
    "displayedState": {
      "partition": "NP",
      "columns": [
        "Administrative",
        "Informational",
        "Administrative_Duration",
        "Informational_Duration",
        "ProductRelated",
        "ProductRelated_Duration"
      ],
      "metrics": [
        "col_stats:MAX:Administrative",
        "col_stats:MIN:Administrative_Duration",
        "col_stats:COUNT_NULL:ProductRelated",
        "col_stats:MEAN:Administrative_Duration"
      ]
    }
  },
  "metricsChecks": {
    "runOnBuild": false,
    "checks": [],
    "displayedState": {
      "partition": "NP",
      "checks": []
    }
  },
  "customFields": {}
}