{"global": {"size": 2227, "facts": [{"type": "numerical", "feature_label": "Total Accepted Cmp", "cluster_label": "cluster_3", "mean": 1.9059405940594059, "std": 0.9336518769322685, "diff": 2.3716601588001223, "global_mean": 0.2986079928154468, "global_std": 0.677724671167536}, {"type": "numerical", "feature_label": "MntWines", "cluster_label": "cluster_3", "mean": 924.539603960396, "std": 299.89943740039956, "diff": 1.838756557866733, "global_mean": 305.2635832959138, "global_std": 336.79065236506705}, {"type": "numerical", "feature_label": "Expenses", "cluster_label": "cluster_3", "mean": 1693.8564356435643, "std": 371.16089789005997, "diff": 1.8098452688665005, "global_mean": 606.0799281544679, "global_std": 601.032876236081}, {"type": "numerical", "feature_label": "MntMeatProducts", "cluster_label": "cluster_3", "mean": 492.1930693069307, "std": 268.292847633011, "diff": 1.4894787995887127, "global_mean": 165.4315222272115, "global_std": 219.3797905481752}, {"type": "numerical", "feature_label": "Amount Per Purchase", "cluster_label": "cluster_3", "mean": 90.89603960396039, "std": 115.11384840100676, "diff": 1.2790050429275663, "global_mean": 33.2968118545128, "global_std": 45.034402380155115}, {"type": "numerical", "feature_label": "NumCatalogPurchases", "cluster_label": "cluster_3", "mean": 6.143564356435643, "std": 2.3445041415973225, "diff": 1.2532951583949634, "global_mean": 2.6389762011674898, "global_std": 2.7962991253842517}, {"type": "numerical", "feature_label": "MntFishProducts", "cluster_label": "cluster_0", "mean": 98.91404612159329, "std": 64.14806067876567, "diff": 1.1192473241304741, "global_mean": 37.6757970363718, "global_std": 54.71377752258334}, {"type": "numerical", "feature_label": "MntFruits", "cluster_label": "cluster_0", "mean": 69.42557651991615, "std": 48.98358943098164, "diff": 1.0824537167301866, "global_mean": 26.371351594072742, "global_std": 39.774656653126115}, {"type": "numerical", "feature_label": "NumCatalogPurchases", "cluster_label": "cluster_0", "mean": 5.561844863731656, "std": 2.581212655749523, "diff": 1.0452632324027644, "global_mean": 2.6389762011674898, "global_std": 2.7962991253842517}, {"type": "numerical", "feature_label": "MntSweetProducts", "cluster_label": "cluster_0", "mean": 69.82599580712788, "std": 50.56696528624676, "diff": 1.0312121209151148, "global_mean": 27.185900314324204, "global_std": 41.34949020475453}]}, "clusters": [{"cluster": "cluster_0", "size": 477, "facts": [{"type": "numerical", "feature_label": "MntFishProducts", "cluster_label": "cluster_0", "mean": 98.91404612159329, "std": 64.14806067876567, "diff": 1.1192473241304741, "global_mean": 37.6757970363718, "global_std": 54.71377752258334}, {"type": "numerical", "feature_label": "MntFruits", "cluster_label": "cluster_0", "mean": 69.42557651991615, "std": 48.98358943098164, "diff": 1.0824537167301866, "global_mean": 26.371351594072742, "global_std": 39.774656653126115}, {"type": "numerical", "feature_label": "NumCatalogPurchases", "cluster_label": "cluster_0", "mean": 5.561844863731656, "std": 2.581212655749523, "diff": 1.0452632324027644, "global_mean": 2.6389762011674898, "global_std": 2.7962991253842517}]}, {"cluster": "cluster_1", "size": 1017, "facts": [{"type": "numerical", "feature_label": "Num Total Purchase", "cluster_label": "cluster_1", "mean": 7.750245821042281, "std": 2.893544681759602, "diff": -0.9368864729408042, "global_mean": 14.882352941176471, "global_std": 7.612562808967808}, {"type": "numerical", "feature_label": "Expenses", "cluster_label": "cluster_1", "mean": 94.9016715830875, "std": 84.56478534491411, "diff": -0.8504996594738581, "global_mean": 606.0799281544679, "global_std": 601.032876236081}, {"type": "numerical", "feature_label": "NumStorePurchases", "cluster_label": "cluster_1", "mean": 3.240904621435595, "std": 1.0993817015652458, "diff": -0.7955716081552118, "global_mean": 5.817691962281096, "global_std": 3.2389131467632555}]}, {"cluster": "cluster_2", "size": 531, "facts": [{"type": "numerical", "feature_label": "NumDealsPurchases", "cluster_label": "cluster_2", "mean": 4.15819209039548, "std": 2.407030529631655, "diff": 0.9690779057940744, "global_mean": 2.3219577907498876, "global_std": 1.8948262969022696}, {"type": "numerical", "feature_label": "NumWebPurchases", "cluster_label": "cluster_2", "mean": 6.423728813559322, "std": 2.605386661250313, "diff": 0.8363429625998373, "global_mean": 4.103726986977997, "global_std": 2.7739837965150302}, {"type": "numerical", "feature_label": "Num Total Purchase", "cluster_label": "cluster_2", "mean": 20.555555555555557, "std": 4.599243397808502, "diff": 0.7452421420675699, "global_mean": 14.882352941176471, "global_std": 7.612562808967808}]}, {"cluster": "cluster_3", "size": 202, "facts": [{"type": "numerical", "feature_label": "Total Accepted Cmp", "cluster_label": "cluster_3", "mean": 1.9059405940594059, "std": 0.9336518769322685, "diff": 2.3716601588001223, "global_mean": 0.2986079928154468, "global_std": 0.677724671167536}, {"type": "numerical", "feature_label": "MntWines", "cluster_label": "cluster_3", "mean": 924.539603960396, "std": 299.89943740039956, "diff": 1.838756557866733, "global_mean": 305.2635832959138, "global_std": 336.79065236506705}, {"type": "numerical", "feature_label": "Expenses", "cluster_label": "cluster_3", "mean": 1693.8564356435643, "std": 371.16089789005997, "diff": 1.8098452688665005, "global_mean": 606.0799281544679, "global_std": 601.032876236081}]}]}