{
    "metrics": {
        "inertia": 20407.62505377043,
        "silhouette": 0.2613301071875896,
        "nbClusters": 4
    },
    "processed_feature_names": [
        "MntWines",
        "Expenses",
        "NumWebPurchases",
        "Engaged in Days",
        "MntFruits",
        "NumCatalogPurchases",
        "Total Accepted Cmp",
        "Num Total Purchase",
        "Amount Per Purchase",
        "MntMeatProducts",
        "NumWebVisitsMonth",
        "MntFishProducts",
        "MntSweetProducts",
        "MntGoldProds",
        "Recency",
        "NumStorePurchases",
        "NumDealsPurchases"
    ],
    "variables_importance": {
        "variables": [
            "MntWines",
            "Expenses",
            "NumWebPurchases",
            "Engaged in Days",
            "MntFruits",
            "NumCatalogPurchases",
            "Total Accepted Cmp",
            "Num Total Purchase",
            "Amount Per Purchase",
            "MntMeatProducts",
            "NumWebVisitsMonth",
            "MntFishProducts",
            "MntSweetProducts",
            "MntGoldProds",
            "Recency",
            "NumStorePurchases",
            "NumDealsPurchases"
        ],
        "importances": [
            0.11268674145882254,
            0.1506786505073937,
            0.025921211648371596,
            0.014596816867574991,
            0.03486603823329152,
            0.036178049932120634,
            0.06818966722852784,
            0.16824781188284604,
            0.11376160667806703,
            0.08899627206232315,
            0.03643113928107403,
            0.042141886452162616,
            0.024414636331860758,
            0.010715254518742067,
            0.007738366754691465,
            0.029609711530272732,
            0.03482613863185723
        ]
    },
    "reduce_vars": [],
    "train_nb_records": 2227,
    "train_nb_features": 17,
    "train_nb_outliers": 0,
    "cluster_description": [
        {
            "variable": "MntWines",
            "var": 131228.62,
            "values": [
                {
                    "cluster": "cluster_0",
                    "value": 480.7526205450734
                },
                {
                    "cluster": "cluster_1",
                    "value": 40.55555555555556
                },
                {
                    "cluster": "cluster_2",
                    "value": 419.02259887005647
                },
                {
                    "cluster": "cluster_3",
                    "value": 924.539603960396
                }
            ]
        },
        {
            "variable": "Expenses",
            "var": 474689.31,
            "values": [
                {
                    "cluster": "cluster_0",
                    "value": 1187.6834381551362
                },
                {
                    "cluster": "cluster_1",
                    "value": 94.9016715830875
                },
                {
                    "cluster": "cluster_2",
                    "value": 648.8531073446328
                },
                {
                    "cluster": "cluster_3",
                    "value": 1693.8564356435643
                }
            ]
        },
        {
            "variable": "NumWebPurchases",
            "var": 3.71,
            "values": [
                {
                    "cluster": "cluster_0",
                    "value": 5.278825995807128
                },
                {
                    "cluster": "cluster_1",
                    "value": 2.0422812192723696
                },
                {
                    "cluster": "cluster_2",
                    "value": 6.423728813559322
                },
                {
                    "cluster": "cluster_3",
                    "value": 5.608910891089109
                }
            ]
        },
        {
            "variable": "Engaged in Days",
            "var": 2305.86,
            "values": [
                {
                    "cluster": "cluster_0",
                    "value": 355.8448637316562
                },
                {
                    "cluster": "cluster_1",
                    "value": 311.9518190757129
                },
                {
                    "cluster": "cluster_2",
                    "value": 427.3333333333333
                },
                {
                    "cluster": "cluster_3",
                    "value": 378.4207920792079
                }
            ]
        },
        {
            "variable": "MntFruits",
            "var": 949.02,
            "values": [
                {
                    "cluster": "cluster_0",
                    "value": 69.42557651991615
                },
                {
                    "cluster": "cluster_1",
                    "value": 4.988200589970502
                },
                {
                    "cluster": "cluster_2",
                    "value": 17.2015065913371
                },
                {
                    "cluster": "cluster_3",
                    "value": 56.46534653465346
                }
            ]
        },
        {
            "variable": "NumCatalogPurchases",
            "var": 6.79,
            "values": [
                {
                    "cluster": "cluster_0",
                    "value": 5.561844863731656
                },
                {
                    "cluster": "cluster_1",
                    "value": 0.5555555555555556
                },
                {
                    "cluster": "cluster_2",
                    "value": 2.670433145009416
                },
                {
                    "cluster": "cluster_3",
                    "value": 6.143564356435643
                }
            ]
        },
        {
            "variable": "Total Accepted Cmp",
            "var": 0.77,
            "values": [
                {
                    "cluster": "cluster_0",
                    "value": 0.13417190775681342
                },
                {
                    "cluster": "cluster_1",
                    "value": 0.08161258603736479
                },
                {
                    "cluster": "cluster_2",
                    "value": 0.2504708097928437
                },
                {
                    "cluster": "cluster_3",
                    "value": 1.9059405940594059
                }
            ]
        },
        {
            "variable": "Num Total Purchase",
            "var": 43.7,
            "values": [
                {
                    "cluster": "cluster_0",
                    "value": 21.08176100628931
                },
                {
                    "cluster": "cluster_1",
                    "value": 7.750245821042281
                },
                {
                    "cluster": "cluster_2",
                    "value": 20.555555555555557
                },
                {
                    "cluster": "cluster_3",
                    "value": 21.237623762376238
                }
            ]
        },
        {
            "variable": "Amount Per Purchase",
            "var": 1201.9,
            "values": [
                {
                    "cluster": "cluster_0",
                    "value": 58.75471698113208
                },
                {
                    "cluster": "cluster_1",
                    "value": 11.062930186823992
                },
                {
                    "cluster": "cluster_2",
                    "value": 31.09981167608286
                },
                {
                    "cluster": "cluster_3",
                    "value": 90.89603960396039
                }
            ]
        },
        {
            "variable": "MntMeatProducts",
            "var": 49368.05,
            "values": [
                {
                    "cluster": "cluster_0",
                    "value": 389.0
                },
                {
                    "cluster": "cluster_1",
                    "value": 21.999016715830876
                },
                {
                    "cluster": "cluster_2",
                    "value": 115.00376647834275
                },
                {
                    "cluster": "cluster_3",
                    "value": 492.1930693069307
                }
            ]
        },
        {
            "variable": "NumWebVisitsMonth",
            "var": 3.2,
            "values": [
                {
                    "cluster": "cluster_0",
                    "value": 3.0167714884696015
                },
                {
                    "cluster": "cluster_1",
                    "value": 6.327433628318584
                },
                {
                    "cluster": "cluster_2",
                    "value": 6.231638418079096
                },
                {
                    "cluster": "cluster_3",
                    "value": 3.3613861386138613
                }
            ]
        },
        {
            "variable": "MntFishProducts",
            "var": 1978.91,
            "values": [
                {
                    "cluster": "cluster_0",
                    "value": 98.91404612159329
                },
                {
                    "cluster": "cluster_1",
                    "value": 7.275319567354965
                },
                {
                    "cluster": "cluster_2",
                    "value": 23.757062146892654
                },
                {
                    "cluster": "cluster_3",
                    "value": 82.7128712871287
                }
            ]
        },
        {
            "variable": "MntSweetProducts",
            "var": 1023.27,
            "values": [
                {
                    "cluster": "cluster_0",
                    "value": 69.82599580712788
                },
                {
                    "cluster": "cluster_1",
                    "value": 5.168141592920354
                },
                {
                    "cluster": "cluster_2",
                    "value": 17.824858757062145
                },
                {
                    "cluster": "cluster_3",
                    "value": 61.95544554455446
                }
            ]
        },
        {
            "variable": "MntGoldProds",
            "var": 883.5,
            "values": [
                {
                    "cluster": "cluster_0",
                    "value": 79.76519916142557
                },
                {
                    "cluster": "cluster_1",
                    "value": 14.91543756145526
                },
                {
                    "cluster": "cluster_2",
                    "value": 56.04331450094162
                },
                {
                    "cluster": "cluster_3",
                    "value": 75.99009900990099
                }
            ]
        },
        {
            "variable": "Recency",
            "var": 1.34,
            "values": [
                {
                    "cluster": "cluster_0",
                    "value": 50.57023060796646
                },
                {
                    "cluster": "cluster_1",
                    "value": 49.13569321533923
                },
                {
                    "cluster": "cluster_2",
                    "value": 47.73822975517891
                },
                {
                    "cluster": "cluster_3",
                    "value": 49.20792079207921
                }
            ]
        },
        {
            "variable": "NumStorePurchases",
            "var": 6.17,
            "values": [
                {
                    "cluster": "cluster_0",
                    "value": 8.582809224318659
                },
                {
                    "cluster": "cluster_1",
                    "value": 3.240904621435595
                },
                {
                    "cluster": "cluster_2",
                    "value": 7.303201506591337
                },
                {
                    "cluster": "cluster_3",
                    "value": 8.356435643564357
                }
            ]
        },
        {
            "variable": "NumDealsPurchases",
            "var": 1.79,
            "values": [
                {
                    "cluster": "cluster_0",
                    "value": 1.6582809224318658
                },
                {
                    "cluster": "cluster_1",
                    "value": 1.9115044247787611
                },
                {
                    "cluster": "cluster_2",
                    "value": 4.15819209039548
                },
                {
                    "cluster": "cluster_3",
                    "value": 1.1287128712871286
                }
            ]
        },
        {
            "variable": "cluster_size",
            "var": 114900.25,
            "values": [
                {
                    "cluster": "cluster_1",
                    "value": 1017
                },
                {
                    "cluster": "cluster_2",
                    "value": 531
                },
                {
                    "cluster": "cluster_0",
                    "value": 477
                },
                {
                    "cluster": "cluster_3",
                    "value": 202
                }
            ]
        }
    ],
    "summary": {
        "clusters": []
    }
}