{
    "modelId": "m2",
    "state": "DONE",
    "startTime": 1677431724394,
    "endTime": 1677431733364,
    "preprocessingTime": 305,
    "trainingTime": 2796,
    "progress": {
        "stack": [],
        "top_level_todo": [],
        "top_level_done": [
            {
                "name": "Loading source dataset",
                "time": 44
            },
            {
                "name": "Collecting statistics",
                "time": 82
            },
            {
                "name": "Preprocessing data",
                "time": 166
            },
            {
                "name": "Fitting model",
                "time": 444
            },
            {
                "name": "Saving model",
                "time": 9
            },
            {
                "name": "Scoring model",
                "time": 2343
            }
        ]
    }
}