{"global": {"size": 2227, "facts": [{"type": "numerical", "feature_label": "Total Accepted Cmp", "cluster_label": "cluster_2", "mean": 1.886138613861386, "std": 0.9577678966611307, "diff": 2.3424418330692522, "global_mean": 0.2986079928154468, "global_std": 0.677724671167536}, {"type": "numerical", "feature_label": "MntWines", "cluster_label": "cluster_2", "mean": 937.7128712871287, "std": 296.96081911964785, "diff": 1.8778706699545396, "global_mean": 305.2635832959138, "global_std": 336.79065236506705}, {"type": "numerical", "feature_label": "Expenses", "cluster_label": "cluster_2", "mean": 1676.3613861386139, "std": 376.9002310601486, "diff": 1.7807369618226139, "global_mean": 606.0799281544679, "global_std": 601.032876236081}, {"type": "numerical", "feature_label": "MntMeatProducts", "cluster_label": "cluster_2", "mean": 476.54455445544556, "std": 267.10090979810354, "diff": 1.4181480958243255, "global_mean": 165.4315222272115, "global_std": 219.3797905481752}, {"type": "numerical", "feature_label": "NumCatalogPurchases", "cluster_label": "cluster_2", "mean": 6.198019801980198, "std": 2.3585129051976885, "diff": 1.272769271536229, "global_mean": 2.6389762011674898, "global_std": 2.7962991253842517}, {"type": "numerical", "feature_label": "Amount Per Purchase", "cluster_label": "cluster_2", "mean": 89.47524752475248, "std": 115.3185157760201, "diff": 1.2474560047674863, "global_mean": 33.2968118545128, "global_std": 45.034402380155115}, {"type": "numerical", "feature_label": "MntFishProducts", "cluster_label": "cluster_1", "mean": 101.58350951374207, "std": 64.4109382385932, "diff": 1.1680369254524987, "global_mean": 37.6757970363718, "global_std": 54.71377752258334}, {"type": "numerical", "feature_label": "MntFruits", "cluster_label": "cluster_1", "mean": 71.89640591966173, "std": 49.90851638990743, "diff": 1.1445744138689107, "global_mean": 26.371351594072742, "global_std": 39.774656653126115}, {"type": "numerical", "feature_label": "MntSweetProducts", "cluster_label": "cluster_1", "mean": 71.65327695560254, "std": 51.80547745688112, "diff": 1.0754032618318785, "global_mean": 27.185900314324204, "global_std": 41.34949020475453}, {"type": "numerical", "feature_label": "MntMeatProducts", "cluster_label": "cluster_1", "mean": 395.58350951374206, "std": 216.83072046566005, "diff": 1.0491029584422444, "global_mean": 165.4315222272115, "global_std": 219.3797905481752}]}, "clusters": [{"cluster": "cluster_0", "size": 1006, "facts": [{"type": "numerical", "feature_label": "Num Total Purchase", "cluster_label": "cluster_0", "mean": 7.676938369781312, "std": 2.8217359905168413, "diff": -0.9465162721425409, "global_mean": 14.882352941176471, "global_std": 7.612562808967808}, {"type": "numerical", "feature_label": "Expenses", "cluster_label": "cluster_0", "mean": 93.53081510934393, "std": 84.36017631555572, "diff": -0.8527804938973066, "global_mean": 606.0799281544679, "global_std": 601.032876236081}, {"type": "numerical", "feature_label": "NumStorePurchases", "cluster_label": "cluster_0", "mean": 3.2415506958250497, "std": 1.0837116894200172, "diff": -0.7953721355666675, "global_mean": 5.817691962281096, "global_std": 3.2389131467632555}]}, {"cluster": "cluster_1", "size": 473, "facts": [{"type": "numerical", "feature_label": "MntFishProducts", "cluster_label": "cluster_1", "mean": 101.58350951374207, "std": 64.4109382385932, "diff": 1.1680369254524987, "global_mean": 37.6757970363718, "global_std": 54.71377752258334}, {"type": "numerical", "feature_label": "MntFruits", "cluster_label": "cluster_1", "mean": 71.89640591966173, "std": 49.90851638990743, "diff": 1.1445744138689107, "global_mean": 26.371351594072742, "global_std": 39.774656653126115}, {"type": "numerical", "feature_label": "MntSweetProducts", "cluster_label": "cluster_1", "mean": 71.65327695560254, "std": 51.80547745688112, "diff": 1.0754032618318785, "global_mean": 27.185900314324204, "global_std": 41.34949020475453}]}, {"cluster": "cluster_2", "size": 202, "facts": [{"type": "numerical", "feature_label": "Total Accepted Cmp", "cluster_label": "cluster_2", "mean": 1.886138613861386, "std": 0.9577678966611307, "diff": 2.3424418330692522, "global_mean": 0.2986079928154468, "global_std": 0.677724671167536}, {"type": "numerical", "feature_label": "MntWines", "cluster_label": "cluster_2", "mean": 937.7128712871287, "std": 296.96081911964785, "diff": 1.8778706699545396, "global_mean": 305.2635832959138, "global_std": 336.79065236506705}, {"type": "numerical", "feature_label": "Expenses", "cluster_label": "cluster_2", "mean": 1676.3613861386139, "std": 376.9002310601486, "diff": 1.7807369618226139, "global_mean": 606.0799281544679, "global_std": 601.032876236081}]}, {"cluster": "cluster_3", "size": 546, "facts": [{"type": "numerical", "feature_label": "NumDealsPurchases", "cluster_label": "cluster_3", "mean": 4.195970695970696, "std": 2.4837198853462668, "diff": 0.9890156729851768, "global_mean": 2.3219577907498876, "global_std": 1.8948262969022696}, {"type": "numerical", "feature_label": "NumWebPurchases", "cluster_label": "cluster_3", "mean": 6.2655677655677655, "std": 2.459392284893928, "diff": 0.779327111176965, "global_mean": 4.103726986977997, "global_std": 2.7739837965150302}, {"type": "numerical", "feature_label": "Num Total Purchase", "cluster_label": "cluster_3", "mean": 20.404761904761905, "std": 4.615400549983132, "diff": 0.7254336157436868, "global_mean": 14.882352941176471, "global_std": 7.612562808967808}]}]}