{
    "metrics": {
        "inertia": 13494.835259173462,
        "silhouette": 0.30542682125694337,
        "nbClusters": 4
    },
    "processed_feature_names": [
        "factor_0",
        "factor_1",
        "factor_2",
        "factor_3",
        "factor_4",
        "factor_5",
        "factor_6"
    ],
    "variables_importance": {
        "variables": [
            "MntWines",
            "Expenses",
            "NumWebPurchases",
            "Engaged in Days",
            "MntFruits",
            "NumCatalogPurchases",
            "Total Accepted Cmp",
            "Num Total Purchase",
            "Amount Per Purchase",
            "MntMeatProducts",
            "NumWebVisitsMonth",
            "MntFishProducts",
            "MntSweetProducts",
            "MntGoldProds",
            "Recency",
            "NumStorePurchases",
            "NumDealsPurchases"
        ],
        "importances": [
            0.11990298459011017,
            0.15262396131222603,
            0.018044320688913276,
            0.011694120326669102,
            0.0376027193111056,
            0.03542658382872977,
            0.06270398261044213,
            0.16337977092352665,
            0.106522903936466,
            0.08894311145783312,
            0.02956202347153163,
            0.043226201301081194,
            0.03169236499136091,
            0.013094535551420684,
            0.00807499058797965,
            0.03607004070180247,
            0.04143538440880164
        ]
    },
    "reduce_vars": [
        "factor_0",
        "factor_1",
        "factor_2",
        "factor_3",
        "factor_4",
        "factor_5",
        "factor_6"
    ],
    "train_nb_records": 2227,
    "train_nb_features": 7,
    "train_nb_outliers": 0,
    "cluster_description": [
        {
            "variable": "MntWines",
            "var": 135616.9,
            "values": [
                {
                    "cluster": "cluster_0",
                    "value": 39.933399602385684
                },
                {
                    "cluster": "cluster_1",
                    "value": 474.3255813953488
                },
                {
                    "cluster": "cluster_2",
                    "value": 937.7128712871287
                },
                {
                    "cluster": "cluster_3",
                    "value": 413.6904761904762
                }
            ]
        },
        {
            "variable": "Expenses",
            "var": 469008.5,
            "values": [
                {
                    "cluster": "cluster_0",
                    "value": 93.53081510934393
                },
                {
                    "cluster": "cluster_1",
                    "value": 1196.4587737843551
                },
                {
                    "cluster": "cluster_2",
                    "value": 1676.3613861386139
                },
                {
                    "cluster": "cluster_3",
                    "value": 643.0366300366301
                }
            ]
        },
        {
            "variable": "NumWebPurchases",
            "var": 3.65,
            "values": [
                {
                    "cluster": "cluster_0",
                    "value": 2.0268389662027833
                },
                {
                    "cluster": "cluster_1",
                    "value": 5.340380549682875
                },
                {
                    "cluster": "cluster_2",
                    "value": 5.707920792079208
                },
                {
                    "cluster": "cluster_3",
                    "value": 6.2655677655677655
                }
            ]
        },
        {
            "variable": "Engaged in Days",
            "var": 2020.82,
            "values": [
                {
                    "cluster": "cluster_0",
                    "value": 312.6163021868787
                },
                {
                    "cluster": "cluster_1",
                    "value": 358.830866807611
                },
                {
                    "cluster": "cluster_2",
                    "value": 376.94059405940595
                },
                {
                    "cluster": "cluster_3",
                    "value": 421.22161172161174
                }
            ]
        },
        {
            "variable": "MntFruits",
            "var": 952.93,
            "values": [
                {
                    "cluster": "cluster_0",
                    "value": 4.959244532803181
                },
                {
                    "cluster": "cluster_1",
                    "value": 71.89640591966173
                },
                {
                    "cluster": "cluster_2",
                    "value": 51.70792079207921
                },
                {
                    "cluster": "cluster_3",
                    "value": 17.01098901098901
                }
            ]
        },
        {
            "variable": "NumCatalogPurchases",
            "var": 6.8,
            "values": [
                {
                    "cluster": "cluster_0",
                    "value": 0.5387673956262425
                },
                {
                    "cluster": "cluster_1",
                    "value": 5.4926004228329806
                },
                {
                    "cluster": "cluster_2",
                    "value": 6.198019801980198
                },
                {
                    "cluster": "cluster_3",
                    "value": 2.71978021978022
                }
            ]
        },
        {
            "variable": "Total Accepted Cmp",
            "var": 0.75,
            "values": [
                {
                    "cluster": "cluster_0",
                    "value": 0.07952286282306163
                },
                {
                    "cluster": "cluster_1",
                    "value": 0.14799154334038056
                },
                {
                    "cluster": "cluster_2",
                    "value": 1.886138613861386
                },
                {
                    "cluster": "cluster_3",
                    "value": 0.2454212454212454
                }
            ]
        },
        {
            "variable": "Num Total Purchase",
            "var": 44.31,
            "values": [
                {
                    "cluster": "cluster_0",
                    "value": 7.676938369781312
                },
                {
                    "cluster": "cluster_1",
                    "value": 21.02536997885835
                },
                {
                    "cluster": "cluster_2",
                    "value": 21.455445544554454
                },
                {
                    "cluster": "cluster_3",
                    "value": 20.404761904761905
                }
            ]
        },
        {
            "variable": "Amount Per Purchase",
            "var": 1168.69,
            "values": [
                {
                    "cluster": "cluster_0",
                    "value": 11.02286282306163
                },
                {
                    "cluster": "cluster_1",
                    "value": 59.35940803382664
                },
                {
                    "cluster": "cluster_2",
                    "value": 89.47524752475248
                },
                {
                    "cluster": "cluster_3",
                    "value": 30.974358974358974
                }
            ]
        },
        {
            "variable": "MntMeatProducts",
            "var": 47545.9,
            "values": [
                {
                    "cluster": "cluster_0",
                    "value": 21.848906560636184
                },
                {
                    "cluster": "cluster_1",
                    "value": 395.58350951374206
                },
                {
                    "cluster": "cluster_2",
                    "value": 476.54455445544556
                },
                {
                    "cluster": "cluster_3",
                    "value": 115.5
                }
            ]
        },
        {
            "variable": "NumWebVisitsMonth",
            "var": 3.15,
            "values": [
                {
                    "cluster": "cluster_0",
                    "value": 6.296222664015905
                },
                {
                    "cluster": "cluster_1",
                    "value": 2.995771670190275
                },
                {
                    "cluster": "cluster_2",
                    "value": 3.4405940594059405
                },
                {
                    "cluster": "cluster_3",
                    "value": 6.256410256410256
                }
            ]
        },
        {
            "variable": "MntFishProducts",
            "var": 1989.23,
            "values": [
                {
                    "cluster": "cluster_0",
                    "value": 7.169980119284294
                },
                {
                    "cluster": "cluster_1",
                    "value": 101.58350951374207
                },
                {
                    "cluster": "cluster_2",
                    "value": 78.25247524752476
                },
                {
                    "cluster": "cluster_3",
                    "value": 23.507326007326007
                }
            ]
        },
        {
            "variable": "MntSweetProducts",
            "var": 1037.42,
            "values": [
                {
                    "cluster": "cluster_0",
                    "value": 5.150099403578529
                },
                {
                    "cluster": "cluster_1",
                    "value": 71.65327695560254
                },
                {
                    "cluster": "cluster_2",
                    "value": 59.68811881188119
                },
                {
                    "cluster": "cluster_3",
                    "value": 17.23992673992674
                }
            ]
        },
        {
            "variable": "MntGoldProds",
            "var": 880.52,
            "values": [
                {
                    "cluster": "cluster_0",
                    "value": 14.469184890656063
                },
                {
                    "cluster": "cluster_1",
                    "value": 81.41649048625793
                },
                {
                    "cluster": "cluster_2",
                    "value": 72.45544554455445
                },
                {
                    "cluster": "cluster_3",
                    "value": 56.08791208791209
                }
            ]
        },
        {
            "variable": "Recency",
            "var": 0.97,
            "values": [
                {
                    "cluster": "cluster_0",
                    "value": 49.30914512922465
                },
                {
                    "cluster": "cluster_1",
                    "value": 49.883720930232556
                },
                {
                    "cluster": "cluster_2",
                    "value": 49.9009900990099
                },
                {
                    "cluster": "cluster_3",
                    "value": 47.8058608058608
                }
            ]
        },
        {
            "variable": "NumStorePurchases",
            "var": 6.17,
            "values": [
                {
                    "cluster": "cluster_0",
                    "value": 3.2415506958250497
                },
                {
                    "cluster": "cluster_1",
                    "value": 8.572938689217759
                },
                {
                    "cluster": "cluster_2",
                    "value": 8.396039603960396
                },
                {
                    "cluster": "cluster_3",
                    "value": 7.2234432234432235
                }
            ]
        },
        {
            "variable": "NumDealsPurchases",
            "var": 1.84,
            "values": [
                {
                    "cluster": "cluster_0",
                    "value": 1.8697813121272366
                },
                {
                    "cluster": "cluster_1",
                    "value": 1.6194503171247356
                },
                {
                    "cluster": "cluster_2",
                    "value": 1.1534653465346534
                },
                {
                    "cluster": "cluster_3",
                    "value": 4.195970695970696
                }
            ]
        },
        {
            "variable": "factor_0",
            "var": 8.76,
            "values": [
                {
                    "cluster": "cluster_0",
                    "value": -2.4536001497816278
                },
                {
                    "cluster": "cluster_1",
                    "value": 3.0605017479595293
                },
                {
                    "cluster": "cluster_2",
                    "value": 4.154951307332846
                },
                {
                    "cluster": "cluster_3",
                    "value": 0.33224223409198955
                }
            ]
        },
        {
            "variable": "factor_1",
            "var": 1.21,
            "values": [
                {
                    "cluster": "cluster_0",
                    "value": 0.4556473226635966
                },
                {
                    "cluster": "cluster_1",
                    "value": 0.6366110391835922
                },
                {
                    "cluster": "cluster_2",
                    "value": 0.6268821090224483
                },
                {
                    "cluster": "cluster_3",
                    "value": -1.6229458134724382
                }
            ]
        },
        {
            "variable": "factor_2",
            "var": 1.52,
            "values": [
                {
                    "cluster": "cluster_0",
                    "value": 0.01698674164545608
                },
                {
                    "cluster": "cluster_1",
                    "value": -0.9614574014313277
                },
                {
                    "cluster": "cluster_2",
                    "value": 1.9880119357243922
                },
                {
                    "cluster": "cluster_3",
                    "value": 0.06612138784864882
                }
            ]
        },
        {
            "variable": "factor_3",
            "var": 0.05,
            "values": [
                {
                    "cluster": "cluster_0",
                    "value": 0.1192239534121908
                },
                {
                    "cluster": "cluster_1",
                    "value": 0.06999496794181187
                },
                {
                    "cluster": "cluster_2",
                    "value": 0.12555484123012672
                },
                {
                    "cluster": "cluster_3",
                    "value": -0.3267564009114041
                }
            ]
        },
        {
            "variable": "factor_4",
            "var": 0.01,
            "values": [
                {
                    "cluster": "cluster_0",
                    "value": 0.04657856775741308
                },
                {
                    "cluster": "cluster_1",
                    "value": 0.06338048078528782
                },
                {
                    "cluster": "cluster_2",
                    "value": 0.04541289695608447
                },
                {
                    "cluster": "cluster_3",
                    "value": -0.15752822666763322
                }
            ]
        },
        {
            "variable": "factor_5",
            "var": 0.05,
            "values": [
                {
                    "cluster": "cluster_0",
                    "value": -0.05055798056678084
                },
                {
                    "cluster": "cluster_1",
                    "value": 0.10566367997329251
                },
                {
                    "cluster": "cluster_2",
                    "value": -0.34305925845761376
                },
                {
                    "cluster": "cluster_3",
                    "value": 0.12853549089972932
                }
            ]
        },
        {
            "variable": "factor_6",
            "var": 0.06,
            "values": [
                {
                    "cluster": "cluster_0",
                    "value": -0.05386637023320303
                },
                {
                    "cluster": "cluster_1",
                    "value": 0.03139401331192639
                },
                {
                    "cluster": "cluster_2",
                    "value": -0.3707780898169822
                },
                {
                    "cluster": "cluster_3",
                    "value": 0.20922596025840898
                }
            ]
        },
        {
            "variable": "cluster_size",
            "var": 111600.92,
            "values": [
                {
                    "cluster": "cluster_0",
                    "value": 1006
                },
                {
                    "cluster": "cluster_3",
                    "value": 546
                },
                {
                    "cluster": "cluster_1",
                    "value": 473
                },
                {
                    "cluster": "cluster_2",
                    "value": 202
                }
            ]
        }
    ],
    "summary": {
        "clusters": []
    }
}