{
    "modelId": "m2",
    "state": "DONE",
    "startTime": 1677559713690,
    "endTime": 1677559721397,
    "preprocessingTime": 314,
    "trainingTime": 2575,
    "progress": {
        "stack": [],
        "top_level_todo": [],
        "top_level_done": [
            {
                "name": "Loading source dataset",
                "time": 40
            },
            {
                "name": "Collecting statistics",
                "time": 56
            },
            {
                "name": "Preprocessing data",
                "time": 208
            },
            {
                "name": "Fitting model",
                "time": 418
            },
            {
                "name": "Saving model",
                "time": 4
            },
            {
                "name": "Scoring model",
                "time": 2152
            }
        ]
    }
}