{
  "description": "KMeans (k\u003d6)\n\nTrained in 1 seconds on 2227 records\n",
  "name": "KMeans (k\u003d6)",
  "starred": false,
  "clusterMetas": {},
  "customMeta": {
    "kv": {}
  },
  "tags": [],
  "activeClassifierThreshold": 0.0,
  "labels": [
    {
      "key": "trainDataset:dataset-name",
      "value": "Preprocessed_data"
    },
    {
      "key": "testDataset:dataset-name",
      "value": "Preprocessed_data"
    },
    {
      "key": "model:date",
      "value": "2023-02-22 03:15:57"
    },
    {
      "key": "model:algorithm",
      "value": "KMEANS"
    }
  ]
}