{
    "per_feature": {
        "MntWines": {
            "stats": {
                "min": 0.0,
                "average": 304.9301075268817,
                "median": 176.0,
                "max": 1493.0,
                "p99": 1285.0,
                "std": 336.7849502099688
            },
            "missing_impute_with_value": 304.9301075268817
        },
        "NumWebPurchases": {
            "stats": {
                "min": 0.0,
                "average": 4.097670250896058,
                "median": 4.0,
                "max": 27.0,
                "p99": 11.0,
                "std": 2.774726486599943
            },
            "missing_impute_with_value": 4.097670250896058
        },
        "Teenhome": {
            "stats": {
                "min": 0.0,
                "average": 0.507168458781362,
                "median": 0.0,
                "max": 2.0,
                "p99": 2.0,
                "std": 0.5446801950347244
            },
            "missing_impute_with_value": 0.507168458781362
        },
        "MntFruits": {
            "stats": {
                "min": 0.0,
                "average": 26.38037634408602,
                "median": 8.0,
                "max": 199.0,
                "p99": 172.0,
                "std": 39.82153183075997
            },
            "missing_impute_with_value": 26.38037634408602
        },
        "NumCatalogPurchases": {
            "stats": {
                "min": 0.0,
                "average": 2.6362007168458783,
                "median": 2.0,
                "max": 28.0,
                "p99": 10.0,
                "std": 2.7959594158656005
            },
            "missing_impute_with_value": 2.6362007168458783
        },
        "MntMeatProducts": {
            "stats": {
                "min": 0.0,
                "average": 165.31944444444446,
                "median": 67.0,
                "max": 1725.0,
                "p99": 898.69,
                "std": 219.40144650178996
            },
            "missing_impute_with_value": 165.31944444444446
        },
        "NumWebVisitsMonth": {
            "stats": {
                "min": 0.0,
                "average": 5.331541218637993,
                "median": 6.0,
                "max": 20.0,
                "p99": 9.0,
                "std": 2.415275188247763
            },
            "missing_impute_with_value": 5.331541218637993
        },
        "MntFishProducts": {
            "stats": {
                "min": 0.0,
                "average": 37.64471326164875,
                "median": 12.0,
                "max": 259.0,
                "p99": 226.3800000000001,
                "std": 54.68950398053693
            },
            "missing_impute_with_value": 37.64471326164875
        },
        "MntSweetProducts": {
            "stats": {
                "min": 0.0,
                "average": 27.155465949820787,
                "median": 8.0,
                "max": 263.0,
                "p99": 177.3800000000001,
                "std": 41.32541354015819
            },
            "missing_impute_with_value": 27.155465949820787
        },
        "MntGoldProds": {
            "stats": {
                "min": 0.0,
                "average": 44.166218637992834,
                "median": 24.5,
                "max": 362.0,
                "p99": 227.0,
                "std": 52.20450482495273
            },
            "missing_impute_with_value": 44.166218637992834
        },
        "Recency": {
            "stats": {
                "min": 0.0,
                "average": 49.111111111111114,
                "median": 49.0,
                "max": 99.0,
                "p99": 98.0,
                "std": 28.952893350547726
            },
            "missing_impute_with_value": 49.111111111111114
        },
        "NumStorePurchases": {
            "stats": {
                "min": 0.0,
                "average": 5.808243727598566,
                "median": 5.0,
                "max": 13.0,
                "p99": 13.0,
                "std": 3.2421977037853877
            },
            "missing_impute_with_value": 5.808243727598566
        },
        "Kidhome": {
            "stats": {
                "min": 0.0,
                "average": 0.4444444444444444,
                "median": 0.0,
                "max": 2.0,
                "p99": 2.0,
                "std": 0.538566881243171
            },
            "missing_impute_with_value": 0.4444444444444444
        },
        "NumDealsPurchases": {
            "stats": {
                "min": 0.0,
                "average": 2.318100358422939,
                "median": 2.0,
                "max": 15.0,
                "p99": 9.0,
                "std": 1.8945945360636849
            },
            "missing_impute_with_value": 2.318100358422939
        },
        "Income": {
            "stats": {
                "min": 1730.0,
                "average": 51633.642025089604,
                "median": 51566.0,
                "max": 113734.0,
                "p99": 92765.07000000002,
                "std": 20601.663122724403
            },
            "missing_impute_with_value": 51633.642025089604
        }
    },
    "feature_order": [
        "MntWines",
        "NumWebPurchases",
        "Teenhome",
        "MntFruits",
        "NumCatalogPurchases",
        "MntMeatProducts",
        "NumWebVisitsMonth",
        "MntFishProducts",
        "MntSweetProducts",
        "MntGoldProds",
        "Recency",
        "NumStorePurchases",
        "Kidhome",
        "NumDealsPurchases",
        "Income"
    ]
}