{
    "metrics": {
        "inertia": 20407.625053770495,
        "silhouette": 0.2592355352807627,
        "nbClusters": 4
    },
    "processed_feature_names": [
        "factor_0",
        "factor_1",
        "factor_2",
        "factor_3",
        "factor_4",
        "factor_5",
        "factor_6",
        "factor_7",
        "factor_8",
        "factor_9",
        "factor_10",
        "factor_11",
        "factor_12",
        "factor_13",
        "factor_14"
    ],
    "variables_importance": {
        "variables": [
            "MntWines",
            "Expenses",
            "NumWebPurchases",
            "Engaged in Days",
            "MntFruits",
            "NumCatalogPurchases",
            "Total Accepted Cmp",
            "Num Total Purchase",
            "Amount Per Purchase",
            "MntMeatProducts",
            "NumWebVisitsMonth",
            "MntFishProducts",
            "MntSweetProducts",
            "MntGoldProds",
            "Recency",
            "NumStorePurchases",
            "NumDealsPurchases"
        ],
        "importances": [
            0.13202528556166526,
            0.15623774405653726,
            0.02776651477431526,
            0.013153664586463575,
            0.03484206872626571,
            0.041403263719052535,
            0.07338838940130997,
            0.1311555922817372,
            0.11577652530634863,
            0.08412910975099684,
            0.03697764964958962,
            0.03717109947913051,
            0.02513052952009159,
            0.011234477045067675,
            0.007374722204399671,
            0.03675596494886027,
            0.035477398988168395
        ]
    },
    "reduce_vars": [
        "factor_0",
        "factor_1",
        "factor_2",
        "factor_3",
        "factor_4",
        "factor_5",
        "factor_6",
        "factor_7",
        "factor_8",
        "factor_9",
        "factor_10",
        "factor_11",
        "factor_12",
        "factor_13",
        "factor_14"
    ],
    "train_nb_records": 2227,
    "train_nb_features": 15,
    "train_nb_outliers": 0,
    "cluster_description": [
        {
            "variable": "MntWines",
            "var": 131228.62,
            "values": [
                {
                    "cluster": "cluster_0",
                    "value": 480.7526205450734
                },
                {
                    "cluster": "cluster_1",
                    "value": 40.55555555555556
                },
                {
                    "cluster": "cluster_2",
                    "value": 419.02259887005647
                },
                {
                    "cluster": "cluster_3",
                    "value": 924.539603960396
                }
            ]
        },
        {
            "variable": "Expenses",
            "var": 474689.31,
            "values": [
                {
                    "cluster": "cluster_0",
                    "value": 1187.6834381551362
                },
                {
                    "cluster": "cluster_1",
                    "value": 94.9016715830875
                },
                {
                    "cluster": "cluster_2",
                    "value": 648.8531073446328
                },
                {
                    "cluster": "cluster_3",
                    "value": 1693.8564356435643
                }
            ]
        },
        {
            "variable": "NumWebPurchases",
            "var": 3.71,
            "values": [
                {
                    "cluster": "cluster_0",
                    "value": 5.278825995807128
                },
                {
                    "cluster": "cluster_1",
                    "value": 2.0422812192723696
                },
                {
                    "cluster": "cluster_2",
                    "value": 6.423728813559322
                },
                {
                    "cluster": "cluster_3",
                    "value": 5.608910891089109
                }
            ]
        },
        {
            "variable": "Engaged in Days",
            "var": 2305.86,
            "values": [
                {
                    "cluster": "cluster_0",
                    "value": 355.8448637316562
                },
                {
                    "cluster": "cluster_1",
                    "value": 311.9518190757129
                },
                {
                    "cluster": "cluster_2",
                    "value": 427.3333333333333
                },
                {
                    "cluster": "cluster_3",
                    "value": 378.4207920792079
                }
            ]
        },
        {
            "variable": "MntFruits",
            "var": 949.02,
            "values": [
                {
                    "cluster": "cluster_0",
                    "value": 69.42557651991615
                },
                {
                    "cluster": "cluster_1",
                    "value": 4.988200589970502
                },
                {
                    "cluster": "cluster_2",
                    "value": 17.2015065913371
                },
                {
                    "cluster": "cluster_3",
                    "value": 56.46534653465346
                }
            ]
        },
        {
            "variable": "NumCatalogPurchases",
            "var": 6.79,
            "values": [
                {
                    "cluster": "cluster_0",
                    "value": 5.561844863731656
                },
                {
                    "cluster": "cluster_1",
                    "value": 0.5555555555555556
                },
                {
                    "cluster": "cluster_2",
                    "value": 2.670433145009416
                },
                {
                    "cluster": "cluster_3",
                    "value": 6.143564356435643
                }
            ]
        },
        {
            "variable": "Total Accepted Cmp",
            "var": 0.77,
            "values": [
                {
                    "cluster": "cluster_0",
                    "value": 0.13417190775681342
                },
                {
                    "cluster": "cluster_1",
                    "value": 0.08161258603736479
                },
                {
                    "cluster": "cluster_2",
                    "value": 0.2504708097928437
                },
                {
                    "cluster": "cluster_3",
                    "value": 1.9059405940594059
                }
            ]
        },
        {
            "variable": "Num Total Purchase",
            "var": 43.7,
            "values": [
                {
                    "cluster": "cluster_0",
                    "value": 21.08176100628931
                },
                {
                    "cluster": "cluster_1",
                    "value": 7.750245821042281
                },
                {
                    "cluster": "cluster_2",
                    "value": 20.555555555555557
                },
                {
                    "cluster": "cluster_3",
                    "value": 21.237623762376238
                }
            ]
        },
        {
            "variable": "Amount Per Purchase",
            "var": 1201.9,
            "values": [
                {
                    "cluster": "cluster_0",
                    "value": 58.75471698113208
                },
                {
                    "cluster": "cluster_1",
                    "value": 11.062930186823992
                },
                {
                    "cluster": "cluster_2",
                    "value": 31.09981167608286
                },
                {
                    "cluster": "cluster_3",
                    "value": 90.89603960396039
                }
            ]
        },
        {
            "variable": "MntMeatProducts",
            "var": 49368.05,
            "values": [
                {
                    "cluster": "cluster_0",
                    "value": 389.0
                },
                {
                    "cluster": "cluster_1",
                    "value": 21.999016715830876
                },
                {
                    "cluster": "cluster_2",
                    "value": 115.00376647834275
                },
                {
                    "cluster": "cluster_3",
                    "value": 492.1930693069307
                }
            ]
        },
        {
            "variable": "NumWebVisitsMonth",
            "var": 3.2,
            "values": [
                {
                    "cluster": "cluster_0",
                    "value": 3.0167714884696015
                },
                {
                    "cluster": "cluster_1",
                    "value": 6.327433628318584
                },
                {
                    "cluster": "cluster_2",
                    "value": 6.231638418079096
                },
                {
                    "cluster": "cluster_3",
                    "value": 3.3613861386138613
                }
            ]
        },
        {
            "variable": "MntFishProducts",
            "var": 1978.91,
            "values": [
                {
                    "cluster": "cluster_0",
                    "value": 98.91404612159329
                },
                {
                    "cluster": "cluster_1",
                    "value": 7.275319567354965
                },
                {
                    "cluster": "cluster_2",
                    "value": 23.757062146892654
                },
                {
                    "cluster": "cluster_3",
                    "value": 82.7128712871287
                }
            ]
        },
        {
            "variable": "MntSweetProducts",
            "var": 1023.27,
            "values": [
                {
                    "cluster": "cluster_0",
                    "value": 69.82599580712788
                },
                {
                    "cluster": "cluster_1",
                    "value": 5.168141592920354
                },
                {
                    "cluster": "cluster_2",
                    "value": 17.824858757062145
                },
                {
                    "cluster": "cluster_3",
                    "value": 61.95544554455446
                }
            ]
        },
        {
            "variable": "MntGoldProds",
            "var": 883.5,
            "values": [
                {
                    "cluster": "cluster_0",
                    "value": 79.76519916142557
                },
                {
                    "cluster": "cluster_1",
                    "value": 14.91543756145526
                },
                {
                    "cluster": "cluster_2",
                    "value": 56.04331450094162
                },
                {
                    "cluster": "cluster_3",
                    "value": 75.99009900990099
                }
            ]
        },
        {
            "variable": "Recency",
            "var": 1.34,
            "values": [
                {
                    "cluster": "cluster_0",
                    "value": 50.57023060796646
                },
                {
                    "cluster": "cluster_1",
                    "value": 49.13569321533923
                },
                {
                    "cluster": "cluster_2",
                    "value": 47.73822975517891
                },
                {
                    "cluster": "cluster_3",
                    "value": 49.20792079207921
                }
            ]
        },
        {
            "variable": "NumStorePurchases",
            "var": 6.17,
            "values": [
                {
                    "cluster": "cluster_0",
                    "value": 8.582809224318659
                },
                {
                    "cluster": "cluster_1",
                    "value": 3.240904621435595
                },
                {
                    "cluster": "cluster_2",
                    "value": 7.303201506591337
                },
                {
                    "cluster": "cluster_3",
                    "value": 8.356435643564357
                }
            ]
        },
        {
            "variable": "NumDealsPurchases",
            "var": 1.79,
            "values": [
                {
                    "cluster": "cluster_0",
                    "value": 1.6582809224318658
                },
                {
                    "cluster": "cluster_1",
                    "value": 1.9115044247787611
                },
                {
                    "cluster": "cluster_2",
                    "value": 4.15819209039548
                },
                {
                    "cluster": "cluster_3",
                    "value": 1.1287128712871286
                }
            ]
        },
        {
            "variable": "factor_0",
            "var": 8.83,
            "values": [
                {
                    "cluster": "cluster_0",
                    "value": 3.002058476381459
                },
                {
                    "cluster": "cluster_1",
                    "value": -2.4460225622834892
                },
                {
                    "cluster": "cluster_2",
                    "value": 0.3717381820884527
                },
                {
                    "cluster": "cluster_3",
                    "value": 4.248663752076166
                }
            ]
        },
        {
            "variable": "factor_1",
            "var": 1.26,
            "values": [
                {
                    "cluster": "cluster_0",
                    "value": 0.6057711442886269
                },
                {
                    "cluster": "cluster_1",
                    "value": 0.43396318102556475
                },
                {
                    "cluster": "cluster_2",
                    "value": -1.648607531141596
                },
                {
                    "cluster": "cluster_3",
                    "value": 0.7184020203342242
                }
            ]
        },
        {
            "variable": "factor_2",
            "var": 1.42,
            "values": [
                {
                    "cluster": "cluster_0",
                    "value": -0.924365314605847
                },
                {
                    "cluster": "cluster_1",
                    "value": 0.017165164667683135
                },
                {
                    "cluster": "cluster_2",
                    "value": 0.06619309943203429
                },
                {
                    "cluster": "cluster_3",
                    "value": 1.9223601326809177
                }
            ]
        },
        {
            "variable": "factor_3",
            "var": 0.05,
            "values": [
                {
                    "cluster": "cluster_0",
                    "value": 0.04540956357099045
                },
                {
                    "cluster": "cluster_1",
                    "value": 0.11327134982246662
                },
                {
                    "cluster": "cluster_2",
                    "value": -0.3267174437418197
                },
                {
                    "cluster": "cluster_3",
                    "value": 0.181334841752946
                }
            ]
        },
        {
            "variable": "factor_4",
            "var": 0.01,
            "values": [
                {
                    "cluster": "cluster_0",
                    "value": 0.012701001390657123
                },
                {
                    "cluster": "cluster_1",
                    "value": 0.05036409036492068
                },
                {
                    "cluster": "cluster_2",
                    "value": -0.15237380098460054
                },
                {
                    "cluster": "cluster_3",
                    "value": 0.1169892611799761
                }
            ]
        },
        {
            "variable": "factor_5",
            "var": 0.06,
            "values": [
                {
                    "cluster": "cluster_0",
                    "value": 0.14712183666266107
                },
                {
                    "cluster": "cluster_1",
                    "value": -0.05487265308769357
                },
                {
                    "cluster": "cluster_2",
                    "value": 0.12314675966154356
                },
                {
                    "cluster": "cluster_3",
                    "value": -0.3948641449415078
                }
            ]
        },
        {
            "variable": "factor_6",
            "var": 0.05,
            "values": [
                {
                    "cluster": "cluster_0",
                    "value": 0.03850840783802353
                },
                {
                    "cluster": "cluster_1",
                    "value": -0.044756296717166716
                },
                {
                    "cluster": "cluster_2",
                    "value": 0.18394216409228087
                },
                {
                    "cluster": "cluster_3",
                    "value": -0.3491319104474255
                }
            ]
        },
        {
            "variable": "factor_7",
            "var": 0.02,
            "values": [
                {
                    "cluster": "cluster_0",
                    "value": -0.09480519055929926
                },
                {
                    "cluster": "cluster_1",
                    "value": 0.021814348162889324
                },
                {
                    "cluster": "cluster_2",
                    "value": -0.05242737339127038
                },
                {
                    "cluster": "cluster_3",
                    "value": 0.25186049052421733
                }
            ]
        },
        {
            "variable": "factor_8",
            "var": 0.01,
            "values": [
                {
                    "cluster": "cluster_0",
                    "value": -0.0037181757907832702
                },
                {
                    "cluster": "cluster_1",
                    "value": -0.027558141788308524
                },
                {
                    "cluster": "cluster_2",
                    "value": 0.11321671813743066
                },
                {
                    "cluster": "cluster_3",
                    "value": -0.1500885013864465
                }
            ]
        },
        {
            "variable": "factor_9",
            "var": 0.0,
            "values": [
                {
                    "cluster": "cluster_0",
                    "value": 0.022690583945506604
                },
                {
                    "cluster": "cluster_1",
                    "value": 0.0017162043156152607
                },
                {
                    "cluster": "cluster_2",
                    "value": -0.007120372843486575
                },
                {
                    "cluster": "cluster_3",
                    "value": -0.043504308668792284
                }
            ]
        },
        {
            "variable": "factor_10",
            "var": 0.01,
            "values": [
                {
                    "cluster": "cluster_0",
                    "value": -0.10057344929065472
                },
                {
                    "cluster": "cluster_1",
                    "value": -0.009070317175672424
                },
                {
                    "cluster": "cluster_2",
                    "value": 0.07078948389149829
                },
                {
                    "cluster": "cluster_3",
                    "value": 0.09707342541047244
                }
            ]
        },
        {
            "variable": "factor_11",
            "var": 0.0,
            "values": [
                {
                    "cluster": "cluster_0",
                    "value": 0.06735357996029283
                },
                {
                    "cluster": "cluster_1",
                    "value": 0.012245539482857089
                },
                {
                    "cluster": "cluster_2",
                    "value": -0.05795462927367433
                },
                {
                    "cluster": "cluster_3",
                    "value": -0.06835377797427904
                }
            ]
        },
        {
            "variable": "factor_12",
            "var": 0.01,
            "values": [
                {
                    "cluster": "cluster_0",
                    "value": -0.06496029986440983
                },
                {
                    "cluster": "cluster_1",
                    "value": -0.03353626898618345
                },
                {
                    "cluster": "cluster_2",
                    "value": 0.11261218685263498
                },
                {
                    "cluster": "cluster_3",
                    "value": 0.026214739482786867
                }
            ]
        },
        {
            "variable": "factor_13",
            "var": 0.0,
            "values": [
                {
                    "cluster": "cluster_0",
                    "value": 0.021423517813628598
                },
                {
                    "cluster": "cluster_1",
                    "value": -0.012198698665038029
                },
                {
                    "cluster": "cluster_2",
                    "value": 0.038482471977444144
                },
                {
                    "cluster": "cluster_3",
                    "value": -0.09033234690485126
                }
            ]
        },
        {
            "variable": "factor_14",
            "var": 0.01,
            "values": [
                {
                    "cluster": "cluster_0",
                    "value": 0.07651998100682537
                },
                {
                    "cluster": "cluster_1",
                    "value": 0.0007978186804969236
                },
                {
                    "cluster": "cluster_2",
                    "value": -0.010992321357422927
                },
                {
                    "cluster": "cluster_3",
                    "value": -0.1558143064234134
                }
            ]
        },
        {
            "variable": "cluster_size",
            "var": 114900.25,
            "values": [
                {
                    "cluster": "cluster_1",
                    "value": 1017
                },
                {
                    "cluster": "cluster_2",
                    "value": 531
                },
                {
                    "cluster": "cluster_0",
                    "value": 477
                },
                {
                    "cluster": "cluster_3",
                    "value": 202
                }
            ]
        }
    ],
    "summary": {
        "clusters": []
    }
}