{"global": {"size": 2232, "facts": [{"type": "numerical", "feature_label": "NumDealsPurchases", "cluster_label": "cluster_5", "mean": 7.244755244755245, "std": 2.490027386061242, "diff": 2.600374271409121, "global_mean": 2.318100358422939, "global_std": 1.8945945360636849}, {"type": "numerical", "feature_label": "MntFruits", "cluster_label": "cluster_2", "mean": 111.62658227848101, "std": 48.46056695941782, "diff": 2.140706346925281, "global_mean": 26.38037634408602, "global_std": 39.82153183075997}, {"type": "numerical", "feature_label": "MntFishProducts", "cluster_label": "cluster_2", "mean": 146.08860759493672, "std": 63.03536362105537, "diff": 1.9829014059421957, "global_mean": 37.64471326164875, "global_std": 54.68950398053693}, {"type": "numerical", "feature_label": "MntSweetProducts", "cluster_label": "cluster_2", "mean": 100.4620253164557, "std": 54.84728492266405, "diff": 1.7738856816374957, "global_mean": 27.155465949820787, "global_std": 41.32541354015819}, {"type": "numerical", "feature_label": "MntMeatProducts", "cluster_label": "cluster_2", "mean": 536.0759493670886, "std": 226.05262744170167, "diff": 1.6898544236335258, "global_mean": 165.31944444444446, "global_std": 219.40144650178996}, {"type": "numerical", "feature_label": "MntMeatProducts", "cluster_label": "cluster_1", "mean": 477.75850340136054, "std": 228.7421298278087, "diff": 1.4240519556208444, "global_mean": 165.31944444444446, "global_std": 219.40144650178996}, {"type": "numerical", "feature_label": "NumWebVisitsMonth", "cluster_label": "cluster_2", "mean": 2.1139240506329116, "std": 1.3015164283647107, "diff": -1.332194850367921, "global_mean": 5.331541218637993, "global_std": 2.415275188247763}, {"type": "numerical", "feature_label": "NumCatalogPurchases", "cluster_label": "cluster_2", "mean": 6.360759493670886, "std": 2.1833718866220346, "diff": 1.332121902660709, "global_mean": 2.6362007168458783, "global_std": 2.7959594158656005}, {"type": "numerical", "feature_label": "MntSweetProducts", "cluster_label": "cluster_4", "mean": 81.45893719806763, "std": 50.239687680980296, "diff": 1.314045440718389, "global_mean": 27.155465949820787, "global_std": 41.32541354015819}, {"type": "numerical", "feature_label": "Income", "cluster_label": "cluster_2", "mean": 78313.23417721518, "std": 8736.180615541296, "diff": 1.2950212802332932, "global_mean": 51633.642025089604, "global_std": 20601.663122724403}]}, "clusters": [{"cluster": "cluster_0", "size": 307, "facts": [{"type": "numerical", "feature_label": "Kidhome", "cluster_label": "cluster_0", "mean": 1.0781758957654723, "std": 0.26888646255229215, "diff": 1.176699632658787, "global_mean": 0.4444444444444444, "global_std": 0.538566881243171}, {"type": "numerical", "feature_label": "Teenhome", "cluster_label": "cluster_0", "mean": 1.0390879478827362, "std": 0.19412064695241985, "diff": 0.9765721132332769, "global_mean": 0.507168458781362, "global_std": 0.5446801950347244}, {"type": "numerical", "feature_label": "NumStorePurchases", "cluster_label": "cluster_0", "mean": 3.1433224755700326, "std": 0.8776338716475853, "diff": -0.8219490282523912, "global_mean": 5.808243727598566, "global_std": 3.2421977037853877}]}, {"cluster": "cluster_1", "size": 294, "facts": [{"type": "numerical", "feature_label": "MntMeatProducts", "cluster_label": "cluster_1", "mean": 477.75850340136054, "std": 228.7421298278087, "diff": 1.4240519556208444, "global_mean": 165.31944444444446, "global_std": 219.40144650178996}, {"type": "numerical", "feature_label": "Income", "cluster_label": "cluster_1", "mean": 76953.58163265306, "std": 9378.046554186763, "diff": 1.2290240577536005, "global_mean": 51633.642025089604, "global_std": 20601.663122724403}, {"type": "numerical", "feature_label": "NumCatalogPurchases", "cluster_label": "cluster_1", "mean": 6.0476190476190474, "std": 2.365374032096797, "diff": 1.2201244093226686, "global_mean": 2.6362007168458783, "global_std": 2.7959594158656005}]}, {"cluster": "cluster_2", "size": 158, "facts": [{"type": "numerical", "feature_label": "MntFruits", "cluster_label": "cluster_2", "mean": 111.62658227848101, "std": 48.46056695941782, "diff": 2.140706346925281, "global_mean": 26.38037634408602, "global_std": 39.82153183075997}, {"type": "numerical", "feature_label": "MntFishProducts", "cluster_label": "cluster_2", "mean": 146.08860759493672, "std": 63.03536362105537, "diff": 1.9829014059421957, "global_mean": 37.64471326164875, "global_std": 54.68950398053693}, {"type": "numerical", "feature_label": "MntSweetProducts", "cluster_label": "cluster_2", "mean": 100.4620253164557, "std": 54.84728492266405, "diff": 1.7738856816374957, "global_mean": 27.155465949820787, "global_std": 41.32541354015819}]}, {"cluster": "cluster_3", "size": 301, "facts": [{"type": "numerical", "feature_label": "Kidhome", "cluster_label": "cluster_3", "mean": 0.0, "std": 0.0, "diff": -0.8252353791576187, "global_mean": 0.4444444444444444, "global_std": 0.538566881243171}, {"type": "numerical", "feature_label": "MntWines", "cluster_label": "cluster_3", "mean": 73.62458471760797, "std": 71.62459023903939, "diff": -0.6868048072369806, "global_mean": 304.9301075268817, "global_std": 336.7849502099688}, {"type": "numerical", "feature_label": "Income", "cluster_label": "cluster_3", "mean": 38688.617940199336, "std": 14292.142039020733, "diff": -0.6283484982632991, "global_mean": 51633.642025089604, "global_std": 20601.663122724403}]}, {"cluster": "cluster_4", "size": 207, "facts": [{"type": "numerical", "feature_label": "MntSweetProducts", "cluster_label": "cluster_4", "mean": 81.45893719806763, "std": 50.239687680980296, "diff": 1.314045440718389, "global_mean": 27.155465949820787, "global_std": 41.32541354015819}, {"type": "numerical", "feature_label": "MntFruits", "cluster_label": "cluster_4", "mean": 75.84541062801932, "std": 45.94641524096971, "diff": 1.2421680435136915, "global_mean": 26.38037634408602, "global_std": 39.82153183075997}, {"type": "numerical", "feature_label": "NumWebPurchases", "cluster_label": "cluster_4", "mean": 7.497584541062802, "std": 2.8572415173890855, "diff": 1.2253151100067114, "global_mean": 4.097670250896058, "global_std": 2.774726486599943}]}, {"cluster": "cluster_5", "size": 143, "facts": [{"type": "numerical", "feature_label": "NumDealsPurchases", "cluster_label": "cluster_5", "mean": 7.244755244755245, "std": 2.490027386061242, "diff": 2.600374271409121, "global_mean": 2.318100358422939, "global_std": 1.8945945360636849}, {"type": "numerical", "feature_label": "Kidhome", "cluster_label": "cluster_5", "mean": 0.986013986013986, "std": 0.3750307778170431, "diff": 1.0055752784490566, "global_mean": 0.4444444444444444, "global_std": 0.538566881243171}, {"type": "numerical", "feature_label": "NumWebVisitsMonth", "cluster_label": "cluster_5", "mean": 7.34965034965035, "std": 2.255693083141939, "diff": 0.8355607430706303, "global_mean": 5.331541218637993, "global_std": 2.415275188247763}]}, {"cluster": "cluster_6", "size": 455, "facts": [{"type": "numerical", "feature_label": "Kidhome", "cluster_label": "cluster_6", "mean": 1.024175824175824, "std": 0.19198743726146336, "diff": 1.0764334011649377, "global_mean": 0.4444444444444444, "global_std": 0.538566881243171}, {"type": "numerical", "feature_label": "Income", "cluster_label": "cluster_6", "mean": 30093.204395604396, "std": 10428.303496914989, "diff": -1.0455678991141886, "global_mean": 51633.642025089604, "global_std": 20601.663122724403}, {"type": "numerical", "feature_label": "Teenhome", "cluster_label": "cluster_6", "mean": 0.004395604395604396, "std": 0.06622629725114067, "diff": -0.9230606491093454, "global_mean": 0.507168458781362, "global_std": 0.5446801950347244}]}, {"cluster": "cluster_7", "size": 367, "facts": [{"type": "numerical", "feature_label": "Teenhome", "cluster_label": "cluster_7", "mean": 0.989100817438692, "std": 0.36944946218477337, "diff": 0.8847987553992228, "global_mean": 0.507168458781362, "global_std": 0.5446801950347244}, {"type": "numerical", "feature_label": "NumWebPurchases", "cluster_label": "cluster_7", "mean": 6.4577656675749315, "std": 2.624545429205904, "diff": 0.8505686697685494, "global_mean": 4.097670250896058, "global_std": 2.774726486599943}, {"type": "numerical", "feature_label": "Kidhome", "cluster_label": "cluster_7", "mean": 0.04632152588555858, "std": 0.21046743488576133, "diff": -0.7392265147086298, "global_mean": 0.4444444444444444, "global_std": 0.538566881243171}]}]}