{
    "metrics": {
        "inertia": 14829.243399267241,
        "silhouette": 0.1550343777245842,
        "nbClusters": 8
    },
    "processed_feature_names": [
        "MntWines",
        "NumWebPurchases",
        "Teenhome",
        "MntFruits",
        "NumCatalogPurchases",
        "MntMeatProducts",
        "NumWebVisitsMonth",
        "MntFishProducts",
        "MntSweetProducts",
        "MntGoldProds",
        "Recency",
        "NumStorePurchases",
        "Kidhome",
        "NumDealsPurchases",
        "Income"
    ],
    "variables_importance": {
        "variables": [
            "MntWines",
            "NumWebPurchases",
            "Teenhome",
            "MntFruits",
            "NumCatalogPurchases",
            "MntMeatProducts",
            "NumWebVisitsMonth",
            "MntFishProducts",
            "MntSweetProducts",
            "MntGoldProds",
            "Recency",
            "NumStorePurchases",
            "Kidhome",
            "NumDealsPurchases",
            "Income"
        ],
        "importances": [
            0.09359743617861085,
            0.03656715184365081,
            0.15489260254184428,
            0.07278100512213444,
            0.0392194450734279,
            0.07865772241791152,
            0.03142246494378951,
            0.053563094064756206,
            0.05575047320003736,
            0.028318529115513993,
            0.016897809278977514,
            0.04863338892763804,
            0.15270084298628325,
            0.06526701234665133,
            0.07173102195877286
        ]
    },
    "reduce_vars": [],
    "train_nb_records": 2232,
    "train_nb_features": 15,
    "train_nb_outliers": 0,
    "cluster_description": [
        {
            "variable": "MntWines",
            "var": 69286.94,
            "values": [
                {
                    "cluster": "cluster_0",
                    "value": 41.68729641693811
                },
                {
                    "cluster": "cluster_1",
                    "value": 682.4489795918367
                },
                {
                    "cluster": "cluster_2",
                    "value": 557.8227848101266
                },
                {
                    "cluster": "cluster_3",
                    "value": 73.62458471760797
                },
                {
                    "cluster": "cluster_4",
                    "value": 484.07729468599035
                },
                {
                    "cluster": "cluster_5",
                    "value": 303.2167832167832
                },
                {
                    "cluster": "cluster_6",
                    "value": 29.54725274725275
                },
                {
                    "cluster": "cluster_7",
                    "value": 544.5803814713896
                }
            ]
        },
        {
            "variable": "NumWebPurchases",
            "var": 4.43,
            "values": [
                {
                    "cluster": "cluster_0",
                    "value": 1.9087947882736156
                },
                {
                    "cluster": "cluster_1",
                    "value": 4.619047619047619
                },
                {
                    "cluster": "cluster_2",
                    "value": 4.512658227848101
                },
                {
                    "cluster": "cluster_3",
                    "value": 2.4451827242524917
                },
                {
                    "cluster": "cluster_4",
                    "value": 7.497584541062802
                },
                {
                    "cluster": "cluster_5",
                    "value": 5.874125874125874
                },
                {
                    "cluster": "cluster_6",
                    "value": 2.178021978021978
                },
                {
                    "cluster": "cluster_7",
                    "value": 6.4577656675749315
                }
            ]
        },
        {
            "variable": "Teenhome",
            "var": 0.19,
            "values": [
                {
                    "cluster": "cluster_0",
                    "value": 1.0390879478827362
                },
                {
                    "cluster": "cluster_1",
                    "value": 0.04081632653061224
                },
                {
                    "cluster": "cluster_2",
                    "value": 0.03164556962025317
                },
                {
                    "cluster": "cluster_3",
                    "value": 0.5514950166112956
                },
                {
                    "cluster": "cluster_4",
                    "value": 0.6956521739130435
                },
                {
                    "cluster": "cluster_5",
                    "value": 0.8461538461538461
                },
                {
                    "cluster": "cluster_6",
                    "value": 0.004395604395604396
                },
                {
                    "cluster": "cluster_7",
                    "value": 0.989100817438692
                }
            ]
        },
        {
            "variable": "MntFruits",
            "var": 1565.87,
            "values": [
                {
                    "cluster": "cluster_0",
                    "value": 2.583061889250814
                },
                {
                    "cluster": "cluster_1",
                    "value": 39.38095238095238
                },
                {
                    "cluster": "cluster_2",
                    "value": 111.62658227848101
                },
                {
                    "cluster": "cluster_3",
                    "value": 8.395348837209303
                },
                {
                    "cluster": "cluster_4",
                    "value": 75.84541062801932
                },
                {
                    "cluster": "cluster_5",
                    "value": 13.902097902097902
                },
                {
                    "cluster": "cluster_6",
                    "value": 5.492307692307692
                },
                {
                    "cluster": "cluster_7",
                    "value": 16.78201634877384
                }
            ]
        },
        {
            "variable": "NumCatalogPurchases",
            "var": 5.77,
            "values": [
                {
                    "cluster": "cluster_0",
                    "value": 0.495114006514658
                },
                {
                    "cluster": "cluster_1",
                    "value": 6.0476190476190474
                },
                {
                    "cluster": "cluster_2",
                    "value": 6.360759493670886
                },
                {
                    "cluster": "cluster_3",
                    "value": 0.9036544850498339
                },
                {
                    "cluster": "cluster_4",
                    "value": 4.396135265700483
                },
                {
                    "cluster": "cluster_5",
                    "value": 2.3076923076923075
                },
                {
                    "cluster": "cluster_6",
                    "value": 0.43956043956043955
                },
                {
                    "cluster": "cluster_7",
                    "value": 3.370572207084469
                }
            ]
        },
        {
            "variable": "MntMeatProducts",
            "var": 42306.72,
            "values": [
                {
                    "cluster": "cluster_0",
                    "value": 18.13029315960912
                },
                {
                    "cluster": "cluster_1",
                    "value": 477.75850340136054
                },
                {
                    "cluster": "cluster_2",
                    "value": 536.0759493670886
                },
                {
                    "cluster": "cluster_3",
                    "value": 32.55481727574751
                },
                {
                    "cluster": "cluster_4",
                    "value": 254.18840579710144
                },
                {
                    "cluster": "cluster_5",
                    "value": 122.94405594405595
                },
                {
                    "cluster": "cluster_6",
                    "value": 23.714285714285715
                },
                {
                    "cluster": "cluster_7",
                    "value": 129.37057220708448
                }
            ]
        },
        {
            "variable": "NumWebVisitsMonth",
            "var": 3.72,
            "values": [
                {
                    "cluster": "cluster_0",
                    "value": 6.175895765472313
                },
                {
                    "cluster": "cluster_1",
                    "value": 2.5
                },
                {
                    "cluster": "cluster_2",
                    "value": 2.1139240506329116
                },
                {
                    "cluster": "cluster_3",
                    "value": 5.5215946843853825
                },
                {
                    "cluster": "cluster_4",
                    "value": 4.782608695652174
                },
                {
                    "cluster": "cluster_5",
                    "value": 7.34965034965035
                },
                {
                    "cluster": "cluster_6",
                    "value": 7.002197802197802
                },
                {
                    "cluster": "cluster_7",
                    "value": 5.574931880108992
                }
            ]
        },
        {
            "variable": "MntFishProducts",
            "var": 2652.37,
            "values": [
                {
                    "cluster": "cluster_0",
                    "value": 3.7100977198697067
                },
                {
                    "cluster": "cluster_1",
                    "value": 73.96938775510205
                },
                {
                    "cluster": "cluster_2",
                    "value": 146.08860759493672
                },
                {
                    "cluster": "cluster_3",
                    "value": 12.73421926910299
                },
                {
                    "cluster": "cluster_4",
                    "value": 93.93719806763285
                },
                {
                    "cluster": "cluster_5",
                    "value": 22.307692307692307
                },
                {
                    "cluster": "cluster_6",
                    "value": 7.907692307692308
                },
                {
                    "cluster": "cluster_7",
                    "value": 21.768392370572208
                }
            ]
        },
        {
            "variable": "MntSweetProducts",
            "var": 1414.03,
            "values": [
                {
                    "cluster": "cluster_0",
                    "value": 2.749185667752443
                },
                {
                    "cluster": "cluster_1",
                    "value": 46.90816326530612
                },
                {
                    "cluster": "cluster_2",
                    "value": 100.4620253164557
                },
                {
                    "cluster": "cluster_3",
                    "value": 8.561461794019934
                },
                {
                    "cluster": "cluster_4",
                    "value": 81.45893719806763
                },
                {
                    "cluster": "cluster_5",
                    "value": 16.804195804195803
                },
                {
                    "cluster": "cluster_6",
                    "value": 5.512087912087912
                },
                {
                    "cluster": "cluster_7",
                    "value": 15.67574931880109
                }
            ]
        },
        {
            "variable": "MntGoldProds",
            "var": 1097.83,
            "values": [
                {
                    "cluster": "cluster_0",
                    "value": 11.970684039087947
                },
                {
                    "cluster": "cluster_1",
                    "value": 60.295918367346935
                },
                {
                    "cluster": "cluster_2",
                    "value": 101.4873417721519
                },
                {
                    "cluster": "cluster_3",
                    "value": 20.95016611295681
                },
                {
                    "cluster": "cluster_4",
                    "value": 86.52657004830918
                },
                {
                    "cluster": "cluster_5",
                    "value": 55.00699300699301
                },
                {
                    "cluster": "cluster_6",
                    "value": 15.435164835164835
                },
                {
                    "cluster": "cluster_7",
                    "value": 60.043596730245234
                }
            ]
        },
        {
            "variable": "Recency",
            "var": 2.17,
            "values": [
                {
                    "cluster": "cluster_0",
                    "value": 50.013029315960914
                },
                {
                    "cluster": "cluster_1",
                    "value": 52.142857142857146
                },
                {
                    "cluster": "cluster_2",
                    "value": 47.58227848101266
                },
                {
                    "cluster": "cluster_3",
                    "value": 48.38205980066445
                },
                {
                    "cluster": "cluster_4",
                    "value": 48.16425120772947
                },
                {
                    "cluster": "cluster_5",
                    "value": 48.22377622377623
                },
                {
                    "cluster": "cluster_6",
                    "value": 48.98241758241758
                },
                {
                    "cluster": "cluster_7",
                    "value": 48.223433242506815
                }
            ]
        },
        {
            "variable": "NumStorePurchases",
            "var": 6.32,
            "values": [
                {
                    "cluster": "cluster_0",
                    "value": 3.1433224755700326
                },
                {
                    "cluster": "cluster_1",
                    "value": 8.52721088435374
                },
                {
                    "cluster": "cluster_2",
                    "value": 7.905063291139241
                },
                {
                    "cluster": "cluster_3",
                    "value": 3.953488372093023
                },
                {
                    "cluster": "cluster_4",
                    "value": 9.096618357487923
                },
                {
                    "cluster": "cluster_5",
                    "value": 6.048951048951049
                },
                {
                    "cluster": "cluster_6",
                    "value": 3.0373626373626372
                },
                {
                    "cluster": "cluster_7",
                    "value": 7.96457765667575
                }
            ]
        },
        {
            "variable": "Kidhome",
            "var": 0.26,
            "values": [
                {
                    "cluster": "cluster_0",
                    "value": 1.0781758957654723
                },
                {
                    "cluster": "cluster_1",
                    "value": 0.023809523809523808
                },
                {
                    "cluster": "cluster_2",
                    "value": 0.0189873417721519
                },
                {
                    "cluster": "cluster_3",
                    "value": 0.0
                },
                {
                    "cluster": "cluster_4",
                    "value": 0.13043478260869565
                },
                {
                    "cluster": "cluster_5",
                    "value": 0.986013986013986
                },
                {
                    "cluster": "cluster_6",
                    "value": 1.024175824175824
                },
                {
                    "cluster": "cluster_7",
                    "value": 0.04632152588555858
                }
            ]
        },
        {
            "variable": "NumDealsPurchases",
            "var": 4.09,
            "values": [
                {
                    "cluster": "cluster_0",
                    "value": 2.488599348534202
                },
                {
                    "cluster": "cluster_1",
                    "value": 1.0170068027210883
                },
                {
                    "cluster": "cluster_2",
                    "value": 0.9936708860759493
                },
                {
                    "cluster": "cluster_3",
                    "value": 1.478405315614618
                },
                {
                    "cluster": "cluster_4",
                    "value": 2.463768115942029
                },
                {
                    "cluster": "cluster_5",
                    "value": 7.244755244755245
                },
                {
                    "cluster": "cluster_6",
                    "value": 1.8703296703296703
                },
                {
                    "cluster": "cluster_7",
                    "value": 3.0299727520435966
                }
            ]
        },
        {
            "variable": "Income",
            "var": 333217827.6,
            "values": [
                {
                    "cluster": "cluster_0",
                    "value": 39674.71009771987
                },
                {
                    "cluster": "cluster_1",
                    "value": 76953.58163265306
                },
                {
                    "cluster": "cluster_2",
                    "value": 78313.23417721518
                },
                {
                    "cluster": "cluster_3",
                    "value": 38688.617940199336
                },
                {
                    "cluster": "cluster_4",
                    "value": 66642.922705314
                },
                {
                    "cluster": "cluster_5",
                    "value": 49551.28671328671
                },
                {
                    "cluster": "cluster_6",
                    "value": 30093.204395604396
                },
                {
                    "cluster": "cluster_7",
                    "value": 59535.98910081744
                }
            ]
        },
        {
            "variable": "cluster_size",
            "var": 11219.14,
            "values": [
                {
                    "cluster": "cluster_6",
                    "value": 455
                },
                {
                    "cluster": "cluster_7",
                    "value": 367
                },
                {
                    "cluster": "cluster_0",
                    "value": 307
                },
                {
                    "cluster": "cluster_3",
                    "value": 301
                },
                {
                    "cluster": "cluster_1",
                    "value": 294
                },
                {
                    "cluster": "cluster_4",
                    "value": 207
                },
                {
                    "cluster": "cluster_2",
                    "value": 158
                },
                {
                    "cluster": "cluster_5",
                    "value": 143
                }
            ]
        }
    ],
    "summary": {
        "clusters": []
    }
}