{"global": {"size": 2232, "facts": [{"type": "numerical", "feature_label": "NumDealsPurchases", "cluster_label": "cluster_3", "mean": 6.987341772151899, "std": 2.399541733775291, "diff": 2.4645069564224733, "global_mean": 2.318100358422939, "global_std": 1.8945945360636849}, {"type": "numerical", "feature_label": "MntFruits", "cluster_label": "cluster_6", "mean": 114.55140186915888, "std": 47.04502560999682, "diff": 2.2141545408096412, "global_mean": 26.38037634408602, "global_std": 39.82153183075997}, {"type": "numerical", "feature_label": "MntSweetProducts", "cluster_label": "cluster_6", "mean": 105.2803738317757, "std": 52.23417735895374, "diff": 1.8904809701671015, "global_mean": 27.155465949820787, "global_std": 41.32541354015819}, {"type": "numerical", "feature_label": "MntFishProducts", "cluster_label": "cluster_6", "mean": 136.5467289719626, "std": 64.08661365903963, "diff": 1.8084277331443968, "global_mean": 37.64471326164875, "global_std": 54.68950398053693}, {"type": "numerical", "feature_label": "MntMeatProducts", "cluster_label": "cluster_1", "mean": 487.15806451612906, "std": 241.89914220492395, "diff": 1.466893793104773, "global_mean": 165.31944444444446, "global_std": 219.40144650178996}, {"type": "numerical", "feature_label": "MntMeatProducts", "cluster_label": "cluster_6", "mean": 447.4485981308411, "std": 228.20029640584534, "diff": 1.2859037995635774, "global_mean": 165.31944444444446, "global_std": 219.40144650178996}, {"type": "numerical", "feature_label": "NumWebPurchases", "cluster_label": "cluster_5", "mean": 7.531055900621118, "std": 3.023371805575195, "diff": 1.2373780501631413, "global_mean": 4.097670250896058, "global_std": 2.774726486599943}, {"type": "numerical", "feature_label": "NumCatalogPurchases", "cluster_label": "cluster_1", "mean": 6.061290322580645, "std": 2.653589791726284, "diff": 1.2250140636159392, "global_mean": 2.6362007168458783, "global_std": 2.7959594158656005}, {"type": "numerical", "feature_label": "Income", "cluster_label": "cluster_1", "mean": 76396.35161290322, "std": 10143.273706151773, "diff": 1.2019762404764023, "global_mean": 51633.642025089604, "global_std": 20601.663122724403}, {"type": "numerical", "feature_label": "NumWebVisitsMonth", "cluster_label": "cluster_1", "mean": 2.464516129032258, "std": 1.5191439394608075, "diff": -1.1870386875814791, "global_mean": 5.331541218637993, "global_std": 2.415275188247763}]}, "clusters": [{"cluster": "cluster_0", "size": 343, "facts": [{"type": "numerical", "feature_label": "Teenhome", "cluster_label": "cluster_0", "mean": 1.0408163265306123, "std": 0.19815354838738825, "diff": 0.979745312229003, "global_mean": 0.507168458781362, "global_std": 0.5446801950347244}, {"type": "numerical", "feature_label": "Kidhome", "cluster_label": "cluster_0", "mean": 0.9387755102040817, "std": 0.4383457930131166, "diff": 0.9178638400834741, "global_mean": 0.4444444444444444, "global_std": 0.538566881243171}, {"type": "numerical", "feature_label": "NumWebPurchases", "cluster_label": "cluster_0", "mean": 1.7463556851311954, "std": 0.9777240318591405, "diff": -0.8474040872569333, "global_mean": 4.097670250896058, "global_std": 2.774726486599943}]}, {"cluster": "cluster_1", "size": 310, "facts": [{"type": "numerical", "feature_label": "MntMeatProducts", "cluster_label": "cluster_1", "mean": 487.15806451612906, "std": 241.89914220492395, "diff": 1.466893793104773, "global_mean": 165.31944444444446, "global_std": 219.40144650178996}, {"type": "numerical", "feature_label": "NumCatalogPurchases", "cluster_label": "cluster_1", "mean": 6.061290322580645, "std": 2.653589791726284, "diff": 1.2250140636159392, "global_mean": 2.6362007168458783, "global_std": 2.7959594158656005}, {"type": "numerical", "feature_label": "Income", "cluster_label": "cluster_1", "mean": 76396.35161290322, "std": 10143.273706151773, "diff": 1.2019762404764023, "global_mean": 51633.642025089604, "global_std": 20601.663122724403}]}, {"cluster": "cluster_2", "size": 328, "facts": [{"type": "numerical", "feature_label": "Kidhome", "cluster_label": "cluster_2", "mean": 0.027439024390243903, "std": 0.1636084755557094, "diff": -0.774287158340723, "global_mean": 0.4444444444444444, "global_std": 0.538566881243171}, {"type": "numerical", "feature_label": "Teenhome", "cluster_label": "cluster_2", "mean": 0.9176829268292683, "std": 0.4166909070296527, "diff": 0.7536798139351023, "global_mean": 0.507168458781362, "global_std": 0.5446801950347244}, {"type": "numerical", "feature_label": "MntMeatProducts", "cluster_label": "cluster_2", "mean": 71.27439024390245, "std": 52.9701117294472, "diff": -0.4286437291094831, "global_mean": 165.31944444444446, "global_std": 219.40144650178996}]}, {"cluster": "cluster_3", "size": 158, "facts": [{"type": "numerical", "feature_label": "NumDealsPurchases", "cluster_label": "cluster_3", "mean": 6.987341772151899, "std": 2.399541733775291, "diff": 2.4645069564224733, "global_mean": 2.318100358422939, "global_std": 1.8945945360636849}, {"type": "numerical", "feature_label": "Kidhome", "cluster_label": "cluster_3", "mean": 0.9493670886075949, "std": 0.4192420876795592, "diff": 0.937530066827801, "global_mean": 0.4444444444444444, "global_std": 0.538566881243171}, {"type": "numerical", "feature_label": "NumWebVisitsMonth", "cluster_label": "cluster_3", "mean": 7.39873417721519, "std": 2.1353556168509344, "diff": 0.8558829936380489, "global_mean": 5.331541218637993, "global_std": 2.415275188247763}]}, {"cluster": "cluster_4", "size": 557, "facts": [{"type": "numerical", "feature_label": "Income", "cluster_label": "cluster_4", "mean": 29106.912028725314, "std": 10352.227026476707, "diff": -1.093442304253411, "global_mean": 51633.642025089604, "global_std": 20601.663122724403}, {"type": "numerical", "feature_label": "Teenhome", "cluster_label": "cluster_4", "mean": 0.005385996409335727, "std": 0.07325723391947288, "diff": -0.9212423490816234, "global_mean": 0.507168458781362, "global_std": 0.5446801950347244}, {"type": "numerical", "feature_label": "NumStorePurchases", "cluster_label": "cluster_4", "mean": 3.044883303411131, "std": 0.9926690978348552, "diff": -0.8523108942311285, "global_mean": 5.808243727598566, "global_std": 3.2421977037853877}]}, {"cluster": "cluster_5", "size": 322, "facts": [{"type": "numerical", "feature_label": "NumWebPurchases", "cluster_label": "cluster_5", "mean": 7.531055900621118, "std": 3.023371805575195, "diff": 1.2373780501631413, "global_mean": 4.097670250896058, "global_std": 2.774726486599943}, {"type": "numerical", "feature_label": "NumStorePurchases", "cluster_label": "cluster_5", "mean": 8.98447204968944, "std": 2.922105224249114, "diff": 0.9796528812485765, "global_mean": 5.808243727598566, "global_std": 3.2421977037853877}, {"type": "numerical", "feature_label": "MntWines", "cluster_label": "cluster_5", "mean": 630.0372670807453, "std": 306.09132447419125, "diff": 0.9653256754827533, "global_mean": 304.9301075268817, "global_std": 336.7849502099688}]}, {"cluster": "cluster_6", "size": 214, "facts": [{"type": "numerical", "feature_label": "MntFruits", "cluster_label": "cluster_6", "mean": 114.55140186915888, "std": 47.04502560999682, "diff": 2.2141545408096412, "global_mean": 26.38037634408602, "global_std": 39.82153183075997}, {"type": "numerical", "feature_label": "MntSweetProducts", "cluster_label": "cluster_6", "mean": 105.2803738317757, "std": 52.23417735895374, "diff": 1.8904809701671015, "global_mean": 27.155465949820787, "global_std": 41.32541354015819}, {"type": "numerical", "feature_label": "MntFishProducts", "cluster_label": "cluster_6", "mean": 136.5467289719626, "std": 64.08661365903963, "diff": 1.8084277331443968, "global_mean": 37.64471326164875, "global_std": 54.68950398053693}]}]}