{
    "metrics": {
        "inertia": 15382.052604956369,
        "silhouette": 0.15024289132667068,
        "nbClusters": 7
    },
    "processed_feature_names": [
        "MntWines",
        "NumWebPurchases",
        "Teenhome",
        "MntFruits",
        "NumCatalogPurchases",
        "MntMeatProducts",
        "NumWebVisitsMonth",
        "MntFishProducts",
        "MntSweetProducts",
        "MntGoldProds",
        "Recency",
        "NumStorePurchases",
        "Kidhome",
        "NumDealsPurchases",
        "Income"
    ],
    "variables_importance": {
        "variables": [
            "MntWines",
            "NumWebPurchases",
            "Teenhome",
            "MntFruits",
            "NumCatalogPurchases",
            "MntMeatProducts",
            "NumWebVisitsMonth",
            "MntFishProducts",
            "MntSweetProducts",
            "MntGoldProds",
            "Recency",
            "NumStorePurchases",
            "Kidhome",
            "NumDealsPurchases",
            "Income"
        ],
        "importances": [
            0.10371696542799795,
            0.04438512066079018,
            0.16801442436529435,
            0.07223694603014344,
            0.0511287371298355,
            0.09656110994797878,
            0.03146735468752072,
            0.047862088409497835,
            0.0495480005062313,
            0.03599580047141218,
            0.019602234905281984,
            0.054125701870824584,
            0.06319651693959451,
            0.06869697194061503,
            0.09346202670698163
        ]
    },
    "reduce_vars": [],
    "train_nb_records": 2232,
    "train_nb_features": 15,
    "train_nb_outliers": 0,
    "cluster_description": [
        {
            "variable": "MntWines",
            "var": 69808.16,
            "values": [
                {
                    "cluster": "cluster_0",
                    "value": 37.74052478134111
                },
                {
                    "cluster": "cluster_1",
                    "value": 650.3193548387097
                },
                {
                    "cluster": "cluster_2",
                    "value": 248.40548780487805
                },
                {
                    "cluster": "cluster_3",
                    "value": 317.8354430379747
                },
                {
                    "cluster": "cluster_4",
                    "value": 27.3967684021544
                },
                {
                    "cluster": "cluster_5",
                    "value": 630.0372670807453
                },
                {
                    "cluster": "cluster_6",
                    "value": 543.1448598130842
                }
            ]
        },
        {
            "variable": "NumWebPurchases",
            "var": 4.31,
            "values": [
                {
                    "cluster": "cluster_0",
                    "value": 1.7463556851311954
                },
                {
                    "cluster": "cluster_1",
                    "value": 4.558064516129032
                },
                {
                    "cluster": "cluster_2",
                    "value": 4.347560975609756
                },
                {
                    "cluster": "cluster_3",
                    "value": 6.075949367088608
                },
                {
                    "cluster": "cluster_4",
                    "value": 2.0951526032315977
                },
                {
                    "cluster": "cluster_5",
                    "value": 7.531055900621118
                },
                {
                    "cluster": "cluster_6",
                    "value": 5.401869158878505
                }
            ]
        },
        {
            "variable": "Teenhome",
            "var": 0.2,
            "values": [
                {
                    "cluster": "cluster_0",
                    "value": 1.0408163265306123
                },
                {
                    "cluster": "cluster_1",
                    "value": 0.041935483870967745
                },
                {
                    "cluster": "cluster_2",
                    "value": 0.9176829268292683
                },
                {
                    "cluster": "cluster_3",
                    "value": 0.8544303797468354
                },
                {
                    "cluster": "cluster_4",
                    "value": 0.005385996409335727
                },
                {
                    "cluster": "cluster_5",
                    "value": 0.8571428571428571
                },
                {
                    "cluster": "cluster_6",
                    "value": 0.21962616822429906
                }
            ]
        },
        {
            "variable": "MntFruits",
            "var": 1526.99,
            "values": [
                {
                    "cluster": "cluster_0",
                    "value": 2.131195335276968
                },
                {
                    "cluster": "cluster_1",
                    "value": 40.05806451612903
                },
                {
                    "cluster": "cluster_2",
                    "value": 12.853658536585366
                },
                {
                    "cluster": "cluster_3",
                    "value": 13.575949367088608
                },
                {
                    "cluster": "cluster_4",
                    "value": 6.091561938958708
                },
                {
                    "cluster": "cluster_5",
                    "value": 35.60248447204969
                },
                {
                    "cluster": "cluster_6",
                    "value": 114.55140186915888
                }
            ]
        },
        {
            "variable": "NumCatalogPurchases",
            "var": 5.72,
            "values": [
                {
                    "cluster": "cluster_0",
                    "value": 0.44314868804664725
                },
                {
                    "cluster": "cluster_1",
                    "value": 6.061290322580645
                },
                {
                    "cluster": "cluster_2",
                    "value": 1.9420731707317074
                },
                {
                    "cluster": "cluster_3",
                    "value": 2.069620253164557
                },
                {
                    "cluster": "cluster_4",
                    "value": 0.4488330341113106
                },
                {
                    "cluster": "cluster_5",
                    "value": 4.298136645962733
                },
                {
                    "cluster": "cluster_6",
                    "value": 5.864485981308412
                }
            ]
        },
        {
            "variable": "MntMeatProducts",
            "var": 38974.37,
            "values": [
                {
                    "cluster": "cluster_0",
                    "value": 15.629737609329446
                },
                {
                    "cluster": "cluster_1",
                    "value": 487.15806451612906
                },
                {
                    "cluster": "cluster_2",
                    "value": 71.27439024390245
                },
                {
                    "cluster": "cluster_3",
                    "value": 107.5253164556962
                },
                {
                    "cluster": "cluster_4",
                    "value": 22.81149012567325
                },
                {
                    "cluster": "cluster_5",
                    "value": 198.09316770186336
                },
                {
                    "cluster": "cluster_6",
                    "value": 447.4485981308411
                }
            ]
        },
        {
            "variable": "NumWebVisitsMonth",
            "var": 3.6,
            "values": [
                {
                    "cluster": "cluster_0",
                    "value": 6.137026239067056
                },
                {
                    "cluster": "cluster_1",
                    "value": 2.464516129032258
                },
                {
                    "cluster": "cluster_2",
                    "value": 5.088414634146342
                },
                {
                    "cluster": "cluster_3",
                    "value": 7.39873417721519
                },
                {
                    "cluster": "cluster_4",
                    "value": 6.897666068222621
                },
                {
                    "cluster": "cluster_5",
                    "value": 5.39751552795031
                },
                {
                    "cluster": "cluster_6",
                    "value": 2.864485981308411
                }
            ]
        },
        {
            "variable": "MntFishProducts",
            "var": 2315.73,
            "values": [
                {
                    "cluster": "cluster_0",
                    "value": 3.24198250728863
                },
                {
                    "cluster": "cluster_1",
                    "value": 79.9483870967742
                },
                {
                    "cluster": "cluster_2",
                    "value": 19.521341463414632
                },
                {
                    "cluster": "cluster_3",
                    "value": 21.303797468354432
                },
                {
                    "cluster": "cluster_4",
                    "value": 8.421903052064632
                },
                {
                    "cluster": "cluster_5",
                    "value": 44.86335403726708
                },
                {
                    "cluster": "cluster_6",
                    "value": 136.5467289719626
                }
            ]
        },
        {
            "variable": "MntSweetProducts",
            "var": 1302.58,
            "values": [
                {
                    "cluster": "cluster_0",
                    "value": 2.370262390670554
                },
                {
                    "cluster": "cluster_1",
                    "value": 46.9741935483871
                },
                {
                    "cluster": "cluster_2",
                    "value": 12.387195121951219
                },
                {
                    "cluster": "cluster_3",
                    "value": 16.49367088607595
                },
                {
                    "cluster": "cluster_4",
                    "value": 6.123877917414721
                },
                {
                    "cluster": "cluster_5",
                    "value": 39.2111801242236
                },
                {
                    "cluster": "cluster_6",
                    "value": 105.2803738317757
                }
            ]
        },
        {
            "variable": "MntGoldProds",
            "var": 1071.39,
            "values": [
                {
                    "cluster": "cluster_0",
                    "value": 10.80466472303207
                },
                {
                    "cluster": "cluster_1",
                    "value": 61.9
                },
                {
                    "cluster": "cluster_2",
                    "value": 33.1890243902439
                },
                {
                    "cluster": "cluster_3",
                    "value": 53.265822784810126
                },
                {
                    "cluster": "cluster_4",
                    "value": 15.991023339317774
                },
                {
                    "cluster": "cluster_5",
                    "value": 82.86335403726709
                },
                {
                    "cluster": "cluster_6",
                    "value": 97.16355140186916
                }
            ]
        },
        {
            "variable": "Recency",
            "var": 3.98,
            "values": [
                {
                    "cluster": "cluster_0",
                    "value": 49.33527696793003
                },
                {
                    "cluster": "cluster_1",
                    "value": 50.92580645161291
                },
                {
                    "cluster": "cluster_2",
                    "value": 45.85670731707317
                },
                {
                    "cluster": "cluster_3",
                    "value": 51.151898734177216
                },
                {
                    "cluster": "cluster_4",
                    "value": 48.75763016157989
                },
                {
                    "cluster": "cluster_5",
                    "value": 51.02173913043478
                },
                {
                    "cluster": "cluster_6",
                    "value": 47.649532710280376
                }
            ]
        },
        {
            "variable": "NumStorePurchases",
            "var": 6.12,
            "values": [
                {
                    "cluster": "cluster_0",
                    "value": 3.0787172011661808
                },
                {
                    "cluster": "cluster_1",
                    "value": 8.42258064516129
                },
                {
                    "cluster": "cluster_2",
                    "value": 5.987804878048781
                },
                {
                    "cluster": "cluster_3",
                    "value": 6.158227848101266
                },
                {
                    "cluster": "cluster_4",
                    "value": 3.044883303411131
                },
                {
                    "cluster": "cluster_5",
                    "value": 8.98447204968944
                },
                {
                    "cluster": "cluster_6",
                    "value": 8.27570093457944
                }
            ]
        },
        {
            "variable": "Kidhome",
            "var": 0.21,
            "values": [
                {
                    "cluster": "cluster_0",
                    "value": 0.9387755102040817
                },
                {
                    "cluster": "cluster_1",
                    "value": 0.035483870967741936
                },
                {
                    "cluster": "cluster_2",
                    "value": 0.027439024390243903
                },
                {
                    "cluster": "cluster_3",
                    "value": 0.9493670886075949
                },
                {
                    "cluster": "cluster_4",
                    "value": 0.8312387791741472
                },
                {
                    "cluster": "cluster_5",
                    "value": 0.09316770186335403
                },
                {
                    "cluster": "cluster_6",
                    "value": 0.03271028037383177
                }
            ]
        },
        {
            "variable": "NumDealsPurchases",
            "var": 3.99,
            "values": [
                {
                    "cluster": "cluster_0",
                    "value": 2.309037900874636
                },
                {
                    "cluster": "cluster_1",
                    "value": 1.096774193548387
                },
                {
                    "cluster": "cluster_2",
                    "value": 2.3597560975609757
                },
                {
                    "cluster": "cluster_3",
                    "value": 6.987341772151899
                },
                {
                    "cluster": "cluster_4",
                    "value": 1.727109515260323
                },
                {
                    "cluster": "cluster_5",
                    "value": 2.8198757763975157
                },
                {
                    "cluster": "cluster_6",
                    "value": 1.3738317757009346
                }
            ]
        },
        {
            "variable": "Income",
            "var": 319842589.66,
            "values": [
                {
                    "cluster": "cluster_0",
                    "value": 38847.43731778426
                },
                {
                    "cluster": "cluster_1",
                    "value": 76396.35161290322
                },
                {
                    "cluster": "cluster_2",
                    "value": 53054.618902439026
                },
                {
                    "cluster": "cluster_3",
                    "value": 50013.8417721519
                },
                {
                    "cluster": "cluster_4",
                    "value": 29106.912028725314
                },
                {
                    "cluster": "cluster_5",
                    "value": 63802.21118012422
                },
                {
                    "cluster": "cluster_6",
                    "value": 75597.1261682243
                }
            ]
        },
        {
            "variable": "cluster_size",
            "var": 15722.81,
            "values": [
                {
                    "cluster": "cluster_4",
                    "value": 557
                },
                {
                    "cluster": "cluster_0",
                    "value": 343
                },
                {
                    "cluster": "cluster_2",
                    "value": 328
                },
                {
                    "cluster": "cluster_5",
                    "value": 322
                },
                {
                    "cluster": "cluster_1",
                    "value": 310
                },
                {
                    "cluster": "cluster_6",
                    "value": 214
                },
                {
                    "cluster": "cluster_3",
                    "value": 158
                }
            ]
        }
    ],
    "summary": {
        "clusters": []
    }
}