{"global": {"size": 2227, "facts": [{"type": "numerical", "feature_label": "Amount Per Purchase", "cluster_label": "cluster_5", "mean": 1679.0, "std": null, "diff": 36.54324474550336, "global_mean": 33.2968118545128, "global_std": 45.034402380155115}, {"type": "numerical", "feature_label": "MntMeatProducts", "cluster_label": "cluster_5", "mean": 1607.0, "std": null, "diff": 6.571108825341978, "global_mean": 165.4315222272115, "global_std": 219.3797905481752}, {"type": "numerical", "feature_label": "Total Accepted Cmp", "cluster_label": "cluster_1", "mean": 2.1447368421052633, "std": 0.9164276651152754, "diff": 2.7240101000151533, "global_mean": 0.2986079928154468, "global_std": 0.677724671167536}, {"type": "numerical", "feature_label": "NumWebVisitsMonth", "cluster_label": "cluster_5", "mean": 0.0, "std": null, "diff": -2.217459395845606, "global_mean": 5.326448136506511, "global_std": 2.4020499074235917}, {"type": "numerical", "feature_label": "MntWines", "cluster_label": "cluster_1", "mean": 970.671052631579, "std": 300.41260315877724, "diff": 1.9757302189444117, "global_mean": 305.2635832959138, "global_std": 336.79065236506705}, {"type": "numerical", "feature_label": "Num Total Purchase", "cluster_label": "cluster_5", "mean": 1.0, "std": null, "diff": -1.8236109559349287, "global_mean": 14.882352941176471, "global_std": 7.612562808967808}, {"type": "numerical", "feature_label": "Expenses", "cluster_label": "cluster_5", "mean": 1679.0, "std": null, "diff": 1.7851270941526625, "global_mean": 606.0799281544679, "global_std": 601.032876236081}, {"type": "numerical", "feature_label": "Expenses", "cluster_label": "cluster_1", "mean": 1620.3947368421052, "std": 373.0070069809466, "diff": 1.6876195109986334, "global_mean": 606.0799281544679, "global_std": 601.032876236081}, {"type": "numerical", "feature_label": "Engaged in Days", "cluster_label": "cluster_5", "mean": 687.0, "std": null, "diff": 1.6424867749732182, "global_mean": 354.89357880556804, "global_std": 202.1973182705518}, {"type": "numerical", "feature_label": "MntFishProducts", "cluster_label": "cluster_4", "mean": 124.4224924012158, "std": 65.61873137438448, "diff": 1.5854634662912637, "global_mean": 37.6757970363718, "global_std": 54.71377752258334}]}, "clusters": [{"cluster": "cluster_0", "size": 989, "facts": [{"type": "numerical", "feature_label": "Num Total Purchase", "cluster_label": "cluster_0", "mean": 7.578361981799798, "std": 2.739199797897952, "diff": -0.9594654445113242, "global_mean": 14.882352941176471, "global_std": 7.612562808967808}, {"type": "numerical", "feature_label": "Expenses", "cluster_label": "cluster_0", "mean": 89.81799797775531, "std": 77.77079658362135, "diff": -0.8589578883101378, "global_mean": 606.0799281544679, "global_std": 601.032876236081}, {"type": "numerical", "feature_label": "NumStorePurchases", "cluster_label": "cluster_0", "mean": 3.2022244691607686, "std": 1.02477167703271, "diff": -0.8075139327937964, "global_mean": 5.817691962281096, "global_std": 3.2389131467632555}]}, {"cluster": "cluster_1", "size": 152, "facts": [{"type": "numerical", "feature_label": "Total Accepted Cmp", "cluster_label": "cluster_1", "mean": 2.1447368421052633, "std": 0.9164276651152754, "diff": 2.7240101000151533, "global_mean": 0.2986079928154468, "global_std": 0.677724671167536}, {"type": "numerical", "feature_label": "MntWines", "cluster_label": "cluster_1", "mean": 970.671052631579, "std": 300.41260315877724, "diff": 1.9757302189444117, "global_mean": 305.2635832959138, "global_std": 336.79065236506705}, {"type": "numerical", "feature_label": "Expenses", "cluster_label": "cluster_1", "mean": 1620.3947368421052, "std": 373.0070069809466, "diff": 1.6876195109986334, "global_mean": 606.0799281544679, "global_std": 601.032876236081}]}, {"cluster": "cluster_2", "size": 356, "facts": [{"type": "numerical", "feature_label": "NumDealsPurchases", "cluster_label": "cluster_2", "mean": 5.117977528089888, "std": 2.4888738014398366, "diff": 1.475607416843979, "global_mean": 2.3219577907498876, "global_std": 1.8948262969022696}, {"type": "numerical", "feature_label": "NumWebVisitsMonth", "cluster_label": "cluster_2", "mean": 7.143258426966292, "std": 1.7195592460374869, "diff": 0.7563582608524853, "global_mean": 5.326448136506511, "global_std": 2.4020499074235917}, {"type": "numerical", "feature_label": "NumWebPurchases", "cluster_label": "cluster_2", "mean": 6.185393258426966, "std": 2.2653321399007034, "diff": 0.7504248128861376, "global_mean": 4.103726986977997, "global_std": 2.7739837965150302}]}, {"cluster": "cluster_3", "size": 400, "facts": [{"type": "numerical", "feature_label": "NumStorePurchases", "cluster_label": "cluster_3", "mean": 8.8375, "std": 2.8312778184440046, "diff": 0.9323522740141059, "global_mean": 5.817691962281096, "global_std": 3.2389131467632555}, {"type": "numerical", "feature_label": "Num Total Purchase", "cluster_label": "cluster_3", "mean": 21.12, "std": 4.513483003408247, "diff": 0.8193885837599146, "global_mean": 14.882352941176471, "global_std": 7.612562808967808}, {"type": "numerical", "feature_label": "NumWebPurchases", "cluster_label": "cluster_3", "mean": 6.015, "std": 2.9532319494696675, "diff": 0.6889993429028477, "global_mean": 4.103726986977997, "global_std": 2.7739837965150302}]}, {"cluster": "cluster_4", "size": 329, "facts": [{"type": "numerical", "feature_label": "MntFishProducts", "cluster_label": "cluster_4", "mean": 124.4224924012158, "std": 65.61873137438448, "diff": 1.5854634662912637, "global_mean": 37.6757970363718, "global_std": 54.71377752258334}, {"type": "numerical", "feature_label": "MntFruits", "cluster_label": "cluster_4", "mean": 87.52279635258358, "std": 51.54692625938732, "diff": 1.5374474578576809, "global_mean": 26.371351594072742, "global_std": 39.774656653126115}, {"type": "numerical", "feature_label": "MntMeatProducts", "cluster_label": "cluster_4", "mean": 497.2218844984802, "std": 234.02737750538412, "diff": 1.5124016731085739, "global_mean": 165.4315222272115, "global_std": 219.3797905481752}]}, {"cluster": "cluster_5", "size": 1, "facts": [{"type": "numerical", "feature_label": "Amount Per Purchase", "cluster_label": "cluster_5", "mean": 1679.0, "std": null, "diff": 36.54324474550336, "global_mean": 33.2968118545128, "global_std": 45.034402380155115}, {"type": "numerical", "feature_label": "MntMeatProducts", "cluster_label": "cluster_5", "mean": 1607.0, "std": null, "diff": 6.571108825341978, "global_mean": 165.4315222272115, "global_std": 219.3797905481752}, {"type": "numerical", "feature_label": "NumWebVisitsMonth", "cluster_label": "cluster_5", "mean": 0.0, "std": null, "diff": -2.217459395845606, "global_mean": 5.326448136506511, "global_std": 2.4020499074235917}]}]}