{
    "metrics": {
        "inertia": 18148.244941825677,
        "silhouette": 0.2446775193719792,
        "nbClusters": 6
    },
    "processed_feature_names": [
        "MntWines",
        "Expenses",
        "NumWebPurchases",
        "Engaged in Days",
        "MntFruits",
        "NumCatalogPurchases",
        "Total Accepted Cmp",
        "Num Total Purchase",
        "Amount Per Purchase",
        "MntMeatProducts",
        "NumWebVisitsMonth",
        "MntFishProducts",
        "MntSweetProducts",
        "MntGoldProds",
        "Recency",
        "NumStorePurchases",
        "NumDealsPurchases"
    ],
    "variables_importance": {
        "variables": [
            "MntWines",
            "Expenses",
            "NumWebPurchases",
            "Engaged in Days",
            "MntFruits",
            "NumCatalogPurchases",
            "Total Accepted Cmp",
            "Num Total Purchase",
            "Amount Per Purchase",
            "MntMeatProducts",
            "NumWebVisitsMonth",
            "MntFishProducts",
            "MntSweetProducts",
            "MntGoldProds",
            "Recency",
            "NumStorePurchases",
            "NumDealsPurchases"
        ],
        "importances": [
            0.08632976587491353,
            0.1733847977990028,
            0.030350578218294275,
            0.02151117234715596,
            0.05388149521414588,
            0.035120202867873374,
            0.05004419271732467,
            0.14435230014729636,
            0.10848627158275408,
            0.06191120946103253,
            0.05186295404430318,
            0.04368475496368406,
            0.03295631746686972,
            0.013630811648652253,
            0.010719445893486826,
            0.02601823147541441,
            0.055755498277796224
        ]
    },
    "reduce_vars": [],
    "train_nb_records": 2227,
    "train_nb_features": 17,
    "train_nb_outliers": 0,
    "cluster_description": [
        {
            "variable": "MntWines",
            "var": 123936.97,
            "values": [
                {
                    "cluster": "cluster_0",
                    "value": 38.7087967644085
                },
                {
                    "cluster": "cluster_1",
                    "value": 970.671052631579
                },
                {
                    "cluster": "cluster_2",
                    "value": 361.2050561797753
                },
                {
                    "cluster": "cluster_3",
                    "value": 459.5925
                },
                {
                    "cluster": "cluster_4",
                    "value": 551.790273556231
                },
                {
                    "cluster": "cluster_5",
                    "value": 32.0
                }
            ]
        },
        {
            "variable": "Expenses",
            "var": 412973.51,
            "values": [
                {
                    "cluster": "cluster_0",
                    "value": 89.81799797775531
                },
                {
                    "cluster": "cluster_1",
                    "value": 1620.3947368421052
                },
                {
                    "cluster": "cluster_2",
                    "value": 563.3567415730337
                },
                {
                    "cluster": "cluster_3",
                    "value": 852.3175
                },
                {
                    "cluster": "cluster_4",
                    "value": 1432.9756838905776
                },
                {
                    "cluster": "cluster_5",
                    "value": 1679.0
                }
            ]
        },
        {
            "variable": "NumWebPurchases",
            "var": 6.59,
            "values": [
                {
                    "cluster": "cluster_0",
                    "value": 2.0
                },
                {
                    "cluster": "cluster_1",
                    "value": 5.756578947368421
                },
                {
                    "cluster": "cluster_2",
                    "value": 6.185393258426966
                },
                {
                    "cluster": "cluster_3",
                    "value": 6.015
                },
                {
                    "cluster": "cluster_4",
                    "value": 5.100303951367781
                },
                {
                    "cluster": "cluster_5",
                    "value": 0.0
                }
            ]
        },
        {
            "variable": "Engaged in Days",
            "var": 19446.2,
            "values": [
                {
                    "cluster": "cluster_0",
                    "value": 312.61577350859454
                },
                {
                    "cluster": "cluster_1",
                    "value": 381.4013157894737
                },
                {
                    "cluster": "cluster_2",
                    "value": 468.90449438202245
                },
                {
                    "cluster": "cluster_3",
                    "value": 322.405
                },
                {
                    "cluster": "cluster_4",
                    "value": 384.86018237082067
                },
                {
                    "cluster": "cluster_5",
                    "value": 687.0
                }
            ]
        },
        {
            "variable": "MntFruits",
            "var": 1048.27,
            "values": [
                {
                    "cluster": "cluster_0",
                    "value": 4.6471183013144595
                },
                {
                    "cluster": "cluster_1",
                    "value": 42.33552631578947
                },
                {
                    "cluster": "cluster_2",
                    "value": 12.196629213483146
                },
                {
                    "cluster": "cluster_3",
                    "value": 36.3975
                },
                {
                    "cluster": "cluster_4",
                    "value": 87.52279635258358
                },
                {
                    "cluster": "cluster_5",
                    "value": 2.0
                }
            ]
        },
        {
            "variable": "NumCatalogPurchases",
            "var": 7.04,
            "values": [
                {
                    "cluster": "cluster_0",
                    "value": 0.5156723963599595
                },
                {
                    "cluster": "cluster_1",
                    "value": 5.921052631578948
                },
                {
                    "cluster": "cluster_2",
                    "value": 2.2247191011235956
                },
                {
                    "cluster": "cluster_3",
                    "value": 4.1575
                },
                {
                    "cluster": "cluster_4",
                    "value": 6.1155015197568385
                },
                {
                    "cluster": "cluster_5",
                    "value": 0.0
                }
            ]
        },
        {
            "variable": "Total Accepted Cmp",
            "var": 0.64,
            "values": [
                {
                    "cluster": "cluster_0",
                    "value": 0.08088978766430738
                },
                {
                    "cluster": "cluster_1",
                    "value": 2.1447368421052633
                },
                {
                    "cluster": "cluster_2",
                    "value": 0.27808988764044945
                },
                {
                    "cluster": "cluster_3",
                    "value": 0.1575
                },
                {
                    "cluster": "cluster_4",
                    "value": 0.2917933130699088
                },
                {
                    "cluster": "cluster_5",
                    "value": 1.0
                }
            ]
        },
        {
            "variable": "Num Total Purchase",
            "var": 77.36,
            "values": [
                {
                    "cluster": "cluster_0",
                    "value": 7.578361981799798
                },
                {
                    "cluster": "cluster_1",
                    "value": 21.289473684210527
                },
                {
                    "cluster": "cluster_2",
                    "value": 19.80056179775281
                },
                {
                    "cluster": "cluster_3",
                    "value": 21.12
                },
                {
                    "cluster": "cluster_4",
                    "value": 21.01519756838906
                },
                {
                    "cluster": "cluster_5",
                    "value": 1.0
                }
            ]
        },
        {
            "variable": "Amount Per Purchase",
            "var": 445057.84,
            "values": [
                {
                    "cluster": "cluster_0",
                    "value": 10.81294236602629
                },
                {
                    "cluster": "cluster_1",
                    "value": 80.21710526315789
                },
                {
                    "cluster": "cluster_2",
                    "value": 27.671348314606742
                },
                {
                    "cluster": "cluster_3",
                    "value": 40.985
                },
                {
                    "cluster": "cluster_4",
                    "value": 70.94528875379939
                },
                {
                    "cluster": "cluster_5",
                    "value": 1679.0
                }
            ]
        },
        {
            "variable": "MntMeatProducts",
            "var": 340510.16,
            "values": [
                {
                    "cluster": "cluster_0",
                    "value": 20.435793731041457
                },
                {
                    "cluster": "cluster_1",
                    "value": 420.17105263157896
                },
                {
                    "cluster": "cluster_2",
                    "value": 101.65449438202248
                },
                {
                    "cluster": "cluster_3",
                    "value": 207.3925
                },
                {
                    "cluster": "cluster_4",
                    "value": 497.2218844984802
                },
                {
                    "cluster": "cluster_5",
                    "value": 1607.0
                }
            ]
        },
        {
            "variable": "NumWebVisitsMonth",
            "var": 6.58,
            "values": [
                {
                    "cluster": "cluster_0",
                    "value": 6.330637007077857
                },
                {
                    "cluster": "cluster_1",
                    "value": 3.6907894736842106
                },
                {
                    "cluster": "cluster_2",
                    "value": 7.143258426966292
                },
                {
                    "cluster": "cluster_3",
                    "value": 3.9525
                },
                {
                    "cluster": "cluster_4",
                    "value": 2.7841945288753798
                },
                {
                    "cluster": "cluster_5",
                    "value": 0.0
                }
            ]
        },
        {
            "variable": "MntFishProducts",
            "var": 1989.82,
            "values": [
                {
                    "cluster": "cluster_0",
                    "value": 6.757330637007078
                },
                {
                    "cluster": "cluster_1",
                    "value": 64.88815789473684
                },
                {
                    "cluster": "cluster_2",
                    "value": 18.873595505617978
                },
                {
                    "cluster": "cluster_3",
                    "value": 49.23
                },
                {
                    "cluster": "cluster_4",
                    "value": 124.4224924012158
                },
                {
                    "cluster": "cluster_5",
                    "value": 12.0
                }
            ]
        },
        {
            "variable": "MntSweetProducts",
            "var": 1030.43,
            "values": [
                {
                    "cluster": "cluster_0",
                    "value": 4.836198179979777
                },
                {
                    "cluster": "cluster_1",
                    "value": 51.7171052631579
                },
                {
                    "cluster": "cluster_2",
                    "value": 13.457865168539326
                },
                {
                    "cluster": "cluster_3",
                    "value": 37.3525
                },
                {
                    "cluster": "cluster_4",
                    "value": 85.60182370820668
                },
                {
                    "cluster": "cluster_5",
                    "value": 4.0
                }
            ]
        },
        {
            "variable": "MntGoldProds",
            "var": 793.02,
            "values": [
                {
                    "cluster": "cluster_0",
                    "value": 14.432760364004045
                },
                {
                    "cluster": "cluster_1",
                    "value": 70.61184210526316
                },
                {
                    "cluster": "cluster_2",
                    "value": 55.96910112359551
                },
                {
                    "cluster": "cluster_3",
                    "value": 62.3525
                },
                {
                    "cluster": "cluster_4",
                    "value": 86.41641337386018
                },
                {
                    "cluster": "cluster_5",
                    "value": 22.0
                }
            ]
        },
        {
            "variable": "Recency",
            "var": 4.77,
            "values": [
                {
                    "cluster": "cluster_0",
                    "value": 49.29221435793731
                },
                {
                    "cluster": "cluster_1",
                    "value": 52.17763157894737
                },
                {
                    "cluster": "cluster_2",
                    "value": 47.35112359550562
                },
                {
                    "cluster": "cluster_3",
                    "value": 49.6375
                },
                {
                    "cluster": "cluster_4",
                    "value": 48.43768996960486
                },
                {
                    "cluster": "cluster_5",
                    "value": 53.0
                }
            ]
        },
        {
            "variable": "NumStorePurchases",
            "var": 10.42,
            "values": [
                {
                    "cluster": "cluster_0",
                    "value": 3.2022244691607686
                },
                {
                    "cluster": "cluster_1",
                    "value": 8.368421052631579
                },
                {
                    "cluster": "cluster_2",
                    "value": 6.272471910112359
                },
                {
                    "cluster": "cluster_3",
                    "value": 8.8375
                },
                {
                    "cluster": "cluster_4",
                    "value": 8.35258358662614
                },
                {
                    "cluster": "cluster_5",
                    "value": 1.0
                }
            ]
        },
        {
            "variable": "NumDealsPurchases",
            "var": 2.92,
            "values": [
                {
                    "cluster": "cluster_0",
                    "value": 1.8604651162790697
                },
                {
                    "cluster": "cluster_1",
                    "value": 1.243421052631579
                },
                {
                    "cluster": "cluster_2",
                    "value": 5.117977528089888
                },
                {
                    "cluster": "cluster_3",
                    "value": 2.11
                },
                {
                    "cluster": "cluster_4",
                    "value": 1.446808510638298
                },
                {
                    "cluster": "cluster_5",
                    "value": 0.0
                }
            ]
        },
        {
            "variable": "cluster_size",
            "var": 113922.97,
            "values": [
                {
                    "cluster": "cluster_0",
                    "value": 989
                },
                {
                    "cluster": "cluster_3",
                    "value": 400
                },
                {
                    "cluster": "cluster_2",
                    "value": 356
                },
                {
                    "cluster": "cluster_4",
                    "value": 329
                },
                {
                    "cluster": "cluster_1",
                    "value": 152
                },
                {
                    "cluster": "cluster_5",
                    "value": 1
                }
            ]
        }
    ],
    "summary": {
        "clusters": []
    }
}