{"global": {"size": 2227, "facts": [{"type": "numerical", "feature_label": "Expenses", "cluster_label": "cluster_2", "mean": 1402.697435897436, "std": 399.46680097228426, "diff": 1.3254141981911534, "global_mean": 606.0799281544679, "global_std": 601.032876236081}, {"type": "numerical", "feature_label": "MntMeatProducts", "cluster_label": "cluster_2", "mean": 452.2273504273504, "std": 234.07406758051383, "diff": 1.307302862690806, "global_mean": 165.4315222272115, "global_std": 219.3797905481752}, {"type": "numerical", "feature_label": "NumCatalogPurchases", "cluster_label": "cluster_2", "mean": 5.936752136752137, "std": 2.500225958644658, "diff": 1.1793358963810732, "global_mean": 2.6389762011674898, "global_std": 2.7962991253842517}, {"type": "numerical", "feature_label": "MntFishProducts", "cluster_label": "cluster_2", "mean": 100.20170940170941, "std": 66.05270050231317, "diff": 1.1427818585461362, "global_mean": 37.6757970363718, "global_std": 54.71377752258334}, {"type": "numerical", "feature_label": "MntFruits", "cluster_label": "cluster_2", "mean": 68.83589743589744, "std": 50.82801120313658, "diff": 1.067628218947483, "global_mean": 26.371351594072742, "global_std": 39.774656653126115}, {"type": "numerical", "feature_label": "MntSweetProducts", "cluster_label": "cluster_2", "mean": 69.97264957264957, "std": 51.73042549511941, "diff": 1.0347588095150344, "global_mean": 27.185900314324204, "global_std": 41.34949020475453}, {"type": "numerical", "feature_label": "NumWebVisitsMonth", "cluster_label": "cluster_2", "mean": 2.911111111111111, "std": 1.8270127659323447, "diff": -1.005531574481756, "global_mean": 5.326448136506511, "global_std": 2.4020499074235917}, {"type": "numerical", "feature_label": "MntWines", "cluster_label": "cluster_2", "mean": 632.8153846153846, "std": 324.1550979124567, "diff": 0.9725679706942052, "global_mean": 305.2635832959138, "global_std": 336.79065236506705}, {"type": "numerical", "feature_label": "Num Total Purchase", "cluster_label": "cluster_0", "mean": 7.883429672447013, "std": 3.017930183813769, "diff": -0.919391201670551, "global_mean": 14.882352941176471, "global_std": 7.612562808967808}, {"type": "numerical", "feature_label": "Amount Per Purchase", "cluster_label": "cluster_2", "mean": 72.56239316239316, "std": 70.79417364204647, "diff": 0.8719019068227529, "global_mean": 33.2968118545128, "global_std": 45.034402380155115}]}, "clusters": [{"cluster": "cluster_0", "size": 1038, "facts": [{"type": "numerical", "feature_label": "Num Total Purchase", "cluster_label": "cluster_0", "mean": 7.883429672447013, "std": 3.017930183813769, "diff": -0.919391201670551, "global_mean": 14.882352941176471, "global_std": 7.612562808967808}, {"type": "numerical", "feature_label": "Expenses", "cluster_label": "cluster_0", "mean": 99.50770712909441, "std": 91.80175192790585, "diff": -0.8428361260331387, "global_mean": 606.0799281544679, "global_std": 601.032876236081}, {"type": "numerical", "feature_label": "NumStorePurchases", "cluster_label": "cluster_0", "mean": 3.277456647398844, "std": 1.1274143643908618, "diff": -0.7842863330314326, "global_mean": 5.817691962281096, "global_std": 3.2389131467632555}]}, {"cluster": "cluster_1", "size": 604, "facts": [{"type": "numerical", "feature_label": "NumDealsPurchases", "cluster_label": "cluster_1", "mean": 3.948675496688742, "std": 2.390351299978528, "diff": 0.8585049239596638, "global_mean": 2.3219577907498876, "global_std": 1.8948262969022696}, {"type": "numerical", "feature_label": "NumWebPurchases", "cluster_label": "cluster_1", "mean": 6.478476821192053, "std": 2.708845592175369, "diff": 0.8560792017593851, "global_mean": 4.103726986977997, "global_std": 2.7739837965150302}, {"type": "numerical", "feature_label": "Num Total Purchase", "cluster_label": "cluster_1", "mean": 21.10430463576159, "std": 4.551607302342547, "diff": 0.8173268123654086, "global_mean": 14.882352941176471, "global_std": 7.612562808967808}]}, {"cluster": "cluster_2", "size": 585, "facts": [{"type": "numerical", "feature_label": "Expenses", "cluster_label": "cluster_2", "mean": 1402.697435897436, "std": 399.46680097228426, "diff": 1.3254141981911534, "global_mean": 606.0799281544679, "global_std": 601.032876236081}, {"type": "numerical", "feature_label": "MntMeatProducts", "cluster_label": "cluster_2", "mean": 452.2273504273504, "std": 234.07406758051383, "diff": 1.307302862690806, "global_mean": 165.4315222272115, "global_std": 219.3797905481752}, {"type": "numerical", "feature_label": "NumCatalogPurchases", "cluster_label": "cluster_2", "mean": 5.936752136752137, "std": 2.500225958644658, "diff": 1.1793358963810732, "global_mean": 2.6389762011674898, "global_std": 2.7962991253842517}]}]}