{
    "metrics": {
        "inertia": 14864.858422541674,
        "silhouette": 0.31808921597191786,
        "nbClusters": 3
    },
    "processed_feature_names": [
        "factor_0",
        "factor_1",
        "factor_2",
        "factor_3",
        "factor_4",
        "factor_5",
        "factor_6"
    ],
    "variables_importance": {
        "variables": [
            "MntWines",
            "Expenses",
            "NumWebPurchases",
            "Engaged in Days",
            "MntFruits",
            "NumCatalogPurchases",
            "Total Accepted Cmp",
            "Num Total Purchase",
            "Amount Per Purchase",
            "MntMeatProducts",
            "NumWebVisitsMonth",
            "MntFishProducts",
            "MntSweetProducts",
            "MntGoldProds",
            "Recency",
            "NumStorePurchases",
            "NumDealsPurchases"
        ],
        "importances": [
            0.10283734827417657,
            0.17320531299126585,
            0.021087944211055344,
            0.008590027180495315,
            0.03895167086609307,
            0.04946008259851328,
            0.0023986347398775873,
            0.1834871079281642,
            0.11655494940432963,
            0.11169301071523345,
            0.028674479111350792,
            0.03536783999370845,
            0.024875441378121393,
            0.011620266026841908,
            0.005585590871200085,
            0.024746334141531334,
            0.06086395956804175
        ]
    },
    "reduce_vars": [
        "factor_0",
        "factor_1",
        "factor_2",
        "factor_3",
        "factor_4",
        "factor_5",
        "factor_6"
    ],
    "train_nb_records": 2227,
    "train_nb_features": 7,
    "train_nb_outliers": 0,
    "cluster_description": [
        {
            "variable": "MntWines",
            "var": 89987.88,
            "values": [
                {
                    "cluster": "cluster_0",
                    "value": 43.83815028901734
                },
                {
                    "cluster": "cluster_1",
                    "value": 437.2864238410596
                },
                {
                    "cluster": "cluster_2",
                    "value": 632.8153846153846
                }
            ]
        },
        {
            "variable": "Expenses",
            "var": 425281.66,
            "values": [
                {
                    "cluster": "cluster_0",
                    "value": 99.50770712909441
                },
                {
                    "cluster": "cluster_1",
                    "value": 705.0877483443709
                },
                {
                    "cluster": "cluster_2",
                    "value": 1402.697435897436
                }
            ]
        },
        {
            "variable": "NumWebPurchases",
            "var": 5.1,
            "values": [
                {
                    "cluster": "cluster_0",
                    "value": 2.092485549132948
                },
                {
                    "cluster": "cluster_1",
                    "value": 6.478476821192053
                },
                {
                    "cluster": "cluster_2",
                    "value": 5.220512820512821
                }
            ]
        },
        {
            "variable": "Engaged in Days",
            "var": 2738.66,
            "values": [
                {
                    "cluster": "cluster_0",
                    "value": 314.6396917148362
                },
                {
                    "cluster": "cluster_1",
                    "value": 419.0165562913907
                },
                {
                    "cluster": "cluster_2",
                    "value": 360.1128205128205
                }
            ]
        },
        {
            "variable": "MntFruits",
            "var": 1092.2,
            "values": [
                {
                    "cluster": "cluster_0",
                    "value": 5.107899807321773
                },
                {
                    "cluster": "cluster_1",
                    "value": 21.78476821192053
                },
                {
                    "cluster": "cluster_2",
                    "value": 68.83589743589744
                }
            ]
        },
        {
            "variable": "NumCatalogPurchases",
            "var": 7.22,
            "values": [
                {
                    "cluster": "cluster_0",
                    "value": 0.569364161849711
                },
                {
                    "cluster": "cluster_1",
                    "value": 3.001655629139073
                },
                {
                    "cluster": "cluster_2",
                    "value": 5.936752136752137
                }
            ]
        },
        {
            "variable": "Total Accepted Cmp",
            "var": 0.11,
            "values": [
                {
                    "cluster": "cluster_0",
                    "value": 0.08574181117533719
                },
                {
                    "cluster": "cluster_1",
                    "value": 0.2599337748344371
                },
                {
                    "cluster": "cluster_2",
                    "value": 0.7162393162393162
                }
            ]
        },
        {
            "variable": "Num Total Purchase",
            "var": 57.28,
            "values": [
                {
                    "cluster": "cluster_0",
                    "value": 7.883429672447013
                },
                {
                    "cluster": "cluster_1",
                    "value": 21.10430463576159
                },
                {
                    "cluster": "cluster_2",
                    "value": 20.876923076923077
                }
            ]
        },
        {
            "variable": "Amount Per Purchase",
            "var": 964.05,
            "values": [
                {
                    "cluster": "cluster_0",
                    "value": 11.322736030828516
                },
                {
                    "cluster": "cluster_1",
                    "value": 33.02980132450331
                },
                {
                    "cluster": "cluster_2",
                    "value": 72.56239316239316
                }
            ]
        },
        {
            "variable": "MntMeatProducts",
            "var": 49755.55,
            "values": [
                {
                    "cluster": "cluster_0",
                    "value": 22.851637764932562
                },
                {
                    "cluster": "cluster_1",
                    "value": 132.68708609271522
                },
                {
                    "cluster": "cluster_2",
                    "value": 452.2273504273504
                }
            ]
        },
        {
            "variable": "NumWebVisitsMonth",
            "var": 3.5,
            "values": [
                {
                    "cluster": "cluster_0",
                    "value": 6.326589595375722
                },
                {
                    "cluster": "cluster_1",
                    "value": 5.947019867549669
                },
                {
                    "cluster": "cluster_2",
                    "value": 2.911111111111111
                }
            ]
        },
        {
            "variable": "MntFishProducts",
            "var": 2355.75,
            "values": [
                {
                    "cluster": "cluster_0",
                    "value": 7.389210019267823
                },
                {
                    "cluster": "cluster_1",
                    "value": 29.165562913907284
                },
                {
                    "cluster": "cluster_2",
                    "value": 100.20170940170941
                }
            ]
        },
        {
            "variable": "MntSweetProducts",
            "var": 1114.7,
            "values": [
                {
                    "cluster": "cluster_0",
                    "value": 5.204238921001926
                },
                {
                    "cluster": "cluster_1",
                    "value": 23.521523178807946
                },
                {
                    "cluster": "cluster_2",
                    "value": 69.97264957264957
                }
            ]
        },
        {
            "variable": "MntGoldProds",
            "var": 1072.08,
            "values": [
                {
                    "cluster": "cluster_0",
                    "value": 15.116570327552987
                },
                {
                    "cluster": "cluster_1",
                    "value": 60.64238410596027
                },
                {
                    "cluster": "cluster_2",
                    "value": 78.64444444444445
                }
            ]
        },
        {
            "variable": "Recency",
            "var": 1.64,
            "values": [
                {
                    "cluster": "cluster_0",
                    "value": 49.103082851637765
                },
                {
                    "cluster": "cluster_1",
                    "value": 47.86754966887417
                },
                {
                    "cluster": "cluster_2",
                    "value": 50.42905982905983
                }
            ]
        },
        {
            "variable": "NumStorePurchases",
            "var": 7.7,
            "values": [
                {
                    "cluster": "cluster_0",
                    "value": 3.277456647398844
                },
                {
                    "cluster": "cluster_1",
                    "value": 7.675496688741722
                },
                {
                    "cluster": "cluster_2",
                    "value": 8.406837606837607
                }
            ]
        },
        {
            "variable": "NumDealsPurchases",
            "var": 1.89,
            "values": [
                {
                    "cluster": "cluster_0",
                    "value": 1.9441233140655105
                },
                {
                    "cluster": "cluster_1",
                    "value": 3.948675496688742
                },
                {
                    "cluster": "cluster_2",
                    "value": 1.3128205128205128
                }
            ]
        },
        {
            "variable": "factor_0",
            "var": 9.01,
            "values": [
                {
                    "cluster": "cluster_0",
                    "value": -2.419934870046542
                },
                {
                    "cluster": "cluster_1",
                    "value": 0.6880429305860437
                },
                {
                    "cluster": "cluster_2",
                    "value": 3.583443529973233
                }
            ]
        },
        {
            "variable": "factor_1",
            "var": 1.58,
            "values": [
                {
                    "cluster": "cluster_0",
                    "value": 0.4069504128210976
                },
                {
                    "cluster": "cluster_1",
                    "value": -1.516706133441175
                },
                {
                    "cluster": "cluster_2",
                    "value": 0.8438905574190951
                }
            ]
        },
        {
            "variable": "factor_2",
            "var": 0.0,
            "values": [
                {
                    "cluster": "cluster_0",
                    "value": 0.020480983191063916
                },
                {
                    "cluster": "cluster_1",
                    "value": -0.012998324949895048
                },
                {
                    "cluster": "cluster_2",
                    "value": -0.022920123559978915
                }
            ]
        },
        {
            "variable": "factor_3",
            "var": 0.08,
            "values": [
                {
                    "cluster": "cluster_0",
                    "value": 0.11225022816040782
                },
                {
                    "cluster": "cluster_1",
                    "value": -0.3538247307140839
                },
                {
                    "cluster": "cluster_2",
                    "value": 0.16614427439453572
                }
            ]
        },
        {
            "variable": "factor_4",
            "var": 0.02,
            "values": [
                {
                    "cluster": "cluster_0",
                    "value": 0.05097804333652966
                },
                {
                    "cluster": "cluster_1",
                    "value": -0.16650981945022333
                },
                {
                    "cluster": "cluster_2",
                    "value": 0.0814644819907986
                }
            ]
        },
        {
            "variable": "factor_5",
            "var": 0.0,
            "values": [
                {
                    "cluster": "cluster_0",
                    "value": -0.050314176195320894
                },
                {
                    "cluster": "cluster_1",
                    "value": 0.0886922211173352
                },
                {
                    "cluster": "cluster_2",
                    "value": -0.0022974131010723865
                }
            ]
        },
        {
            "variable": "factor_6",
            "var": 0.02,
            "values": [
                {
                    "cluster": "cluster_0",
                    "value": -0.04465162728270803
                },
                {
                    "cluster": "cluster_1",
                    "value": 0.15863581148073191
                },
                {
                    "cluster": "cluster_2",
                    "value": -0.0845600701109598
                }
            ]
        },
        {
            "variable": "cluster_size",
            "var": 65654.33,
            "values": [
                {
                    "cluster": "cluster_0",
                    "value": 1038
                },
                {
                    "cluster": "cluster_1",
                    "value": 604
                },
                {
                    "cluster": "cluster_2",
                    "value": 585
                }
            ]
        }
    ],
    "summary": {
        "clusters": []
    }
}