{
  "description": "KMeans (k\u003d3)\nPCA enabled\n\nTrained in 5 seconds on 2227 records\n",
  "name": "KMeans (k\u003d3)",
  "starred": false,
  "clusterMetas": {},
  "customMeta": {
    "kv": {}
  },
  "tags": [],
  "activeClassifierThreshold": 0.0,
  "labels": [
    {
      "key": "trainDataset:dataset-name",
      "value": "Preprocessed_data"
    },
    {
      "key": "testDataset:dataset-name",
      "value": "Preprocessed_data"
    },
    {
      "key": "model:date",
      "value": "2023-02-28 04:48:29"
    },
    {
      "key": "model:algorithm",
      "value": "KMEANS"
    }
  ]
}