{"global": {"size": 2227, "facts": [{"type": "numerical", "feature_label": "Expenses", "cluster_label": "cluster_1", "mean": 1415.6094570928196, "std": 394.54732646754445, "diff": 1.3468972512917494, "global_mean": 606.0799281544679, "global_std": 601.032876236081}, {"type": "numerical", "feature_label": "MntMeatProducts", "cluster_label": "cluster_1", "mean": 457.8476357267951, "std": 233.50566221884228, "diff": 1.3329218373712042, "global_mean": 165.4315222272115, "global_std": 219.3797905481752}, {"type": "numerical", "feature_label": "NumCatalogPurchases", "cluster_label": "cluster_1", "mean": 6.005253940455342, "std": 2.500169902359491, "diff": 1.2038332053711447, "global_mean": 2.6389762011674898, "global_std": 2.7962991253842517}, {"type": "numerical", "feature_label": "MntFishProducts", "cluster_label": "cluster_1", "mean": 101.6217162872154, "std": 65.89524236370929, "diff": 1.1687352280593248, "global_mean": 37.6757970363718, "global_std": 54.71377752258334}, {"type": "numerical", "feature_label": "MntFruits", "cluster_label": "cluster_1", "mean": 69.37127845884413, "std": 51.084918792260005, "diff": 1.0810885745607506, "global_mean": 26.371351594072742, "global_std": 39.774656653126115}, {"type": "numerical", "feature_label": "MntSweetProducts", "cluster_label": "cluster_1", "mean": 70.71978984238179, "std": 51.928310339280245, "diff": 1.0528277207889707, "global_mean": 27.185900314324204, "global_std": 41.34949020475453}, {"type": "numerical", "feature_label": "NumWebVisitsMonth", "cluster_label": "cluster_1", "mean": 2.912434325744308, "std": 1.8255600997219632, "diff": -1.0049807055638755, "global_mean": 5.326448136506511, "global_std": 2.4020499074235917}, {"type": "numerical", "feature_label": "MntWines", "cluster_label": "cluster_1", "mean": 636.9947460595447, "std": 324.83902351844637, "diff": 0.9849773455233791, "global_mean": 305.2635832959138, "global_std": 336.79065236506705}, {"type": "numerical", "feature_label": "Num Total Purchase", "cluster_label": "cluster_0", "mean": 7.938755980861244, "std": 3.0800433492581734, "diff": -0.9121234378697644, "global_mean": 14.882352941176471, "global_std": 7.612562808967808}, {"type": "numerical", "feature_label": "Amount Per Purchase", "cluster_label": "cluster_1", "mean": 73.27320490367777, "std": 71.49225672750354, "diff": 0.8876856566610283, "global_mean": 33.2968118545128, "global_std": 45.034402380155115}]}, "clusters": [{"cluster": "cluster_0", "size": 1045, "facts": [{"type": "numerical", "feature_label": "Num Total Purchase", "cluster_label": "cluster_0", "mean": 7.938755980861244, "std": 3.0800433492581734, "diff": -0.9121234378697644, "global_mean": 14.882352941176471, "global_std": 7.612562808967808}, {"type": "numerical", "feature_label": "Expenses", "cluster_label": "cluster_0", "mean": 99.76076555023923, "std": 89.49714882007663, "diff": -0.8424150868002609, "global_mean": 606.0799281544679, "global_std": 601.032876236081}, {"type": "numerical", "feature_label": "NumStorePurchases", "cluster_label": "cluster_0", "mean": 3.277511961722488, "std": 1.1293377552450456, "diff": -0.7842692549805131, "global_mean": 5.817691962281096, "global_std": 3.2389131467632555}]}, {"cluster": "cluster_1", "size": 571, "facts": [{"type": "numerical", "feature_label": "Expenses", "cluster_label": "cluster_1", "mean": 1415.6094570928196, "std": 394.54732646754445, "diff": 1.3468972512917494, "global_mean": 606.0799281544679, "global_std": 601.032876236081}, {"type": "numerical", "feature_label": "MntMeatProducts", "cluster_label": "cluster_1", "mean": 457.8476357267951, "std": 233.50566221884228, "diff": 1.3329218373712042, "global_mean": 165.4315222272115, "global_std": 219.3797905481752}, {"type": "numerical", "feature_label": "NumCatalogPurchases", "cluster_label": "cluster_1", "mean": 6.005253940455342, "std": 2.500169902359491, "diff": 1.2038332053711447, "global_mean": 2.6389762011674898, "global_std": 2.7962991253842517}]}, {"cluster": "cluster_2", "size": 611, "facts": [{"type": "numerical", "feature_label": "NumWebPurchases", "cluster_label": "cluster_2", "mean": 6.468085106382978, "std": 2.690641845412731, "diff": 0.8523330678338267, "global_mean": 4.103726986977997, "global_std": 2.7739837965150302}, {"type": "numerical", "feature_label": "Num Total Purchase", "cluster_label": "cluster_2", "mean": 21.142389525368248, "std": 4.502933854411098, "diff": 0.8223297122510809, "global_mean": 14.882352941176471, "global_std": 7.612562808967808}, {"type": "numerical", "feature_label": "NumDealsPurchases", "cluster_label": "cluster_2", "mean": 3.8314238952536823, "std": 2.3669987433806887, "diff": 0.7966250558014338, "global_mean": 2.3219577907498876, "global_std": 1.8948262969022696}]}]}