{
    "metrics": {
        "inertia": 21780.84951385705,
        "silhouette": 0.2722148934624809,
        "nbClusters": 3
    },
    "processed_feature_names": [
        "factor_0",
        "factor_1",
        "factor_2",
        "factor_3",
        "factor_4",
        "factor_5",
        "factor_6",
        "factor_7",
        "factor_8",
        "factor_9",
        "factor_10",
        "factor_11",
        "factor_12",
        "factor_13",
        "factor_14"
    ],
    "variables_importance": {
        "variables": [
            "MntWines",
            "Expenses",
            "NumWebPurchases",
            "Engaged in Days",
            "MntFruits",
            "NumCatalogPurchases",
            "Total Accepted Cmp",
            "Num Total Purchase",
            "Amount Per Purchase",
            "MntMeatProducts",
            "NumWebVisitsMonth",
            "MntFishProducts",
            "MntSweetProducts",
            "MntGoldProds",
            "Recency",
            "NumStorePurchases",
            "NumDealsPurchases"
        ],
        "importances": [
            0.07972635411423824,
            0.21418646342299155,
            0.019161241108162155,
            0.007763965305927371,
            0.027687832732254,
            0.05712383936275908,
            0.0029907005850812914,
            0.15874323615285962,
            0.13867945491791683,
            0.09427740772386585,
            0.029019185374582666,
            0.03949344117445582,
            0.021046977710905447,
            0.011462803764592975,
            0.006081085992283758,
            0.03396679669018838,
            0.05858921386693489
        ]
    },
    "reduce_vars": [
        "factor_0",
        "factor_1",
        "factor_2",
        "factor_3",
        "factor_4",
        "factor_5",
        "factor_6",
        "factor_7",
        "factor_8",
        "factor_9",
        "factor_10",
        "factor_11",
        "factor_12",
        "factor_13",
        "factor_14"
    ],
    "train_nb_records": 2227,
    "train_nb_features": 15,
    "train_nb_outliers": 0,
    "cluster_description": [
        {
            "variable": "MntWines",
            "var": 91392.16,
            "values": [
                {
                    "cluster": "cluster_0",
                    "value": 43.90813397129187
                },
                {
                    "cluster": "cluster_1",
                    "value": 636.9947460595447
                },
                {
                    "cluster": "cluster_2",
                    "value": 442.2487725040917
                }
            ]
        },
        {
            "variable": "Expenses",
            "var": 433457.34,
            "values": [
                {
                    "cluster": "cluster_0",
                    "value": 99.76076555023923
                },
                {
                    "cluster": "cluster_1",
                    "value": 1415.6094570928196
                },
                {
                    "cluster": "cluster_2",
                    "value": 715.5106382978723
                }
            ]
        },
        {
            "variable": "NumWebPurchases",
            "var": 5.04,
            "values": [
                {
                    "cluster": "cluster_0",
                    "value": 2.109090909090909
                },
                {
                    "cluster": "cluster_1",
                    "value": 5.224168126094571
                },
                {
                    "cluster": "cluster_2",
                    "value": 6.468085106382978
                }
            ]
        },
        {
            "variable": "Engaged in Days",
            "var": 2339.75,
            "values": [
                {
                    "cluster": "cluster_0",
                    "value": 316.08325358851675
                },
                {
                    "cluster": "cluster_1",
                    "value": 363.9334500875657
                },
                {
                    "cluster": "cluster_2",
                    "value": 412.823240589198
                }
            ]
        },
        {
            "variable": "MntFruits",
            "var": 1104.46,
            "values": [
                {
                    "cluster": "cluster_0",
                    "value": 5.0966507177033495
                },
                {
                    "cluster": "cluster_1",
                    "value": 69.37127845884413
                },
                {
                    "cluster": "cluster_2",
                    "value": 22.572831423895252
                }
            ]
        },
        {
            "variable": "NumCatalogPurchases",
            "var": 7.41,
            "values": [
                {
                    "cluster": "cluster_0",
                    "value": 0.5674641148325359
                },
                {
                    "cluster": "cluster_1",
                    "value": 6.005253940455342
                },
                {
                    "cluster": "cluster_2",
                    "value": 3.0360065466448445
                }
            ]
        },
        {
            "variable": "Total Accepted Cmp",
            "var": 0.11,
            "values": [
                {
                    "cluster": "cluster_0",
                    "value": 0.0861244019138756
                },
                {
                    "cluster": "cluster_1",
                    "value": 0.7302977232924693
                },
                {
                    "cluster": "cluster_2",
                    "value": 0.25859247135842883
                }
            ]
        },
        {
            "variable": "Num Total Purchase",
            "var": 57.03,
            "values": [
                {
                    "cluster": "cluster_0",
                    "value": 7.938755980861244
                },
                {
                    "cluster": "cluster_1",
                    "value": 20.891418563922944
                },
                {
                    "cluster": "cluster_2",
                    "value": 21.142389525368248
                }
            ]
        },
        {
            "variable": "Amount Per Purchase",
            "var": 985.76,
            "values": [
                {
                    "cluster": "cluster_0",
                    "value": 11.288995215311004
                },
                {
                    "cluster": "cluster_1",
                    "value": 73.27320490367777
                },
                {
                    "cluster": "cluster_2",
                    "value": 33.57774140752864
                }
            ]
        },
        {
            "variable": "MntMeatProducts",
            "var": 50919.6,
            "values": [
                {
                    "cluster": "cluster_0",
                    "value": 23.078468899521532
                },
                {
                    "cluster": "cluster_1",
                    "value": 457.8476357267951
                },
                {
                    "cluster": "cluster_2",
                    "value": 135.62684124386251
                }
            ]
        },
        {
            "variable": "NumWebVisitsMonth",
            "var": 3.43,
            "values": [
                {
                    "cluster": "cluster_0",
                    "value": 6.360765550239234
                },
                {
                    "cluster": "cluster_1",
                    "value": 2.912434325744308
                },
                {
                    "cluster": "cluster_2",
                    "value": 5.81342062193126
                }
            ]
        },
        {
            "variable": "MntFishProducts",
            "var": 2425.45,
            "values": [
                {
                    "cluster": "cluster_0",
                    "value": 7.327272727272727
                },
                {
                    "cluster": "cluster_1",
                    "value": 101.6217162872154
                },
                {
                    "cluster": "cluster_2",
                    "value": 29.821603927986907
                }
            ]
        },
        {
            "variable": "MntSweetProducts",
            "var": 1137.27,
            "values": [
                {
                    "cluster": "cluster_0",
                    "value": 5.1942583732057415
                },
                {
                    "cluster": "cluster_1",
                    "value": 70.71978984238179
                },
                {
                    "cluster": "cluster_2",
                    "value": 24.114566284779052
                }
            ]
        },
        {
            "variable": "MntGoldProds",
            "var": 1086.28,
            "values": [
                {
                    "cluster": "cluster_0",
                    "value": 15.15598086124402
                },
                {
                    "cluster": "cluster_1",
                    "value": 79.05429071803853
                },
                {
                    "cluster": "cluster_2",
                    "value": 61.12602291325695
                }
            ]
        },
        {
            "variable": "Recency",
            "var": 1.44,
            "values": [
                {
                    "cluster": "cluster_0",
                    "value": 49.01913875598086
                },
                {
                    "cluster": "cluster_1",
                    "value": 50.43432574430823
                },
                {
                    "cluster": "cluster_2",
                    "value": 48.05073649754501
                }
            ]
        },
        {
            "variable": "NumStorePurchases",
            "var": 7.73,
            "values": [
                {
                    "cluster": "cluster_0",
                    "value": 3.277511961722488
                },
                {
                    "cluster": "cluster_1",
                    "value": 8.33800350262697
                },
                {
                    "cluster": "cluster_2",
                    "value": 7.8068739770867435
                }
            ]
        },
        {
            "variable": "NumDealsPurchases",
            "var": 1.69,
            "values": [
                {
                    "cluster": "cluster_0",
                    "value": 1.984688995215311
                },
                {
                    "cluster": "cluster_1",
                    "value": 1.3239929947460596
                },
                {
                    "cluster": "cluster_2",
                    "value": 3.8314238952536823
                }
            ]
        },
        {
            "variable": "factor_0",
            "var": 9.15,
            "values": [
                {
                    "cluster": "cluster_0",
                    "value": -2.4194228453219533
                },
                {
                    "cluster": "cluster_1",
                    "value": 3.629348016579829
                },
                {
                    "cluster": "cluster_2",
                    "value": 0.7462179310873333
                }
            ]
        },
        {
            "variable": "factor_1",
            "var": 1.47,
            "values": [
                {
                    "cluster": "cluster_0",
                    "value": 0.381829202056655
                },
                {
                    "cluster": "cluster_1",
                    "value": 0.8493059872150217
                },
                {
                    "cluster": "cluster_2",
                    "value": -1.4467516118641277
                }
            ]
        },
        {
            "variable": "factor_2",
            "var": 0.0,
            "values": [
                {
                    "cluster": "cluster_0",
                    "value": 0.020236070832619465
                },
                {
                    "cluster": "cluster_1",
                    "value": -0.012490678670133924
                },
                {
                    "cluster": "cluster_2",
                    "value": -0.022937015547366327
                }
            ]
        },
        {
            "variable": "factor_3",
            "var": 0.1,
            "values": [
                {
                    "cluster": "cluster_0",
                    "value": 0.11394211190356737
                },
                {
                    "cluster": "cluster_1",
                    "value": 0.1955131474895438
                },
                {
                    "cluster": "cluster_2",
                    "value": -0.37759003953479137
                }
            ]
        },
        {
            "variable": "factor_4",
            "var": 0.02,
            "values": [
                {
                    "cluster": "cluster_0",
                    "value": 0.05538634852150362
                },
                {
                    "cluster": "cluster_1",
                    "value": 0.09860238601835616
                },
                {
                    "cluster": "cluster_2",
                    "value": -0.18687511722005345
                }
            ]
        },
        {
            "variable": "factor_5",
            "var": 0.01,
            "values": [
                {
                    "cluster": "cluster_0",
                    "value": -0.048350977460264996
                },
                {
                    "cluster": "cluster_1",
                    "value": -0.010002454279801828
                },
                {
                    "cluster": "cluster_2",
                    "value": 0.0920428360715937
                }
            ]
        },
        {
            "variable": "factor_6",
            "var": 0.02,
            "values": [
                {
                    "cluster": "cluster_0",
                    "value": -0.04246552252573372
                },
                {
                    "cluster": "cluster_1",
                    "value": -0.08595651448803591
                },
                {
                    "cluster": "cluster_2",
                    "value": 0.15295849560075273
                }
            ]
        },
        {
            "variable": "factor_7",
            "var": 0.01,
            "values": [
                {
                    "cluster": "cluster_0",
                    "value": 0.03451711784591047
                },
                {
                    "cluster": "cluster_1",
                    "value": 0.07237016014688302
                },
                {
                    "cluster": "cluster_2",
                    "value": -0.12666734794246587
                }
            ]
        },
        {
            "variable": "factor_8",
            "var": 0.01,
            "values": [
                {
                    "cluster": "cluster_0",
                    "value": -0.03072758917342902
                },
                {
                    "cluster": "cluster_1",
                    "value": -0.091963755456393
                },
                {
                    "cluster": "cluster_2",
                    "value": 0.1384969477116756
                }
            ]
        },
        {
            "variable": "factor_9",
            "var": 0.0,
            "values": [
                {
                    "cluster": "cluster_0",
                    "value": 0.0011111628755404205
                },
                {
                    "cluster": "cluster_1",
                    "value": 0.005625573172967874
                },
                {
                    "cluster": "cluster_2",
                    "value": -0.00715772092750323
                }
            ]
        },
        {
            "variable": "factor_10",
            "var": 0.01,
            "values": [
                {
                    "cluster": "cluster_0",
                    "value": -0.007535677039972341
                },
                {
                    "cluster": "cluster_1",
                    "value": -0.10674881528362644
                },
                {
                    "cluster": "cluster_2",
                    "value": 0.11264870054618935
                }
            ]
        },
        {
            "variable": "factor_11",
            "var": 0.0,
            "values": [
                {
                    "cluster": "cluster_0",
                    "value": 0.011831830420224473
                },
                {
                    "cluster": "cluster_1",
                    "value": 0.043041814382529776
                },
                {
                    "cluster": "cluster_2",
                    "value": -0.06046012897145529
                }
            ]
        },
        {
            "variable": "factor_12",
            "var": 0.0,
            "values": [
                {
                    "cluster": "cluster_0",
                    "value": -0.026188348582582326
                },
                {
                    "cluster": "cluster_1",
                    "value": -0.04093252062895056
                },
                {
                    "cluster": "cluster_2",
                    "value": 0.08304303362999893
                }
            ]
        },
        {
            "variable": "factor_13",
            "var": 0.0,
            "values": [
                {
                    "cluster": "cluster_0",
                    "value": -0.014900693641167253
                },
                {
                    "cluster": "cluster_1",
                    "value": -0.020359223659022548
                },
                {
                    "cluster": "cluster_2",
                    "value": 0.04451119732294871
                }
            ]
        },
        {
            "variable": "factor_14",
            "var": 0.0,
            "values": [
                {
                    "cluster": "cluster_0",
                    "value": -0.00039772736797653115
                },
                {
                    "cluster": "cluster_1",
                    "value": -0.03009508567015932
                },
                {
                    "cluster": "cluster_2",
                    "value": 0.028805104774462225
                }
            ]
        },
        {
            "variable": "cluster_size",
            "var": 69105.33,
            "values": [
                {
                    "cluster": "cluster_0",
                    "value": 1045
                },
                {
                    "cluster": "cluster_2",
                    "value": 611
                },
                {
                    "cluster": "cluster_1",
                    "value": 571
                }
            ]
        }
    ],
    "summary": {
        "clusters": []
    }
}