{
    "modelId": "m1",
    "state": "DONE",
    "startTime": 1677555272956,
    "endTime": 1677555280034,
    "preprocessingTime": 480,
    "trainingTime": 6598,
    "progress": {
        "stack": [],
        "top_level_todo": [],
        "top_level_done": [
            {
                "name": "Loading source dataset",
                "time": 45
            },
            {
                "name": "Collecting statistics",
                "time": 66
            },
            {
                "name": "Preprocessing data",
                "time": 353
            },
            {
                "name": "Fitting model",
                "time": 3725
            },
            {
                "name": "Saving model",
                "time": 11
            },
            {
                "name": "Scoring model",
                "time": 2861
            }
        ]
    }
}