{"global": {"size": 2227, "facts": [{"type": "numerical", "feature_label": "Total Accepted Cmp", "cluster_label": "cluster_4", "mean": 2.016949152542373, "std": 0.9382925514851813, "diff": 2.53545611194394, "global_mean": 0.2986079928154468, "global_std": 0.677724671167536}, {"type": "numerical", "feature_label": "MntWines", "cluster_label": "cluster_4", "mean": 947.4915254237288, "std": 304.23492191374817, "diff": 1.9069054845134676, "global_mean": 305.2635832959138, "global_std": 336.79065236506705}, {"type": "numerical", "feature_label": "Expenses", "cluster_label": "cluster_4", "mean": 1692.2203389830509, "std": 372.5725402734259, "diff": 1.8071231271581145, "global_mean": 606.0799281544679, "global_std": 601.032876236081}, {"type": "numerical", "feature_label": "NumDealsPurchases", "cluster_label": "cluster_2", "mean": 5.319875776397516, "std": 2.496135826736458, "diff": 1.582159795095061, "global_mean": 2.3219577907498876, "global_std": 1.8948262969022696}, {"type": "numerical", "feature_label": "MntFishProducts", "cluster_label": "cluster_1", "mean": 119.36936936936937, "std": 64.89285811891837, "diff": 1.49310787944185, "global_mean": 37.6757970363718, "global_std": 54.71377752258334}, {"type": "numerical", "feature_label": "MntMeatProducts", "cluster_label": "cluster_4", "mean": 486.4124293785311, "std": 269.22174128587096, "diff": 1.4631288795985655, "global_mean": 165.4315222272115, "global_std": 219.3797905481752}, {"type": "numerical", "feature_label": "MntFruits", "cluster_label": "cluster_1", "mean": 84.31231231231232, "std": 51.57505700022895, "diff": 1.4567306318579036, "global_mean": 26.371351594072742, "global_std": 39.774656653126115}, {"type": "numerical", "feature_label": "MntMeatProducts", "cluster_label": "cluster_1", "mean": 463.14414414414415, "std": 220.70705848682516, "diff": 1.3570649382653859, "global_mean": 165.4315222272115, "global_std": 219.3797905481752}, {"type": "numerical", "feature_label": "MntSweetProducts", "cluster_label": "cluster_1", "mean": 82.65765765765765, "std": 53.36335361420548, "diff": 1.3415342503292842, "global_mean": 27.185900314324204, "global_std": 41.34949020475453}, {"type": "numerical", "feature_label": "Amount Per Purchase", "cluster_label": "cluster_4", "mean": 91.80225988700565, "std": 122.72206400995663, "diff": 1.2991278875785393, "global_mean": 33.2968118545128, "global_std": 45.034402380155115}]}, "clusters": [{"cluster": "cluster_0", "size": 992, "facts": [{"type": "numerical", "feature_label": "Num Total Purchase", "cluster_label": "cluster_0", "mean": 7.595766129032258, "std": 2.7526525538985567, "diff": -0.9571792042964051, "global_mean": 14.882352941176471, "global_std": 7.612562808967808}, {"type": "numerical", "feature_label": "Expenses", "cluster_label": "cluster_0", "mean": 90.66834677419355, "std": 79.01017246063348, "diff": -0.8575430758596717, "global_mean": 606.0799281544679, "global_std": 601.032876236081}, {"type": "numerical", "feature_label": "NumStorePurchases", "cluster_label": "cluster_0", "mean": 3.21875, "std": 1.0514183635340355, "diff": -0.8024117487924298, "global_mean": 5.817691962281096, "global_std": 3.2389131467632555}]}, {"cluster": "cluster_1", "size": 333, "facts": [{"type": "numerical", "feature_label": "MntFishProducts", "cluster_label": "cluster_1", "mean": 119.36936936936937, "std": 64.89285811891837, "diff": 1.49310787944185, "global_mean": 37.6757970363718, "global_std": 54.71377752258334}, {"type": "numerical", "feature_label": "MntFruits", "cluster_label": "cluster_1", "mean": 84.31231231231232, "std": 51.57505700022895, "diff": 1.4567306318579036, "global_mean": 26.371351594072742, "global_std": 39.774656653126115}, {"type": "numerical", "feature_label": "MntMeatProducts", "cluster_label": "cluster_1", "mean": 463.14414414414415, "std": 220.70705848682516, "diff": 1.3570649382653859, "global_mean": 165.4315222272115, "global_std": 219.3797905481752}]}, {"cluster": "cluster_2", "size": 322, "facts": [{"type": "numerical", "feature_label": "NumDealsPurchases", "cluster_label": "cluster_2", "mean": 5.319875776397516, "std": 2.496135826736458, "diff": 1.582159795095061, "global_mean": 2.3219577907498876, "global_std": 1.8948262969022696}, {"type": "numerical", "feature_label": "NumWebVisitsMonth", "cluster_label": "cluster_2", "mean": 7.217391304347826, "std": 1.7408260730174518, "diff": 0.7872205993711083, "global_mean": 5.326448136506511, "global_std": 2.4020499074235917}, {"type": "numerical", "feature_label": "NumWebPurchases", "cluster_label": "cluster_2", "mean": 6.12111801242236, "std": 2.2103384930689813, "diff": 0.727254076962822, "global_mean": 4.103726986977997, "global_std": 2.7739837965150302}]}, {"cluster": "cluster_3", "size": 403, "facts": [{"type": "numerical", "feature_label": "NumStorePurchases", "cluster_label": "cluster_3", "mean": 8.952853598014888, "std": 2.728194516398924, "diff": 0.9679671833333522, "global_mean": 5.817691962281096, "global_std": 3.2389131467632555}, {"type": "numerical", "feature_label": "Num Total Purchase", "cluster_label": "cluster_3", "mean": 21.46153846153846, "std": 4.492158409883515, "diff": 0.8642536929365664, "global_mean": 14.882352941176471, "global_std": 7.612562808967808}, {"type": "numerical", "feature_label": "NumWebPurchases", "cluster_label": "cluster_3", "mean": 6.235732009925559, "std": 2.9702527904953566, "diff": 0.7685715488410604, "global_mean": 4.103726986977997, "global_std": 2.7739837965150302}]}, {"cluster": "cluster_4", "size": 177, "facts": [{"type": "numerical", "feature_label": "Total Accepted Cmp", "cluster_label": "cluster_4", "mean": 2.016949152542373, "std": 0.9382925514851813, "diff": 2.53545611194394, "global_mean": 0.2986079928154468, "global_std": 0.677724671167536}, {"type": "numerical", "feature_label": "MntWines", "cluster_label": "cluster_4", "mean": 947.4915254237288, "std": 304.23492191374817, "diff": 1.9069054845134676, "global_mean": 305.2635832959138, "global_std": 336.79065236506705}, {"type": "numerical", "feature_label": "Expenses", "cluster_label": "cluster_4", "mean": 1692.2203389830509, "std": 372.5725402734259, "diff": 1.8071231271581145, "global_mean": 606.0799281544679, "global_std": 601.032876236081}]}]}