{
    "metrics": {
        "inertia": 19463.598370113818,
        "silhouette": 0.23857270334358874,
        "nbClusters": 5
    },
    "processed_feature_names": [
        "MntWines",
        "Expenses",
        "NumWebPurchases",
        "Engaged in Days",
        "MntFruits",
        "NumCatalogPurchases",
        "Total Accepted Cmp",
        "Num Total Purchase",
        "Amount Per Purchase",
        "MntMeatProducts",
        "NumWebVisitsMonth",
        "MntFishProducts",
        "MntSweetProducts",
        "MntGoldProds",
        "Recency",
        "NumStorePurchases",
        "NumDealsPurchases"
    ],
    "variables_importance": {
        "variables": [
            "MntWines",
            "Expenses",
            "NumWebPurchases",
            "Engaged in Days",
            "MntFruits",
            "NumCatalogPurchases",
            "Total Accepted Cmp",
            "Num Total Purchase",
            "Amount Per Purchase",
            "MntMeatProducts",
            "NumWebVisitsMonth",
            "MntFishProducts",
            "MntSweetProducts",
            "MntGoldProds",
            "Recency",
            "NumStorePurchases",
            "NumDealsPurchases"
        ],
        "importances": [
            0.10121689366202302,
            0.17671569509011958,
            0.028044455426172555,
            0.019186675433582875,
            0.03689242895309743,
            0.028432478670771005,
            0.0551990464566886,
            0.11403708057577931,
            0.11794604472652455,
            0.09321424030943444,
            0.0462463131334565,
            0.038216570242978955,
            0.031265005196597605,
            0.014866558753719016,
            0.00936584934793382,
            0.03050831332612426,
            0.05864635069499658
        ]
    },
    "reduce_vars": [],
    "train_nb_records": 2227,
    "train_nb_features": 17,
    "train_nb_outliers": 0,
    "cluster_description": [
        {
            "variable": "MntWines",
            "var": 108344.47,
            "values": [
                {
                    "cluster": "cluster_0",
                    "value": 38.930443548387096
                },
                {
                    "cluster": "cluster_1",
                    "value": 505.14714714714717
                },
                {
                    "cluster": "cluster_2",
                    "value": 335.2360248447205
                },
                {
                    "cluster": "cluster_3",
                    "value": 489.66997518610424
                },
                {
                    "cluster": "cluster_4",
                    "value": 947.4915254237288
                }
            ]
        },
        {
            "variable": "Expenses",
            "var": 404478.67,
            "values": [
                {
                    "cluster": "cluster_0",
                    "value": 90.66834677419355
                },
                {
                    "cluster": "cluster_1",
                    "value": 1340.5015015015015
                },
                {
                    "cluster": "cluster_2",
                    "value": 526.9875776397515
                },
                {
                    "cluster": "cluster_3",
                    "value": 854.0868486352357
                },
                {
                    "cluster": "cluster_4",
                    "value": 1692.2203389830509
                }
            ]
        },
        {
            "variable": "NumWebPurchases",
            "var": 3.05,
            "values": [
                {
                    "cluster": "cluster_0",
                    "value": 2.004032258064516
                },
                {
                    "cluster": "cluster_1",
                    "value": 4.993993993993994
                },
                {
                    "cluster": "cluster_2",
                    "value": 6.12111801242236
                },
                {
                    "cluster": "cluster_3",
                    "value": 6.235732009925559
                },
                {
                    "cluster": "cluster_4",
                    "value": 5.672316384180791
                }
            ]
        },
        {
            "variable": "Engaged in Days",
            "var": 3383.2,
            "values": [
                {
                    "cluster": "cluster_0",
                    "value": 311.3215725806452
                },
                {
                    "cluster": "cluster_1",
                    "value": 373.33033033033036
                },
                {
                    "cluster": "cluster_2",
                    "value": 468.2639751552795
                },
                {
                    "cluster": "cluster_3",
                    "value": 347.136476426799
                },
                {
                    "cluster": "cluster_4",
                    "value": 375.82485875706215
                }
            ]
        },
        {
            "variable": "MntFruits",
            "var": 1023.03,
            "values": [
                {
                    "cluster": "cluster_0",
                    "value": 4.779233870967742
                },
                {
                    "cluster": "cluster_1",
                    "value": 84.31231231231232
                },
                {
                    "cluster": "cluster_2",
                    "value": 11.75776397515528
                },
                {
                    "cluster": "cluster_3",
                    "value": 33.044665012406945
                },
                {
                    "cluster": "cluster_4",
                    "value": 49.76836158192091
                }
            ]
        },
        {
            "variable": "NumCatalogPurchases",
            "var": 5.9,
            "values": [
                {
                    "cluster": "cluster_0",
                    "value": 0.5181451612903226
                },
                {
                    "cluster": "cluster_1",
                    "value": 5.945945945945946
                },
                {
                    "cluster": "cluster_2",
                    "value": 2.130434782608696
                },
                {
                    "cluster": "cluster_3",
                    "value": 4.0
                },
                {
                    "cluster": "cluster_4",
                    "value": 6.129943502824859
                }
            ]
        },
        {
            "variable": "Total Accepted Cmp",
            "var": 0.68,
            "values": [
                {
                    "cluster": "cluster_0",
                    "value": 0.08064516129032258
                },
                {
                    "cluster": "cluster_1",
                    "value": 0.1831831831831832
                },
                {
                    "cluster": "cluster_2",
                    "value": 0.2670807453416149
                },
                {
                    "cluster": "cluster_3",
                    "value": 0.20099255583126552
                },
                {
                    "cluster": "cluster_4",
                    "value": 2.016949152542373
                }
            ]
        },
        {
            "variable": "Num Total Purchase",
            "var": 35.18,
            "values": [
                {
                    "cluster": "cluster_0",
                    "value": 7.595766129032258
                },
                {
                    "cluster": "cluster_1",
                    "value": 20.69069069069069
                },
                {
                    "cluster": "cluster_2",
                    "value": 19.562111801242235
                },
                {
                    "cluster": "cluster_3",
                    "value": 21.46153846153846
                },
                {
                    "cluster": "cluster_4",
                    "value": 21.29943502824859
                }
            ]
        },
        {
            "variable": "Amount Per Purchase",
            "var": 1052.52,
            "values": [
                {
                    "cluster": "cluster_0",
                    "value": 10.866935483870968
                },
                {
                    "cluster": "cluster_1",
                    "value": 67.47447447447448
                },
                {
                    "cluster": "cluster_2",
                    "value": 26.19254658385093
                },
                {
                    "cluster": "cluster_3",
                    "value": 40.24813895781638
                },
                {
                    "cluster": "cluster_4",
                    "value": 91.80225988700565
                }
            ]
        },
        {
            "variable": "MntMeatProducts",
            "var": 45352.56,
            "values": [
                {
                    "cluster": "cluster_0",
                    "value": 20.69657258064516
                },
                {
                    "cluster": "cluster_1",
                    "value": 463.14414414414415
                },
                {
                    "cluster": "cluster_2",
                    "value": 94.95031055900621
                },
                {
                    "cluster": "cluster_3",
                    "value": 191.0397022332506
                },
                {
                    "cluster": "cluster_4",
                    "value": 486.4124293785311
                }
            ]
        },
        {
            "variable": "NumWebVisitsMonth",
            "var": 3.58,
            "values": [
                {
                    "cluster": "cluster_0",
                    "value": 6.309475806451613
                },
                {
                    "cluster": "cluster_1",
                    "value": 2.7687687687687688
                },
                {
                    "cluster": "cluster_2",
                    "value": 7.217391304347826
                },
                {
                    "cluster": "cluster_3",
                    "value": 4.3424317617866
                },
                {
                    "cluster": "cluster_4",
                    "value": 3.4293785310734464
                }
            ]
        },
        {
            "variable": "MntFishProducts",
            "var": 2096.44,
            "values": [
                {
                    "cluster": "cluster_0",
                    "value": 6.856854838709677
                },
                {
                    "cluster": "cluster_1",
                    "value": 119.36936936936937
                },
                {
                    "cluster": "cluster_2",
                    "value": 18.720496894409937
                },
                {
                    "cluster": "cluster_3",
                    "value": 43.76674937965261
                },
                {
                    "cluster": "cluster_4",
                    "value": 77.32203389830508
                }
            ]
        },
        {
            "variable": "MntSweetProducts",
            "var": 1035.25,
            "values": [
                {
                    "cluster": "cluster_0",
                    "value": 4.967741935483871
                },
                {
                    "cluster": "cluster_1",
                    "value": 82.65765765765765
                },
                {
                    "cluster": "cluster_2",
                    "value": 13.636645962732919
                },
                {
                    "cluster": "cluster_3",
                    "value": 32.92307692307692
                },
                {
                    "cluster": "cluster_4",
                    "value": 58.932203389830505
                }
            ]
        },
        {
            "variable": "MntGoldProds",
            "var": 734.66,
            "values": [
                {
                    "cluster": "cluster_0",
                    "value": 14.4375
                },
                {
                    "cluster": "cluster_1",
                    "value": 85.87087087087087
                },
                {
                    "cluster": "cluster_2",
                    "value": 52.68633540372671
                },
                {
                    "cluster": "cluster_3",
                    "value": 63.64267990074442
                },
                {
                    "cluster": "cluster_4",
                    "value": 72.29378531073446
                }
            ]
        },
        {
            "variable": "Recency",
            "var": 1.76,
            "values": [
                {
                    "cluster": "cluster_0",
                    "value": 49.32056451612903
                },
                {
                    "cluster": "cluster_1",
                    "value": 50.53753753753754
                },
                {
                    "cluster": "cluster_2",
                    "value": 47.63975155279503
                },
                {
                    "cluster": "cluster_3",
                    "value": 48.049627791563275
                },
                {
                    "cluster": "cluster_4",
                    "value": 50.41242937853107
                }
            ]
        },
        {
            "variable": "NumStorePurchases",
            "var": 5.63,
            "values": [
                {
                    "cluster": "cluster_0",
                    "value": 3.21875
                },
                {
                    "cluster": "cluster_1",
                    "value": 8.252252252252251
                },
                {
                    "cluster": "cluster_2",
                    "value": 5.990683229813665
                },
                {
                    "cluster": "cluster_3",
                    "value": 8.952853598014888
                },
                {
                    "cluster": "cluster_4",
                    "value": 8.350282485875706
                }
            ]
        },
        {
            "variable": "NumDealsPurchases",
            "var": 2.81,
            "values": [
                {
                    "cluster": "cluster_0",
                    "value": 1.8548387096774193
                },
                {
                    "cluster": "cluster_1",
                    "value": 1.4984984984984986
                },
                {
                    "cluster": "cluster_2",
                    "value": 5.319875776397516
                },
                {
                    "cluster": "cluster_3",
                    "value": 2.272952853598015
                },
                {
                    "cluster": "cluster_4",
                    "value": 1.1468926553672316
                }
            ]
        },
        {
            "variable": "cluster_size",
            "var": 100117.3,
            "values": [
                {
                    "cluster": "cluster_0",
                    "value": 992
                },
                {
                    "cluster": "cluster_3",
                    "value": 403
                },
                {
                    "cluster": "cluster_1",
                    "value": 333
                },
                {
                    "cluster": "cluster_2",
                    "value": 322
                },
                {
                    "cluster": "cluster_4",
                    "value": 177
                }
            ]
        }
    ],
    "summary": {
        "clusters": []
    }
}