{
    "modelId": "m3",
    "state": "DONE",
    "startTime": 1677431724394,
    "endTime": 1677431736521,
    "preprocessingTime": 305,
    "trainingTime": 3155,
    "progress": {
        "stack": [],
        "top_level_todo": [],
        "top_level_done": [
            {
                "name": "Loading source dataset",
                "time": 44
            },
            {
                "name": "Collecting statistics",
                "time": 82
            },
            {
                "name": "Preprocessing data",
                "time": 166
            },
            {
                "name": "Fitting model",
                "time": 801
            },
            {
                "name": "Saving model",
                "time": 5
            },
            {
                "name": "Scoring model",
                "time": 2347
            }
        ]
    }
}