{
    "per_feature": {
        "MntWines": {
            "stats": {
                "min": 0.0,
                "average": 305.2635832959138,
                "median": 177.0,
                "max": 1493.0,
                "p99": 1285.0,
                "std": 336.79065236506705
            },
            "missing_impute_with_value": 305.2635832959138
        },
        "Expenses": {
            "stats": {
                "min": 8.0,
                "average": 606.0799281544679,
                "median": 397.0,
                "max": 2525.0,
                "p99": 2126.0,
                "std": 601.032876236081
            },
            "missing_impute_with_value": 606.0799281544679
        },
        "NumWebPurchases": {
            "stats": {
                "min": 0.0,
                "average": 4.103726986977997,
                "median": 4.0,
                "max": 27.0,
                "p99": 11.0,
                "std": 2.7739837965150302
            },
            "missing_impute_with_value": 4.103726986977997
        },
        "Income": {
            "stats": {}
        },
        "Engaged in Days": {
            "stats": {
                "min": 1.0,
                "average": 354.89357880556804,
                "median": 357.0,
                "max": 700.0,
                "p99": 692.0,
                "std": 202.1973182705518
            },
            "missing_impute_with_value": 354.89357880556804
        },
        "MntFruits": {
            "stats": {
                "min": 0.0,
                "average": 26.371351594072742,
                "median": 8.0,
                "max": 199.0,
                "p99": 172.0,
                "std": 39.774656653126115
            },
            "missing_impute_with_value": 26.371351594072742
        },
        "NumCatalogPurchases": {
            "stats": {
                "min": 0.0,
                "average": 2.6389762011674898,
                "median": 2.0,
                "max": 28.0,
                "p99": 10.0,
                "std": 2.7962991253842517
            },
            "missing_impute_with_value": 2.6389762011674898
        },
        "Total Accepted Cmp": {
            "stats": {
                "min": 0.0,
                "average": 0.2986079928154468,
                "median": 0.0,
                "max": 4.0,
                "p99": 3.0,
                "std": 0.677724671167536
            },
            "missing_impute_with_value": 0.2986079928154468
        },
        "Num Total Purchase": {
            "stats": {
                "min": 1.0,
                "average": 14.882352941176471,
                "median": 15.0,
                "max": 43.0,
                "p99": 31.73999999999978,
                "std": 7.612562808967808
            },
            "missing_impute_with_value": 14.882352941176471
        },
        "Amount Per Purchase": {
            "stats": {
                "min": 1.0,
                "average": 33.2968118545128,
                "median": 23.0,
                "max": 1679.0,
                "p99": 115.0,
                "std": 45.034402380155115
            },
            "missing_impute_with_value": 33.2968118545128
        },
        "MntMeatProducts": {
            "stats": {
                "min": 0.0,
                "average": 165.4315222272115,
                "median": 68.0,
                "max": 1725.0,
                "p99": 898.7399999999998,
                "std": 219.3797905481752
            },
            "missing_impute_with_value": 165.4315222272115
        },
        "NumWebVisitsMonth": {
            "stats": {
                "min": 0.0,
                "average": 5.326448136506511,
                "median": 6.0,
                "max": 20.0,
                "p99": 9.0,
                "std": 2.4020499074235917
            },
            "missing_impute_with_value": 5.326448136506511
        },
        "MntFishProducts": {
            "stats": {
                "min": 0.0,
                "average": 37.6757970363718,
                "median": 12.0,
                "max": 259.0,
                "p99": 226.47999999999956,
                "std": 54.71377752258334
            },
            "missing_impute_with_value": 37.6757970363718
        },
        "MntSweetProducts": {
            "stats": {
                "min": 0.0,
                "average": 27.185900314324204,
                "median": 8.0,
                "max": 263.0,
                "p99": 177.47999999999956,
                "std": 41.34949020475453
            },
            "missing_impute_with_value": 27.185900314324204
        },
        "MntGoldProds": {
            "stats": {
                "min": 0.0,
                "average": 44.15177368657387,
                "median": 25.0,
                "max": 362.0,
                "p99": 227.0,
                "std": 52.0986119210799
            },
            "missing_impute_with_value": 44.15177368657387
        },
        "Recency": {
            "stats": {
                "min": 0.0,
                "average": 49.116299955096544,
                "median": 49.0,
                "max": 99.0,
                "p99": 98.0,
                "std": 28.952534802305625
            },
            "missing_impute_with_value": 49.116299955096544
        },
        "NumStorePurchases": {
            "stats": {
                "min": 0.0,
                "average": 5.817691962281096,
                "median": 5.0,
                "max": 13.0,
                "p99": 13.0,
                "std": 3.2389131467632555
            },
            "missing_impute_with_value": 5.817691962281096
        },
        "NumDealsPurchases": {
            "stats": {
                "min": 0.0,
                "average": 2.3219577907498876,
                "median": 2.0,
                "max": 15.0,
                "p99": 9.0,
                "std": 1.8948262969022696
            },
            "missing_impute_with_value": 2.3219577907498876
        },
        "Age": {
            "stats": {}
        }
    },
    "feature_order": [
        "MntWines",
        "Expenses",
        "NumWebPurchases",
        "Income",
        "Engaged in Days",
        "MntFruits",
        "NumCatalogPurchases",
        "Total Accepted Cmp",
        "Num Total Purchase",
        "Amount Per Purchase",
        "MntMeatProducts",
        "NumWebVisitsMonth",
        "MntFishProducts",
        "MntSweetProducts",
        "MntGoldProds",
        "Recency",
        "NumStorePurchases",
        "NumDealsPurchases",
        "Age"
    ]
}