{
  "cparams": {
    "extractBeforePrepare": true,
    "selection": {
      "useMemTable": false,
      "filter": {
        "distinct": false,
        "enabled": false
      },
      "partitionSelectionMethod": "ALL",
      "latestPartitionsN": 1,
      "ordering": {
        "enabled": false,
        "rules": []
      },
      "samplingMethod": "HEAD_SEQUENTIAL",
      "maxRecords": 100000,
      "targetRatio": 0.02,
      "withinFirstN": -1,
      "maxReadUncompressedBytes": -1
    },
    "instanceIdRefresher": 0
  },
  "generationDate": 1677470156551,
  "policyId": "extractBeforePrepare\u003dtrue,,ds\u003dbaseline_model_data_preparation,sel\u003d(method\u003dhead-s,records\u003d100000)",
  "instanceId": "f82db3c18fe0282d63504f353d54ffcd-0",
  "format": "csv1",
  "schema": {
    "columns": [
      {"name":"Income","type":"bigint"},
      {"name":"Kidhome","type":"bigint"},
      {"name":"Teenhome","type":"bigint"},
      {"name":"Recency","type":"bigint"},
      {"name":"MntWines","type":"bigint"},
      {"name":"MntFruits","type":"bigint"},
      {"name":"MntMeatProducts","type":"bigint"},
      {"name":"MntFishProducts","type":"bigint"},
      {"name":"MntSweetProducts","type":"bigint"},
      {"name":"MntGoldProds","type":"bigint"},
      {"name":"NumDealsPurchases","type":"bigint"},
      {"name":"NumWebPurchases","type":"bigint"},
      {"name":"NumCatalogPurchases","type":"bigint"},
      {"name":"NumStorePurchases","type":"bigint"},
      {"name":"NumWebVisitsMonth","type":"bigint"}
    ],
    "userModified": false
  },
  "fullPath": "full-f82db3c18fe0282d63504f353d54ffcd-0.csv.gz",
  "trainRows": 0,
  "testRows": 0,
  "fullRows": 2232
}