{
  "params": {
    "ttPolicy": "EXPLICIT_FILTERING_SINGLE_DATASET",
    "ssdSplitMode": "RANDOM",
    "splitBeforePrepare": true,
    "ssdSelection": {
      "useMemTable": false,
      "filter": {
        "distinct": false,
        "enabled": false
      },
      "partitionSelectionMethod": "ALL",
      "latestPartitionsN": 1,
      "ordering": {
        "enabled": false,
        "rules": []
      },
      "samplingMethod": "HEAD_SEQUENTIAL",
      "maxRecords": 100000,
      "targetRatio": 0.02,
      "withinFirstN": -1,
      "maxReadUncompressedBytes": -1
    },
    "ssdTrainingRatio": 0.8,
    "ssdStratified": false,
    "ssdSeed": 1337,
    "testOnLargerValues": true,
    "streamAll": false,
    "efsdTrain": {
      "selection": {
        "useMemTable": false,
        "filter": {
          "distinct": false,
          "enabled": false
        },
        "partitionSelectionMethod": "ALL",
        "latestPartitionsN": 1,
        "ordering": {
          "enabled": false,
          "rules": []
        },
        "samplingMethod": "CLASS_REBALANCE_TARGET_RATIO_APPROX",
        "maxRecords": 100000,
        "targetRatio": 0.75,
        "column": "Revenue",
        "withinFirstN": -1,
        "maxReadUncompressedBytes": -1
      }
    },
    "efsdTest": {
      "selection": {
        "useMemTable": false,
        "filter": {
          "distinct": false,
          "enabled": false
        },
        "partitionSelectionMethod": "ALL",
        "latestPartitionsN": 1,
        "ordering": {
          "enabled": false,
          "rules": []
        },
        "samplingMethod": "CLASS_REBALANCE_TARGET_RATIO_APPROX",
        "maxRecords": 100000,
        "targetRatio": 0.25,
        "column": "Revenue",
        "withinFirstN": -1,
        "maxReadUncompressedBytes": -1
      }
    },
    "kfold": false,
    "nFolds": 5,
    "instanceIdRefresher": 0,
    "subSamplingSeed": 1337
  },
  "generationDate": 1683018615873,
  "policyId": "type\u003dEXPLICIT_FILTERING_SINGLE_DATASET,dataset\u003dnull,trainSel\u003dmethod\u003dclass-rebalance-ratio-approx,column\u003dRevenue,ratio\u003d0.75,trainFilter\u003dnull,testSel\u003dmethod\u003dclass-rebalance-ratio-approx,column\u003dRevenue,ratio\u003d0.25,testFilter\u003dnull",
  "instanceId": "6a79efdb5fe173f83fbacd8306e24eb3-0",
  "format": "csv1",
  "schema": {
    "columns": [
      {"name":"Administrative","type":"bigint"},
      {"name":"Administrative_Duration","type":"double"},
      {"name":"Informational","type":"bigint"},
      {"name":"Informational_Duration","type":"double"},
      {"name":"ProductRelated","type":"bigint"},
      {"name":"ProductRelated_Duration","type":"double"},
      {"name":"BounceRates","type":"double"},
      {"name":"ExitRates","type":"double"},
      {"name":"PageValues","type":"double"},
      {"name":"Month","type":"string"},
      {"name":"OperatingSystems","type":"bigint"},
      {"name":"Browser","type":"bigint"},
      {"name":"Region","type":"bigint"},
      {"name":"TrafficType","type":"bigint"},
      {"name":"VisitorType","type":"string"},
      {"name":"Weekend","type":"boolean"},
      {"name":"Revenue","type":"boolean"}
    ],
    "userModified": false
  },
  "trainPath": "train-6a79efdb5fe173f83fbacd8306e24eb3-0.csv.gz",
  "testPath": "test-6a79efdb5fe173f83fbacd8306e24eb3-0.csv.gz",
  "trainRows": 9173,
  "testRows": 3160,
  "fullRows": 0
}