{"global": {"size": 2232, "facts": [{"type": "numerical", "feature_label": "MntMeatProducts", "cluster_label": "cluster_1", "mean": 455.26017699115044, "std": 237.73201714356009, "diff": 1.321507844043957, "global_mean": 165.31944444444446, "global_std": 219.40144650178996}, {"type": "numerical", "feature_label": "NumCatalogPurchases", "cluster_label": "cluster_1", "mean": 5.925663716814159, "std": 2.5428518488128677, "diff": 1.176505989787372, "global_mean": 2.6362007168458783, "global_std": 2.7959594158656005}, {"type": "numerical", "feature_label": "Income", "cluster_label": "cluster_1", "mean": 75602.93097345132, "std": 10666.64621764784, "diff": 1.1634637847234137, "global_mean": 51633.642025089604, "global_std": 20601.663122724403}, {"type": "numerical", "feature_label": "MntFishProducts", "cluster_label": "cluster_1", "mean": 100.57345132743363, "std": 65.51438856862758, "diff": 1.150654759790474, "global_mean": 37.64471326164875, "global_std": 54.68950398053693}, {"type": "numerical", "feature_label": "MntFruits", "cluster_label": "cluster_1", "mean": 69.93097345132743, "std": 50.8674453844228, "diff": 1.0936444457317671, "global_mean": 26.38037634408602, "global_std": 39.82153183075997}, {"type": "numerical", "feature_label": "MntSweetProducts", "cluster_label": "cluster_1", "mean": 72.11504424778761, "std": 52.11375177756008, "diff": 1.0879401909499857, "global_mean": 27.155465949820787, "global_std": 41.32541354015819}, {"type": "numerical", "feature_label": "NumWebVisitsMonth", "cluster_label": "cluster_1", "mean": 2.741592920353982, "std": 1.6791760508889064, "diff": -1.0723201690996418, "global_mean": 5.331541218637993, "global_std": 2.415275188247763}, {"type": "numerical", "feature_label": "Income", "cluster_label": "cluster_2", "mean": 29807.587939698493, "std": 10779.80094702301, "diff": -1.0594316563363353, "global_mean": 51633.642025089604, "global_std": 20601.663122724403}, {"type": "numerical", "feature_label": "Teenhome", "cluster_label": "cluster_0", "mean": 1.0372549019607844, "std": 0.18957172734595631, "diff": 0.973206751432606, "global_mean": 0.507168458781362, "global_std": 0.5446801950347244}, {"type": "numerical", "feature_label": "Teenhome", "cluster_label": "cluster_2", "mean": 0.005025125628140704, "std": 0.07076908075185336, "diff": -0.9219048860794519, "global_mean": 0.507168458781362, "global_std": 0.5446801950347244}]}, "clusters": [{"cluster": "cluster_0", "size": 510, "facts": [{"type": "numerical", "feature_label": "Teenhome", "cluster_label": "cluster_0", "mean": 1.0372549019607844, "std": 0.18957172734595631, "diff": 0.973206751432606, "global_mean": 0.507168458781362, "global_std": 0.5446801950347244}, {"type": "numerical", "feature_label": "MntWines", "cluster_label": "cluster_0", "mean": 70.11764705882354, "std": 70.24289798576815, "diff": -0.6972177952775627, "global_mean": 304.9301075268817, "global_std": 336.7849502099688}, {"type": "numerical", "feature_label": "NumCatalogPurchases", "cluster_label": "cluster_0", "mean": 0.6980392156862745, "std": 0.7797763510101277, "diff": -0.6932008705711377, "global_mean": 2.6362007168458783, "global_std": 2.7959594158656005}]}, {"cluster": "cluster_1", "size": 565, "facts": [{"type": "numerical", "feature_label": "MntMeatProducts", "cluster_label": "cluster_1", "mean": 455.26017699115044, "std": 237.73201714356009, "diff": 1.321507844043957, "global_mean": 165.31944444444446, "global_std": 219.40144650178996}, {"type": "numerical", "feature_label": "NumCatalogPurchases", "cluster_label": "cluster_1", "mean": 5.925663716814159, "std": 2.5428518488128677, "diff": 1.176505989787372, "global_mean": 2.6362007168458783, "global_std": 2.7959594158656005}, {"type": "numerical", "feature_label": "Income", "cluster_label": "cluster_1", "mean": 75602.93097345132, "std": 10666.64621764784, "diff": 1.1634637847234137, "global_mean": 51633.642025089604, "global_std": 20601.663122724403}]}, {"cluster": "cluster_2", "size": 597, "facts": [{"type": "numerical", "feature_label": "Income", "cluster_label": "cluster_2", "mean": 29807.587939698493, "std": 10779.80094702301, "diff": -1.0594316563363353, "global_mean": 51633.642025089604, "global_std": 20601.663122724403}, {"type": "numerical", "feature_label": "Teenhome", "cluster_label": "cluster_2", "mean": 0.005025125628140704, "std": 0.07076908075185336, "diff": -0.9219048860794519, "global_mean": 0.507168458781362, "global_std": 0.5446801950347244}, {"type": "numerical", "feature_label": "NumStorePurchases", "cluster_label": "cluster_2", "mean": 3.1658291457286434, "std": 1.14295545499469, "diff": -0.8150072337614713, "global_mean": 5.808243727598566, "global_std": 3.2421977037853877}]}, {"cluster": "cluster_3", "size": 560, "facts": [{"type": "numerical", "feature_label": "NumWebPurchases", "cluster_label": "cluster_3", "mean": 6.610714285714286, "std": 2.6813927555721038, "diff": 0.9056907219340485, "global_mean": 4.097670250896058, "global_std": 2.774726486599943}, {"type": "numerical", "feature_label": "Teenhome", "cluster_label": "cluster_3", "mean": 0.9160714285714285, "std": 0.4376211452877548, "diff": 0.7507212002889112, "global_mean": 0.507168458781362, "global_std": 0.5446801950347244}, {"type": "numerical", "feature_label": "NumDealsPurchases", "cluster_label": "cluster_3", "mean": 3.7, "std": 2.3789476183850002, "diff": 0.7293907035371129, "global_mean": 2.318100358422939, "global_std": 1.8945945360636849}]}]}