{
    "metrics": {
        "inertia": 17883.02709544035,
        "silhouette": 0.16888809936975643,
        "nbClusters": 4
    },
    "processed_feature_names": [
        "MntWines",
        "NumWebPurchases",
        "Teenhome",
        "MntFruits",
        "NumCatalogPurchases",
        "MntMeatProducts",
        "NumWebVisitsMonth",
        "MntFishProducts",
        "MntSweetProducts",
        "MntGoldProds",
        "Recency",
        "NumStorePurchases",
        "Kidhome",
        "NumDealsPurchases",
        "Income"
    ],
    "variables_importance": {
        "variables": [
            "MntWines",
            "NumWebPurchases",
            "Teenhome",
            "MntFruits",
            "NumCatalogPurchases",
            "MntMeatProducts",
            "NumWebVisitsMonth",
            "MntFishProducts",
            "MntSweetProducts",
            "MntGoldProds",
            "Recency",
            "NumStorePurchases",
            "Kidhome",
            "NumDealsPurchases",
            "Income"
        ],
        "importances": [
            0.10993663820039717,
            0.03692070628976532,
            0.23779629351934622,
            0.039983836579806684,
            0.0628140219734462,
            0.09735567709291025,
            0.03777484216436795,
            0.050937685308807705,
            0.041877702112001855,
            0.02416665578145111,
            0.011225387243915261,
            0.05770213224483391,
            0.01109820038151674,
            0.048161419840015186,
            0.13224880126741834
        ]
    },
    "reduce_vars": [],
    "train_nb_records": 2232,
    "train_nb_features": 15,
    "train_nb_outliers": 0,
    "cluster_description": [
        {
            "variable": "MntWines",
            "var": 85435.13,
            "values": [
                {
                    "cluster": "cluster_0",
                    "value": 70.11764705882354
                },
                {
                    "cluster": "cluster_1",
                    "value": 595.024778761062
                },
                {
                    "cluster": "cluster_2",
                    "value": 34.484087102177554
                },
                {
                    "cluster": "cluster_3",
                    "value": 514.4071428571428
                }
            ]
        },
        {
            "variable": "NumWebPurchases",
            "var": 4.65,
            "values": [
                {
                    "cluster": "cluster_0",
                    "value": 2.3490196078431373
                },
                {
                    "cluster": "cluster_1",
                    "value": 5.150442477876106
                },
                {
                    "cluster": "cluster_2",
                    "value": 2.23785594639866
                },
                {
                    "cluster": "cluster_3",
                    "value": 6.610714285714286
                }
            ]
        },
        {
            "variable": "Teenhome",
            "var": 0.27,
            "values": [
                {
                    "cluster": "cluster_0",
                    "value": 1.0372549019607844
                },
                {
                    "cluster": "cluster_1",
                    "value": 0.15398230088495576
                },
                {
                    "cluster": "cluster_2",
                    "value": 0.005025125628140704
                },
                {
                    "cluster": "cluster_3",
                    "value": 0.9160714285714285
                }
            ]
        },
        {
            "variable": "MntFruits",
            "var": 935.15,
            "values": [
                {
                    "cluster": "cluster_0",
                    "value": 3.6411764705882352
                },
                {
                    "cluster": "cluster_1",
                    "value": 69.93097345132743
                },
                {
                    "cluster": "cluster_2",
                    "value": 6.710217755443886
                },
                {
                    "cluster": "cluster_3",
                    "value": 24.119642857142857
                }
            ]
        },
        {
            "variable": "NumCatalogPurchases",
            "var": 6.48,
            "values": [
                {
                    "cluster": "cluster_0",
                    "value": 0.6980392156862745
                },
                {
                    "cluster": "cluster_1",
                    "value": 5.925663716814159
                },
                {
                    "cluster": "cluster_2",
                    "value": 0.5376884422110553
                },
                {
                    "cluster": "cluster_3",
                    "value": 3.319642857142857
                }
            ]
        },
        {
            "variable": "MntMeatProducts",
            "var": 41059.89,
            "values": [
                {
                    "cluster": "cluster_0",
                    "value": 25.484313725490196
                },
                {
                    "cluster": "cluster_1",
                    "value": 455.26017699115044
                },
                {
                    "cluster": "cluster_2",
                    "value": 26.489112227805695
                },
                {
                    "cluster": "cluster_3",
                    "value": 148.14285714285714
                }
            ]
        },
        {
            "variable": "NumWebVisitsMonth",
            "var": 3.22,
            "values": [
                {
                    "cluster": "cluster_0",
                    "value": 5.984313725490196
                },
                {
                    "cluster": "cluster_1",
                    "value": 2.741592920353982
                },
                {
                    "cluster": "cluster_2",
                    "value": 6.874371859296482
                },
                {
                    "cluster": "cluster_3",
                    "value": 5.705357142857143
                }
            ]
        },
        {
            "variable": "MntFishProducts",
            "var": 1931.15,
            "values": [
                {
                    "cluster": "cluster_0",
                    "value": 5.133333333333334
                },
                {
                    "cluster": "cluster_1",
                    "value": 100.57345132743363
                },
                {
                    "cluster": "cluster_2",
                    "value": 10.144053601340033
                },
                {
                    "cluster": "cluster_3",
                    "value": 33.080357142857146
                }
            ]
        },
        {
            "variable": "MntSweetProducts",
            "var": 996.97,
            "values": [
                {
                    "cluster": "cluster_0",
                    "value": 3.823529411764706
                },
                {
                    "cluster": "cluster_1",
                    "value": 72.11504424778761
                },
                {
                    "cluster": "cluster_2",
                    "value": 6.651591289782244
                },
                {
                    "cluster": "cluster_3",
                    "value": 24.901785714285715
                }
            ]
        },
        {
            "variable": "MntGoldProds",
            "var": 1046.51,
            "values": [
                {
                    "cluster": "cluster_0",
                    "value": 14.192156862745097
                },
                {
                    "cluster": "cluster_1",
                    "value": 76.75929203539823
                },
                {
                    "cluster": "cluster_2",
                    "value": 18.03182579564489
                },
                {
                    "cluster": "cluster_3",
                    "value": 66.44107142857143
                }
            ]
        },
        {
            "variable": "Recency",
            "var": 0.85,
            "values": [
                {
                    "cluster": "cluster_0",
                    "value": 50.049019607843135
                },
                {
                    "cluster": "cluster_1",
                    "value": 49.5504424778761
                },
                {
                    "cluster": "cluster_2",
                    "value": 49.03852596314908
                },
                {
                    "cluster": "cluster_3",
                    "value": 47.89107142857143
                }
            ]
        },
        {
            "variable": "NumStorePurchases",
            "var": 7.9,
            "values": [
                {
                    "cluster": "cluster_0",
                    "value": 3.5764705882352943
                },
                {
                    "cluster": "cluster_1",
                    "value": 8.438938053097345
                },
                {
                    "cluster": "cluster_2",
                    "value": 3.1658291457286434
                },
                {
                    "cluster": "cluster_3",
                    "value": 8.003571428571428
                }
            ]
        },
        {
            "variable": "Kidhome",
            "var": 0.15,
            "values": [
                {
                    "cluster": "cluster_0",
                    "value": 0.7431372549019608
                },
                {
                    "cluster": "cluster_1",
                    "value": 0.033628318584070796
                },
                {
                    "cluster": "cluster_2",
                    "value": 0.8023450586264657
                },
                {
                    "cluster": "cluster_3",
                    "value": 0.20535714285714285
                }
            ]
        },
        {
            "variable": "NumDealsPurchases",
            "var": 1.14,
            "values": [
                {
                    "cluster": "cluster_0",
                    "value": 2.5784313725490198
                },
                {
                    "cluster": "cluster_1",
                    "value": 1.2141592920353983
                },
                {
                    "cluster": "cluster_2",
                    "value": 1.8442211055276383
                },
                {
                    "cluster": "cluster_3",
                    "value": 3.7
                }
            ]
        },
        {
            "variable": "Income",
            "var": 400642547.47,
            "values": [
                {
                    "cluster": "cluster_0",
                    "value": 42104.8431372549
                },
                {
                    "cluster": "cluster_1",
                    "value": 75602.93097345132
                },
                {
                    "cluster": "cluster_2",
                    "value": 29807.587939698493
                },
                {
                    "cluster": "cluster_3",
                    "value": 59396.4875
                }
            ]
        },
        {
            "variable": "cluster_size",
            "var": 1292.67,
            "values": [
                {
                    "cluster": "cluster_2",
                    "value": 597
                },
                {
                    "cluster": "cluster_1",
                    "value": 565
                },
                {
                    "cluster": "cluster_3",
                    "value": 560
                },
                {
                    "cluster": "cluster_0",
                    "value": 510
                }
            ]
        }
    ],
    "summary": {
        "clusters": []
    }
}