{
  "description": "KMeans (k\u003d4)\n\nTrained in 1 seconds on 2232 records\n",
  "name": "KMeans (k\u003d4)",
  "starred": false,
  "clusterMetas": {},
  "customMeta": {
    "kv": {}
  },
  "tags": [],
  "activeClassifierThreshold": 0.0,
  "labels": [
    {
      "key": "trainDataset:dataset-name",
      "value": "baseline_model_data_preparation"
    },
    {
      "key": "testDataset:dataset-name",
      "value": "baseline_model_data_preparation"
    },
    {
      "key": "model:date",
      "value": "2023-02-27 03:55:56"
    },
    {
      "key": "model:algorithm",
      "value": "KMEANS"
    }
  ]
}