{"global": {"size": 2232, "facts": [{"type": "numerical", "feature_label": "NumDealsPurchases", "cluster_label": "cluster_3", "mean": 6.688524590163935, "std": 2.364162260890857, "diff": 2.3067860423693785, "global_mean": 2.318100358422939, "global_std": 1.8945945360636849}, {"type": "numerical", "feature_label": "MntFruits", "cluster_label": "cluster_1", "mean": 107.84710743801652, "std": 49.508427673331596, "diff": 2.045796014080048, "global_mean": 26.38037634408602, "global_std": 39.82153183075997}, {"type": "numerical", "feature_label": "MntSweetProducts", "cluster_label": "cluster_1", "mean": 106.54545454545455, "std": 53.2903267128456, "diff": 1.9210936272539927, "global_mean": 27.155465949820787, "global_std": 41.32541354015819}, {"type": "numerical", "feature_label": "MntFishProducts", "cluster_label": "cluster_1", "mean": 131.4793388429752, "std": 64.29936457725096, "diff": 1.7157702804311523, "global_mean": 37.64471326164875, "global_std": 54.68950398053693}, {"type": "numerical", "feature_label": "MntMeatProducts", "cluster_label": "cluster_5", "mean": 477.27848101265823, "std": 242.49086707508843, "diff": 1.421864083132509, "global_mean": 165.31944444444446, "global_std": 219.40144650178996}, {"type": "numerical", "feature_label": "NumCatalogPurchases", "cluster_label": "cluster_5", "mean": 6.079113924050633, "std": 2.660124207565978, "diff": 1.2313888347835205, "global_mean": 2.6362007168458783, "global_std": 2.7959594158656005}, {"type": "numerical", "feature_label": "MntMeatProducts", "cluster_label": "cluster_1", "mean": 432.1900826446281, "std": 229.65336730136616, "diff": 1.2163576970674457, "global_mean": 165.31944444444446, "global_std": 219.40144650178996}, {"type": "numerical", "feature_label": "Income", "cluster_label": "cluster_5", "mean": 76143.73417721518, "std": 10422.795854641241, "diff": 1.1897142481225234, "global_mean": 51633.642025089604, "global_std": 20601.663122724403}, {"type": "numerical", "feature_label": "NumWebVisitsMonth", "cluster_label": "cluster_5", "mean": 2.5632911392405062, "std": 1.648216137405457, "diff": -1.146142722314719, "global_mean": 5.331541218637993, "global_std": 2.415275188247763}, {"type": "numerical", "feature_label": "Income", "cluster_label": "cluster_1", "mean": 74699.14049586777, "std": 11401.913240708494, "diff": 1.1195940023568323, "global_mean": 51633.642025089604, "global_std": 20601.663122724403}]}, "clusters": [{"cluster": "cluster_0", "size": 453, "facts": [{"type": "numerical", "feature_label": "Teenhome", "cluster_label": "cluster_0", "mean": 1.033112582781457, "std": 0.17912836685000588, "diff": 0.965601703154573, "global_mean": 0.507168458781362, "global_std": 0.5446801950347244}, {"type": "numerical", "feature_label": "MntWines", "cluster_label": "cluster_0", "mean": 56.88741721854305, "std": 57.61378234888391, "diff": -0.7365017057730646, "global_mean": 304.9301075268817, "global_std": 336.7849502099688}, {"type": "numerical", "feature_label": "NumWebPurchases", "cluster_label": "cluster_0", "mean": 2.061810154525386, "std": 1.230394313794883, "diff": -0.7337155954658964, "global_mean": 4.097670250896058, "global_std": 2.774726486599943}]}, {"cluster": "cluster_1", "size": 242, "facts": [{"type": "numerical", "feature_label": "MntFruits", "cluster_label": "cluster_1", "mean": 107.84710743801652, "std": 49.508427673331596, "diff": 2.045796014080048, "global_mean": 26.38037634408602, "global_std": 39.82153183075997}, {"type": "numerical", "feature_label": "MntSweetProducts", "cluster_label": "cluster_1", "mean": 106.54545454545455, "std": 53.2903267128456, "diff": 1.9210936272539927, "global_mean": 27.155465949820787, "global_std": 41.32541354015819}, {"type": "numerical", "feature_label": "MntFishProducts", "cluster_label": "cluster_1", "mean": 131.4793388429752, "std": 64.29936457725096, "diff": 1.7157702804311523, "global_mean": 37.64471326164875, "global_std": 54.68950398053693}]}, {"cluster": "cluster_2", "size": 576, "facts": [{"type": "numerical", "feature_label": "Income", "cluster_label": "cluster_2", "mean": 29567.006944444445, "std": 10581.199798984935, "diff": -1.0711094026338503, "global_mean": 51633.642025089604, "global_std": 20601.663122724403}, {"type": "numerical", "feature_label": "Teenhome", "cluster_label": "cluster_2", "mean": 0.005208333333333333, "std": 0.07204316339045917, "diff": -0.9215685277780802, "global_mean": 0.507168458781362, "global_std": 0.5446801950347244}, {"type": "numerical", "feature_label": "NumStorePurchases", "cluster_label": "cluster_2", "mean": 3.111111111111111, "std": 1.0672100065439942, "diff": -0.8318840684324869, "global_mean": 5.808243727598566, "global_std": 3.2421977037853877}]}, {"cluster": "cluster_3", "size": 183, "facts": [{"type": "numerical", "feature_label": "NumDealsPurchases", "cluster_label": "cluster_3", "mean": 6.688524590163935, "std": 2.364162260890857, "diff": 2.3067860423693785, "global_mean": 2.318100358422939, "global_std": 1.8945945360636849}, {"type": "numerical", "feature_label": "NumWebVisitsMonth", "cluster_label": "cluster_3", "mean": 7.377049180327869, "std": 2.0095699700684655, "diff": 0.8469047219310251, "global_mean": 5.331541218637993, "global_std": 2.415275188247763}, {"type": "numerical", "feature_label": "Kidhome", "cluster_label": "cluster_3", "mean": 0.8633879781420765, "std": 0.47800351424953025, "diff": 0.7778858082223455, "global_mean": 0.4444444444444444, "global_std": 0.538566881243171}]}, {"cluster": "cluster_4", "size": 462, "facts": [{"type": "numerical", "feature_label": "NumWebPurchases", "cluster_label": "cluster_4", "mean": 6.5562770562770565, "std": 2.602367017211581, "diff": 0.8860717686065316, "global_mean": 4.097670250896058, "global_std": 2.774726486599943}, {"type": "numerical", "feature_label": "NumStorePurchases", "cluster_label": "cluster_4", "mean": 8.337662337662337, "std": 2.7234518877861738, "diff": 0.7801555738290048, "global_mean": 5.808243727598566, "global_std": 3.2421977037853877}, {"type": "numerical", "feature_label": "Teenhome", "cluster_label": "cluster_4", "mean": 0.9177489177489178, "std": 0.4188468284125807, "diff": 0.7538009692850692, "global_mean": 0.507168458781362, "global_std": 0.5446801950347244}]}, {"cluster": "cluster_5", "size": 316, "facts": [{"type": "numerical", "feature_label": "MntMeatProducts", "cluster_label": "cluster_5", "mean": 477.27848101265823, "std": 242.49086707508843, "diff": 1.421864083132509, "global_mean": 165.31944444444446, "global_std": 219.40144650178996}, {"type": "numerical", "feature_label": "NumCatalogPurchases", "cluster_label": "cluster_5", "mean": 6.079113924050633, "std": 2.660124207565978, "diff": 1.2313888347835205, "global_mean": 2.6362007168458783, "global_std": 2.7959594158656005}, {"type": "numerical", "feature_label": "Income", "cluster_label": "cluster_5", "mean": 76143.73417721518, "std": 10422.795854641241, "diff": 1.1897142481225234, "global_mean": 51633.642025089604, "global_std": 20601.663122724403}]}]}