{
    "metrics": {
        "inertia": 15980.415021650042,
        "silhouette": 0.1582538390512189,
        "nbClusters": 6
    },
    "processed_feature_names": [
        "MntWines",
        "NumWebPurchases",
        "Teenhome",
        "MntFruits",
        "NumCatalogPurchases",
        "MntMeatProducts",
        "NumWebVisitsMonth",
        "MntFishProducts",
        "MntSweetProducts",
        "MntGoldProds",
        "Recency",
        "NumStorePurchases",
        "Kidhome",
        "NumDealsPurchases",
        "Income"
    ],
    "variables_importance": {
        "variables": [
            "MntWines",
            "NumWebPurchases",
            "Teenhome",
            "MntFruits",
            "NumCatalogPurchases",
            "MntMeatProducts",
            "NumWebVisitsMonth",
            "MntFishProducts",
            "MntSweetProducts",
            "MntGoldProds",
            "Recency",
            "NumStorePurchases",
            "Kidhome",
            "NumDealsPurchases",
            "Income"
        ],
        "importances": [
            0.10149841045377275,
            0.047718190367625646,
            0.2129989774206943,
            0.07378420330251019,
            0.05978273863261568,
            0.08636467474697986,
            0.02753350171664168,
            0.046879295645426214,
            0.057538460890931634,
            0.02858128024659394,
            0.016032191731156598,
            0.03708105915432883,
            0.0343096936875267,
            0.07798925805747672,
            0.09190806394571949
        ]
    },
    "reduce_vars": [],
    "train_nb_records": 2232,
    "train_nb_features": 15,
    "train_nb_outliers": 0,
    "cluster_description": [
        {
            "variable": "MntWines",
            "var": 69894.15,
            "values": [
                {
                    "cluster": "cluster_0",
                    "value": 56.88741721854305
                },
                {
                    "cluster": "cluster_1",
                    "value": 536.3429752066115
                },
                {
                    "cluster": "cluster_2",
                    "value": 30.430555555555557
                },
                {
                    "cluster": "cluster_3",
                    "value": 305.879781420765
                },
                {
                    "cluster": "cluster_4",
                    "value": 530.08658008658
                },
                {
                    "cluster": "cluster_5",
                    "value": 653.9082278481013
                }
            ]
        },
        {
            "variable": "NumWebPurchases",
            "var": 3.92,
            "values": [
                {
                    "cluster": "cluster_0",
                    "value": 2.061810154525386
                },
                {
                    "cluster": "cluster_1",
                    "value": 5.809917355371901
                },
                {
                    "cluster": "cluster_2",
                    "value": 2.1319444444444446
                },
                {
                    "cluster": "cluster_3",
                    "value": 5.950819672131147
                },
                {
                    "cluster": "cluster_4",
                    "value": 6.5562770562770565
                },
                {
                    "cluster": "cluster_5",
                    "value": 4.620253164556962
                }
            ]
        },
        {
            "variable": "Teenhome",
            "var": 0.22,
            "values": [
                {
                    "cluster": "cluster_0",
                    "value": 1.033112582781457
                },
                {
                    "cluster": "cluster_1",
                    "value": 0.24793388429752067
                },
                {
                    "cluster": "cluster_2",
                    "value": 0.005208333333333333
                },
                {
                    "cluster": "cluster_3",
                    "value": 0.8852459016393442
                },
                {
                    "cluster": "cluster_4",
                    "value": 0.9177489177489178
                },
                {
                    "cluster": "cluster_5",
                    "value": 0.04746835443037975
                }
            ]
        },
        {
            "variable": "MntFruits",
            "var": 1538.06,
            "values": [
                {
                    "cluster": "cluster_0",
                    "value": 3.172185430463576
                },
                {
                    "cluster": "cluster_1",
                    "value": 107.84710743801652
                },
                {
                    "cluster": "cluster_2",
                    "value": 6.307291666666667
                },
                {
                    "cluster": "cluster_3",
                    "value": 12.366120218579235
                },
                {
                    "cluster": "cluster_4",
                    "value": 28.28787878787879
                },
                {
                    "cluster": "cluster_5",
                    "value": 39.177215189873415
                }
            ]
        },
        {
            "variable": "NumCatalogPurchases",
            "var": 5.95,
            "values": [
                {
                    "cluster": "cluster_0",
                    "value": 0.5916114790286976
                },
                {
                    "cluster": "cluster_1",
                    "value": 5.652892561983471
                },
                {
                    "cluster": "cluster_2",
                    "value": 0.5
                },
                {
                    "cluster": "cluster_3",
                    "value": 2.060109289617486
                },
                {
                    "cluster": "cluster_4",
                    "value": 3.5974025974025974
                },
                {
                    "cluster": "cluster_5",
                    "value": 6.079113924050633
                }
            ]
        },
        {
            "variable": "MntMeatProducts",
            "var": 41105.71,
            "values": [
                {
                    "cluster": "cluster_0",
                    "value": 21.015452538631347
                },
                {
                    "cluster": "cluster_1",
                    "value": 432.1900826446281
                },
                {
                    "cluster": "cluster_2",
                    "value": 23.821180555555557
                },
                {
                    "cluster": "cluster_3",
                    "value": 101.60655737704919
                },
                {
                    "cluster": "cluster_4",
                    "value": 155.2987012987013
                },
                {
                    "cluster": "cluster_5",
                    "value": 477.27848101265823
                }
            ]
        },
        {
            "variable": "NumWebVisitsMonth",
            "var": 3.89,
            "values": [
                {
                    "cluster": "cluster_0",
                    "value": 5.836644591611479
                },
                {
                    "cluster": "cluster_1",
                    "value": 3.0289256198347108
                },
                {
                    "cluster": "cluster_2",
                    "value": 6.821180555555555
                },
                {
                    "cluster": "cluster_3",
                    "value": 7.377049180327869
                },
                {
                    "cluster": "cluster_4",
                    "value": 5.268398268398268
                },
                {
                    "cluster": "cluster_5",
                    "value": 2.5632911392405062
                }
            ]
        },
        {
            "variable": "MntFishProducts",
            "var": 2449.06,
            "values": [
                {
                    "cluster": "cluster_0",
                    "value": 4.6092715231788075
                },
                {
                    "cluster": "cluster_1",
                    "value": 131.4793388429752
                },
                {
                    "cluster": "cluster_2",
                    "value": 9.444444444444445
                },
                {
                    "cluster": "cluster_3",
                    "value": 19.830601092896174
                },
                {
                    "cluster": "cluster_4",
                    "value": 34.883116883116884
                },
                {
                    "cluster": "cluster_5",
                    "value": 78.89873417721519
                }
            ]
        },
        {
            "variable": "MntSweetProducts",
            "var": 1497.87,
            "values": [
                {
                    "cluster": "cluster_0",
                    "value": 3.479028697571744
                },
                {
                    "cluster": "cluster_1",
                    "value": 106.54545454545455
                },
                {
                    "cluster": "cluster_2",
                    "value": 6.378472222222222
                },
                {
                    "cluster": "cluster_3",
                    "value": 15.344262295081966
                },
                {
                    "cluster": "cluster_4",
                    "value": 26.816017316017316
                },
                {
                    "cluster": "cluster_5",
                    "value": 45.50632911392405
                }
            ]
        },
        {
            "variable": "MntGoldProds",
            "var": 1049.18,
            "values": [
                {
                    "cluster": "cluster_0",
                    "value": 12.63355408388521
                },
                {
                    "cluster": "cluster_1",
                    "value": 99.07851239669421
                },
                {
                    "cluster": "cluster_2",
                    "value": 17.100694444444443
                },
                {
                    "cluster": "cluster_3",
                    "value": 51.63387978142077
                },
                {
                    "cluster": "cluster_4",
                    "value": 65.63419913419914
                },
                {
                    "cluster": "cluster_5",
                    "value": 60.93987341772152
                }
            ]
        },
        {
            "variable": "Recency",
            "var": 2.12,
            "values": [
                {
                    "cluster": "cluster_0",
                    "value": 50.10596026490066
                },
                {
                    "cluster": "cluster_1",
                    "value": 47.789256198347104
                },
                {
                    "cluster": "cluster_2",
                    "value": 48.916666666666664
                },
                {
                    "cluster": "cluster_3",
                    "value": 48.45355191256831
                },
                {
                    "cluster": "cluster_4",
                    "value": 47.72727272727273
                },
                {
                    "cluster": "cluster_5",
                    "value": 51.45569620253165
                }
            ]
        },
        {
            "variable": "NumStorePurchases",
            "var": 6.24,
            "values": [
                {
                    "cluster": "cluster_0",
                    "value": 3.4348785871964678
                },
                {
                    "cluster": "cluster_1",
                    "value": 8.293388429752065
                },
                {
                    "cluster": "cluster_2",
                    "value": 3.111111111111111
                },
                {
                    "cluster": "cluster_3",
                    "value": 5.961748633879782
                },
                {
                    "cluster": "cluster_4",
                    "value": 8.337662337662337
                },
                {
                    "cluster": "cluster_5",
                    "value": 8.436708860759493
                }
            ]
        },
        {
            "variable": "Kidhome",
            "var": 0.17,
            "values": [
                {
                    "cluster": "cluster_0",
                    "value": 0.6975717439293598
                },
                {
                    "cluster": "cluster_1",
                    "value": 0.04132231404958678
                },
                {
                    "cluster": "cluster_2",
                    "value": 0.8020833333333334
                },
                {
                    "cluster": "cluster_3",
                    "value": 0.8633879781420765
                },
                {
                    "cluster": "cluster_4",
                    "value": 0.06926406926406926
                },
                {
                    "cluster": "cluster_5",
                    "value": 0.04430379746835443
                }
            ]
        },
        {
            "variable": "NumDealsPurchases",
            "var": 4.27,
            "values": [
                {
                    "cluster": "cluster_0",
                    "value": 2.1766004415011038
                },
                {
                    "cluster": "cluster_1",
                    "value": 1.421487603305785
                },
                {
                    "cluster": "cluster_2",
                    "value": 1.7100694444444444
                },
                {
                    "cluster": "cluster_3",
                    "value": 6.688524590163935
                },
                {
                    "cluster": "cluster_4",
                    "value": 2.7857142857142856
                },
                {
                    "cluster": "cluster_5",
                    "value": 1.1012658227848102
                }
            ]
        },
        {
            "variable": "Income",
            "var": 347163738.86,
            "values": [
                {
                    "cluster": "cluster_0",
                    "value": 41415.17218543046
                },
                {
                    "cluster": "cluster_1",
                    "value": 74699.14049586777
                },
                {
                    "cluster": "cluster_2",
                    "value": 29567.006944444445
                },
                {
                    "cluster": "cluster_3",
                    "value": 49372.03278688525
                },
                {
                    "cluster": "cluster_4",
                    "value": 61214.12554112554
                },
                {
                    "cluster": "cluster_5",
                    "value": 76143.73417721518
                }
            ]
        },
        {
            "variable": "cluster_size",
            "var": 22406.8,
            "values": [
                {
                    "cluster": "cluster_2",
                    "value": 576
                },
                {
                    "cluster": "cluster_4",
                    "value": 462
                },
                {
                    "cluster": "cluster_0",
                    "value": 453
                },
                {
                    "cluster": "cluster_5",
                    "value": 316
                },
                {
                    "cluster": "cluster_1",
                    "value": 242
                },
                {
                    "cluster": "cluster_3",
                    "value": 183
                }
            ]
        }
    ],
    "summary": {
        "clusters": []
    }
}