{
  "cparams": {
    "extractBeforePrepare": true,
    "selection": {
      "useMemTable": false,
      "filter": {
        "distinct": false,
        "enabled": false
      },
      "partitionSelectionMethod": "ALL",
      "latestPartitionsN": 1,
      "ordering": {
        "enabled": false,
        "rules": []
      },
      "samplingMethod": "HEAD_SEQUENTIAL",
      "maxRecords": 100000,
      "targetRatio": 0.02,
      "withinFirstN": -1,
      "maxReadUncompressedBytes": -1
    },
    "instanceIdRefresher": 1
  },
  "generationDate": 1677431717543,
  "policyId": "extractBeforePrepare\u003dtrue,,ds\u003dPreprocessed_data,sel\u003d(method\u003dhead-s,records\u003d100000)",
  "instanceId": "97de7c36509a2b65be2c295032b6da3e-1",
  "format": "csv1",
  "schema": {
    "columns": [
      {"name":"Age","type":"bigint"},
      {"name":"Income","type":"bigint"},
      {"name":"Engaged in Days","type":"bigint"},
      {"name":"Recency","type":"bigint"},
      {"name":"MntWines","type":"bigint"},
      {"name":"MntFruits","type":"bigint"},
      {"name":"MntMeatProducts","type":"bigint"},
      {"name":"MntFishProducts","type":"bigint"},
      {"name":"MntSweetProducts","type":"bigint"},
      {"name":"MntGoldProds","type":"bigint"},
      {"name":"Expenses","type":"bigint"},
      {"name":"NumDealsPurchases","type":"bigint"},
      {"name":"NumWebPurchases","type":"bigint"},
      {"name":"NumCatalogPurchases","type":"bigint"},
      {"name":"NumStorePurchases","type":"bigint"},
      {"name":"Num Total Purchase","type":"bigint"},
      {"name":"Amount Per Purchase","type":"bigint"},
      {"name":"NumWebVisitsMonth","type":"bigint"},
      {"name":"Total Accepted Cmp","type":"bigint"}
    ],
    "userModified": false
  },
  "fullPath": "full-97de7c36509a2b65be2c295032b6da3e-1.csv.gz",
  "trainRows": 0,
  "testRows": 0,
  "fullRows": 2227
}