{
    "metrics": {
        "inertia": 19463.598370113876,
        "silhouette": 0.24042580989351434,
        "nbClusters": 5
    },
    "processed_feature_names": [
        "factor_0",
        "factor_1",
        "factor_2",
        "factor_3",
        "factor_4",
        "factor_5",
        "factor_6",
        "factor_7",
        "factor_8",
        "factor_9",
        "factor_10",
        "factor_11",
        "factor_12",
        "factor_13",
        "factor_14"
    ],
    "variables_importance": {
        "variables": [
            "MntWines",
            "Expenses",
            "NumWebPurchases",
            "Engaged in Days",
            "MntFruits",
            "NumCatalogPurchases",
            "Total Accepted Cmp",
            "Num Total Purchase",
            "Amount Per Purchase",
            "MntMeatProducts",
            "NumWebVisitsMonth",
            "MntFishProducts",
            "MntSweetProducts",
            "MntGoldProds",
            "Recency",
            "NumStorePurchases",
            "NumDealsPurchases"
        ],
        "importances": [
            0.10148279397163246,
            0.15805899432334442,
            0.027425977146937015,
            0.019558161423954175,
            0.03725509591891949,
            0.04179537104265373,
            0.06146006234407484,
            0.1320829939608842,
            0.12004135084167594,
            0.07789949704490112,
            0.04379042208521792,
            0.04125352957227252,
            0.02860050098644019,
            0.014119805094354967,
            0.00868239942382373,
            0.03292163850048846,
            0.0535714063184249
        ]
    },
    "reduce_vars": [
        "factor_0",
        "factor_1",
        "factor_2",
        "factor_3",
        "factor_4",
        "factor_5",
        "factor_6",
        "factor_7",
        "factor_8",
        "factor_9",
        "factor_10",
        "factor_11",
        "factor_12",
        "factor_13",
        "factor_14"
    ],
    "train_nb_records": 2227,
    "train_nb_features": 15,
    "train_nb_outliers": 0,
    "cluster_description": [
        {
            "variable": "MntWines",
            "var": 108344.47,
            "values": [
                {
                    "cluster": "cluster_0",
                    "value": 38.930443548387096
                },
                {
                    "cluster": "cluster_1",
                    "value": 505.14714714714717
                },
                {
                    "cluster": "cluster_2",
                    "value": 335.2360248447205
                },
                {
                    "cluster": "cluster_3",
                    "value": 489.66997518610424
                },
                {
                    "cluster": "cluster_4",
                    "value": 947.4915254237288
                }
            ]
        },
        {
            "variable": "Expenses",
            "var": 404478.67,
            "values": [
                {
                    "cluster": "cluster_0",
                    "value": 90.66834677419355
                },
                {
                    "cluster": "cluster_1",
                    "value": 1340.5015015015015
                },
                {
                    "cluster": "cluster_2",
                    "value": 526.9875776397515
                },
                {
                    "cluster": "cluster_3",
                    "value": 854.0868486352357
                },
                {
                    "cluster": "cluster_4",
                    "value": 1692.2203389830509
                }
            ]
        },
        {
            "variable": "NumWebPurchases",
            "var": 3.05,
            "values": [
                {
                    "cluster": "cluster_0",
                    "value": 2.004032258064516
                },
                {
                    "cluster": "cluster_1",
                    "value": 4.993993993993994
                },
                {
                    "cluster": "cluster_2",
                    "value": 6.12111801242236
                },
                {
                    "cluster": "cluster_3",
                    "value": 6.235732009925559
                },
                {
                    "cluster": "cluster_4",
                    "value": 5.672316384180791
                }
            ]
        },
        {
            "variable": "Engaged in Days",
            "var": 3383.2,
            "values": [
                {
                    "cluster": "cluster_0",
                    "value": 311.3215725806452
                },
                {
                    "cluster": "cluster_1",
                    "value": 373.33033033033036
                },
                {
                    "cluster": "cluster_2",
                    "value": 468.2639751552795
                },
                {
                    "cluster": "cluster_3",
                    "value": 347.136476426799
                },
                {
                    "cluster": "cluster_4",
                    "value": 375.82485875706215
                }
            ]
        },
        {
            "variable": "MntFruits",
            "var": 1023.03,
            "values": [
                {
                    "cluster": "cluster_0",
                    "value": 4.779233870967742
                },
                {
                    "cluster": "cluster_1",
                    "value": 84.31231231231232
                },
                {
                    "cluster": "cluster_2",
                    "value": 11.75776397515528
                },
                {
                    "cluster": "cluster_3",
                    "value": 33.044665012406945
                },
                {
                    "cluster": "cluster_4",
                    "value": 49.76836158192091
                }
            ]
        },
        {
            "variable": "NumCatalogPurchases",
            "var": 5.9,
            "values": [
                {
                    "cluster": "cluster_0",
                    "value": 0.5181451612903226
                },
                {
                    "cluster": "cluster_1",
                    "value": 5.945945945945946
                },
                {
                    "cluster": "cluster_2",
                    "value": 2.130434782608696
                },
                {
                    "cluster": "cluster_3",
                    "value": 4.0
                },
                {
                    "cluster": "cluster_4",
                    "value": 6.129943502824859
                }
            ]
        },
        {
            "variable": "Total Accepted Cmp",
            "var": 0.68,
            "values": [
                {
                    "cluster": "cluster_0",
                    "value": 0.08064516129032258
                },
                {
                    "cluster": "cluster_1",
                    "value": 0.1831831831831832
                },
                {
                    "cluster": "cluster_2",
                    "value": 0.2670807453416149
                },
                {
                    "cluster": "cluster_3",
                    "value": 0.20099255583126552
                },
                {
                    "cluster": "cluster_4",
                    "value": 2.016949152542373
                }
            ]
        },
        {
            "variable": "Num Total Purchase",
            "var": 35.18,
            "values": [
                {
                    "cluster": "cluster_0",
                    "value": 7.595766129032258
                },
                {
                    "cluster": "cluster_1",
                    "value": 20.69069069069069
                },
                {
                    "cluster": "cluster_2",
                    "value": 19.562111801242235
                },
                {
                    "cluster": "cluster_3",
                    "value": 21.46153846153846
                },
                {
                    "cluster": "cluster_4",
                    "value": 21.29943502824859
                }
            ]
        },
        {
            "variable": "Amount Per Purchase",
            "var": 1052.52,
            "values": [
                {
                    "cluster": "cluster_0",
                    "value": 10.866935483870968
                },
                {
                    "cluster": "cluster_1",
                    "value": 67.47447447447448
                },
                {
                    "cluster": "cluster_2",
                    "value": 26.19254658385093
                },
                {
                    "cluster": "cluster_3",
                    "value": 40.24813895781638
                },
                {
                    "cluster": "cluster_4",
                    "value": 91.80225988700565
                }
            ]
        },
        {
            "variable": "MntMeatProducts",
            "var": 45352.56,
            "values": [
                {
                    "cluster": "cluster_0",
                    "value": 20.69657258064516
                },
                {
                    "cluster": "cluster_1",
                    "value": 463.14414414414415
                },
                {
                    "cluster": "cluster_2",
                    "value": 94.95031055900621
                },
                {
                    "cluster": "cluster_3",
                    "value": 191.0397022332506
                },
                {
                    "cluster": "cluster_4",
                    "value": 486.4124293785311
                }
            ]
        },
        {
            "variable": "NumWebVisitsMonth",
            "var": 3.58,
            "values": [
                {
                    "cluster": "cluster_0",
                    "value": 6.309475806451613
                },
                {
                    "cluster": "cluster_1",
                    "value": 2.7687687687687688
                },
                {
                    "cluster": "cluster_2",
                    "value": 7.217391304347826
                },
                {
                    "cluster": "cluster_3",
                    "value": 4.3424317617866
                },
                {
                    "cluster": "cluster_4",
                    "value": 3.4293785310734464
                }
            ]
        },
        {
            "variable": "MntFishProducts",
            "var": 2096.44,
            "values": [
                {
                    "cluster": "cluster_0",
                    "value": 6.856854838709677
                },
                {
                    "cluster": "cluster_1",
                    "value": 119.36936936936937
                },
                {
                    "cluster": "cluster_2",
                    "value": 18.720496894409937
                },
                {
                    "cluster": "cluster_3",
                    "value": 43.76674937965261
                },
                {
                    "cluster": "cluster_4",
                    "value": 77.32203389830508
                }
            ]
        },
        {
            "variable": "MntSweetProducts",
            "var": 1035.25,
            "values": [
                {
                    "cluster": "cluster_0",
                    "value": 4.967741935483871
                },
                {
                    "cluster": "cluster_1",
                    "value": 82.65765765765765
                },
                {
                    "cluster": "cluster_2",
                    "value": 13.636645962732919
                },
                {
                    "cluster": "cluster_3",
                    "value": 32.92307692307692
                },
                {
                    "cluster": "cluster_4",
                    "value": 58.932203389830505
                }
            ]
        },
        {
            "variable": "MntGoldProds",
            "var": 734.66,
            "values": [
                {
                    "cluster": "cluster_0",
                    "value": 14.4375
                },
                {
                    "cluster": "cluster_1",
                    "value": 85.87087087087087
                },
                {
                    "cluster": "cluster_2",
                    "value": 52.68633540372671
                },
                {
                    "cluster": "cluster_3",
                    "value": 63.64267990074442
                },
                {
                    "cluster": "cluster_4",
                    "value": 72.29378531073446
                }
            ]
        },
        {
            "variable": "Recency",
            "var": 1.76,
            "values": [
                {
                    "cluster": "cluster_0",
                    "value": 49.32056451612903
                },
                {
                    "cluster": "cluster_1",
                    "value": 50.53753753753754
                },
                {
                    "cluster": "cluster_2",
                    "value": 47.63975155279503
                },
                {
                    "cluster": "cluster_3",
                    "value": 48.049627791563275
                },
                {
                    "cluster": "cluster_4",
                    "value": 50.41242937853107
                }
            ]
        },
        {
            "variable": "NumStorePurchases",
            "var": 5.63,
            "values": [
                {
                    "cluster": "cluster_0",
                    "value": 3.21875
                },
                {
                    "cluster": "cluster_1",
                    "value": 8.252252252252251
                },
                {
                    "cluster": "cluster_2",
                    "value": 5.990683229813665
                },
                {
                    "cluster": "cluster_3",
                    "value": 8.952853598014888
                },
                {
                    "cluster": "cluster_4",
                    "value": 8.350282485875706
                }
            ]
        },
        {
            "variable": "NumDealsPurchases",
            "var": 2.81,
            "values": [
                {
                    "cluster": "cluster_0",
                    "value": 1.8548387096774193
                },
                {
                    "cluster": "cluster_1",
                    "value": 1.4984984984984986
                },
                {
                    "cluster": "cluster_2",
                    "value": 5.319875776397516
                },
                {
                    "cluster": "cluster_3",
                    "value": 2.272952853598015
                },
                {
                    "cluster": "cluster_4",
                    "value": 1.1468926553672316
                }
            ]
        },
        {
            "variable": "factor_0",
            "var": 7.54,
            "values": [
                {
                    "cluster": "cluster_0",
                    "value": -2.472979372133164
                },
                {
                    "cluster": "cluster_1",
                    "value": 3.5732718906463066
                },
                {
                    "cluster": "cluster_2",
                    "value": -0.24809341569117793
                },
                {
                    "cluster": "cluster_3",
                    "value": 1.494070995302742
                },
                {
                    "cluster": "cluster_4",
                    "value": 4.186844442465721
                }
            ]
        },
        {
            "variable": "factor_1",
            "var": 1.57,
            "values": [
                {
                    "cluster": "cluster_0",
                    "value": 0.46461795974389186
                },
                {
                    "cluster": "cluster_1",
                    "value": 0.9465000673271513
                },
                {
                    "cluster": "cluster_2",
                    "value": -2.134414510646569
                },
                {
                    "cluster": "cluster_3",
                    "value": -0.5093654326706559
                },
                {
                    "cluster": "cluster_4",
                    "value": 0.6580237475061453
                }
            ]
        },
        {
            "variable": "factor_2",
            "var": 1.43,
            "values": [
                {
                    "cluster": "cluster_0",
                    "value": 0.02267018603044162
                },
                {
                    "cluster": "cluster_1",
                    "value": -1.067281488902205
                },
                {
                    "cluster": "cluster_2",
                    "value": 0.07789384305640075
                },
                {
                    "cluster": "cluster_3",
                    "value": -0.19086885999030936
                },
                {
                    "cluster": "cluster_4",
                    "value": 2.1737527930744065
                }
            ]
        },
        {
            "variable": "factor_3",
            "var": 0.13,
            "values": [
                {
                    "cluster": "cluster_0",
                    "value": 0.11982088711391892
                },
                {
                    "cluster": "cluster_1",
                    "value": 0.3572900772528916
                },
                {
                    "cluster": "cluster_2",
                    "value": -0.08400076276323239
                },
                {
                    "cluster": "cluster_3",
                    "value": -0.5871476283166399
                },
                {
                    "cluster": "cluster_4",
                    "value": 0.14592555976918803
                }
            ]
        },
        {
            "variable": "factor_4",
            "var": 0.04,
            "values": [
                {
                    "cluster": "cluster_0",
                    "value": 0.04655280411665733
                },
                {
                    "cluster": "cluster_1",
                    "value": 0.21939159797901864
                },
                {
                    "cluster": "cluster_2",
                    "value": -0.009987323334226134
                },
                {
                    "cluster": "cluster_3",
                    "value": -0.30361369256559007
                },
                {
                    "cluster": "cluster_4",
                    "value": 0.03578786670517768
                }
            ]
        },
        {
            "variable": "factor_5",
            "var": 0.05,
            "values": [
                {
                    "cluster": "cluster_0",
                    "value": -0.05662963185249124
                },
                {
                    "cluster": "cluster_1",
                    "value": 0.09541238217861886
                },
                {
                    "cluster": "cluster_2",
                    "value": 0.08208139226560904
                },
                {
                    "cluster": "cluster_3",
                    "value": 0.16488998978177896
                },
                {
                    "cluster": "cluster_4",
                    "value": -0.38687346135249656
                }
            ]
        },
        {
            "variable": "factor_6",
            "var": 0.06,
            "values": [
                {
                    "cluster": "cluster_0",
                    "value": -0.05312252143710051
                },
                {
                    "cluster": "cluster_1",
                    "value": 0.0256636276368097
                },
                {
                    "cluster": "cluster_2",
                    "value": 0.3015765822603555
                },
                {
                    "cluster": "cluster_3",
                    "value": 0.032568282919954325
                },
                {
                    "cluster": "cluster_4",
                    "value": -0.373339684983221
                }
            ]
        },
        {
            "variable": "factor_7",
            "var": 0.13,
            "values": [
                {
                    "cluster": "cluster_0",
                    "value": 0.007139183212625412
                },
                {
                    "cluster": "cluster_1",
                    "value": 0.13707156368866044
                },
                {
                    "cluster": "cluster_2",
                    "value": 0.3785063180741091
                },
                {
                    "cluster": "cluster_3",
                    "value": -0.5387625553490972
                },
                {
                    "cluster": "cluster_4",
                    "value": 0.24019985836482863
                }
            ]
        },
        {
            "variable": "factor_8",
            "var": 0.03,
            "values": [
                {
                    "cluster": "cluster_0",
                    "value": -0.019228272741544795
                },
                {
                    "cluster": "cluster_1",
                    "value": -0.08202576981746744
                },
                {
                    "cluster": "cluster_2",
                    "value": -0.1312421783145489
                },
                {
                    "cluster": "cluster_3",
                    "value": 0.2849990901009506
                },
                {
                    "cluster": "cluster_4",
                    "value": -0.14805437279417594
                }
            ]
        },
        {
            "variable": "factor_9",
            "var": 0.0,
            "values": [
                {
                    "cluster": "cluster_0",
                    "value": 0.0002794962612285575
                },
                {
                    "cluster": "cluster_1",
                    "value": -0.01558271819801151
                },
                {
                    "cluster": "cluster_2",
                    "value": 0.05781619904264832
                },
                {
                    "cluster": "cluster_3",
                    "value": -0.04107809425310058
                },
                {
                    "cluster": "cluster_4",
                    "value": 0.016098535373253318
                }
            ]
        },
        {
            "variable": "factor_10",
            "var": 0.01,
            "values": [
                {
                    "cluster": "cluster_0",
                    "value": -0.005128714652279134
                },
                {
                    "cluster": "cluster_1",
                    "value": -0.16794625640049832
                },
                {
                    "cluster": "cluster_2",
                    "value": 0.020483178954920172
                },
                {
                    "cluster": "cluster_3",
                    "value": 0.09118250312576588
                },
                {
                    "cluster": "cluster_4",
                    "value": 0.0998398640297108
                }
            ]
        },
        {
            "variable": "factor_11",
            "var": 0.01,
            "values": [
                {
                    "cluster": "cluster_0",
                    "value": 0.010631173582676791
                },
                {
                    "cluster": "cluster_1",
                    "value": 0.10208516371665913
                },
                {
                    "cluster": "cluster_2",
                    "value": -0.009537996600594284
                },
                {
                    "cluster": "cluster_3",
                    "value": -0.05925141668623703
                },
                {
                    "cluster": "cluster_4",
                    "value": -0.0993837733430401
                }
            ]
        },
        {
            "variable": "factor_12",
            "var": 0.01,
            "values": [
                {
                    "cluster": "cluster_0",
                    "value": -0.03432413583502838
                },
                {
                    "cluster": "cluster_1",
                    "value": -0.1137238615919745
                },
                {
                    "cluster": "cluster_2",
                    "value": 0.16448069436630375
                },
                {
                    "cluster": "cluster_3",
                    "value": 0.02605749970862919
                },
                {
                    "cluster": "cluster_4",
                    "value": 0.047771936101402776
                }
            ]
        },
        {
            "variable": "factor_13",
            "var": 0.0,
            "values": [
                {
                    "cluster": "cluster_0",
                    "value": -0.012173964757627389
                },
                {
                    "cluster": "cluster_1",
                    "value": 0.003917711901755678
                },
                {
                    "cluster": "cluster_2",
                    "value": -0.01778818592299973
                },
                {
                    "cluster": "cluster_3",
                    "value": 0.08384015488514981
                },
                {
                    "cluster": "cluster_4",
                    "value": -0.09767125183744434
                }
            ]
        },
        {
            "variable": "factor_14",
            "var": 0.01,
            "values": [
                {
                    "cluster": "cluster_0",
                    "value": -0.0035034174216760664
                },
                {
                    "cluster": "cluster_1",
                    "value": -0.01843149380686865
                },
                {
                    "cluster": "cluster_2",
                    "value": -0.08648638490557387
                },
                {
                    "cluster": "cluster_3",
                    "value": 0.15754083490082646
                },
                {
                    "cluster": "cluster_4",
                    "value": -0.14704668364660084
                }
            ]
        },
        {
            "variable": "cluster_size",
            "var": 100117.3,
            "values": [
                {
                    "cluster": "cluster_0",
                    "value": 992
                },
                {
                    "cluster": "cluster_3",
                    "value": 403
                },
                {
                    "cluster": "cluster_1",
                    "value": 333
                },
                {
                    "cluster": "cluster_2",
                    "value": 322
                },
                {
                    "cluster": "cluster_4",
                    "value": 177
                }
            ]
        }
    ],
    "summary": {
        "clusters": []
    }
}