{
    "modelId": "m3",
    "state": "DONE",
    "startTime": 1677555272956,
    "endTime": 1677555286356,
    "preprocessingTime": 480,
    "trainingTime": 3527,
    "progress": {
        "stack": [],
        "top_level_todo": [],
        "top_level_done": [
            {
                "name": "Loading source dataset",
                "time": 45
            },
            {
                "name": "Collecting statistics",
                "time": 66
            },
            {
                "name": "Preprocessing data",
                "time": 353
            },
            {
                "name": "Fitting model",
                "time": 717
            },
            {
                "name": "Saving model",
                "time": 6
            },
            {
                "name": "Scoring model",
                "time": 2801
            }
        ]
    }
}