{"global": {"size": 2227, "facts": [{"type": "numerical", "feature_label": "Total Accepted Cmp", "cluster_label": "cluster_2", "mean": 1.9230769230769231, "std": 0.9520627465843737, "diff": 2.3969452483749136, "global_mean": 0.2986079928154468, "global_std": 0.677724671167536}, {"type": "numerical", "feature_label": "MntWines", "cluster_label": "cluster_2", "mean": 935.0153846153846, "std": 298.92821392715877, "diff": 1.8698612829575985, "global_mean": 305.2635832959138, "global_std": 336.79065236506705}, {"type": "numerical", "feature_label": "Expenses", "cluster_label": "cluster_2", "mean": 1668.2307692307693, "std": 378.0266901024552, "diff": 1.7672092211127177, "global_mean": 606.0799281544679, "global_std": 601.032876236081}, {"type": "numerical", "feature_label": "MntMeatProducts", "cluster_label": "cluster_2", "mean": 475.7230769230769, "std": 268.2686283167254, "diff": 1.4144035506667432, "global_mean": 165.4315222272115, "global_std": 219.3797905481752}, {"type": "numerical", "feature_label": "NumCatalogPurchases", "cluster_label": "cluster_2", "mean": 6.235897435897436, "std": 2.3759411786220084, "diff": 1.2863149017491744, "global_mean": 2.6389762011674898, "global_std": 2.7962991253842517}, {"type": "numerical", "feature_label": "Amount Per Purchase", "cluster_label": "cluster_2", "mean": 89.34871794871795, "std": 117.31832384232489, "diff": 1.2446463843584836, "global_mean": 33.2968118545128, "global_std": 45.034402380155115}, {"type": "numerical", "feature_label": "MntFishProducts", "cluster_label": "cluster_0", "mean": 104.46153846153847, "std": 64.84021493948677, "diff": 1.2206384652860163, "global_mean": 37.6757970363718, "global_std": 54.71377752258334}, {"type": "numerical", "feature_label": "MntFruits", "cluster_label": "cluster_0", "mean": 73.93186813186813, "std": 50.15423102465237, "diff": 1.1957492669910286, "global_mean": 26.371351594072742, "global_std": 39.774656653126115}, {"type": "numerical", "feature_label": "MntSweetProducts", "cluster_label": "cluster_0", "mean": 72.63296703296703, "std": 51.70374149275014, "diff": 1.0990961797496874, "global_mean": 27.185900314324204, "global_std": 41.34949020475453}, {"type": "numerical", "feature_label": "MntMeatProducts", "cluster_label": "cluster_0", "mean": 403.5978021978022, "std": 220.48695306282863, "diff": 1.0856345489959343, "global_mean": 165.4315222272115, "global_std": 219.3797905481752}]}, "clusters": [{"cluster": "cluster_0", "size": 455, "facts": [{"type": "numerical", "feature_label": "MntFishProducts", "cluster_label": "cluster_0", "mean": 104.46153846153847, "std": 64.84021493948677, "diff": 1.2206384652860163, "global_mean": 37.6757970363718, "global_std": 54.71377752258334}, {"type": "numerical", "feature_label": "MntFruits", "cluster_label": "cluster_0", "mean": 73.93186813186813, "std": 50.15423102465237, "diff": 1.1957492669910286, "global_mean": 26.371351594072742, "global_std": 39.774656653126115}, {"type": "numerical", "feature_label": "MntSweetProducts", "cluster_label": "cluster_0", "mean": 72.63296703296703, "std": 51.70374149275014, "diff": 1.0990961797496874, "global_mean": 27.185900314324204, "global_std": 41.34949020475453}]}, {"cluster": "cluster_1", "size": 492, "facts": [{"type": "numerical", "feature_label": "NumWebVisitsMonth", "cluster_label": "cluster_1", "mean": 7.4817073170731705, "std": 1.736651368370179, "diff": 0.8972582850613471, "global_mean": 5.326448136506511, "global_std": 2.4020499074235917}, {"type": "numerical", "feature_label": "Num Total Purchase", "cluster_label": "cluster_1", "mean": 8.178861788617887, "std": 3.3500038491638593, "diff": -0.880582705296262, "global_mean": 14.882352941176471, "global_std": 7.612562808967808}, {"type": "numerical", "feature_label": "NumStorePurchases", "cluster_label": "cluster_1", "mean": 3.1097560975609757, "std": 0.9949702128729742, "diff": -0.8360631304443106, "global_mean": 5.817691962281096, "global_std": 3.2389131467632555}]}, {"cluster": "cluster_2", "size": 195, "facts": [{"type": "numerical", "feature_label": "Total Accepted Cmp", "cluster_label": "cluster_2", "mean": 1.9230769230769231, "std": 0.9520627465843737, "diff": 2.3969452483749136, "global_mean": 0.2986079928154468, "global_std": 0.677724671167536}, {"type": "numerical", "feature_label": "MntWines", "cluster_label": "cluster_2", "mean": 935.0153846153846, "std": 298.92821392715877, "diff": 1.8698612829575985, "global_mean": 305.2635832959138, "global_std": 336.79065236506705}, {"type": "numerical", "feature_label": "Expenses", "cluster_label": "cluster_2", "mean": 1668.2307692307693, "std": 378.0266901024552, "diff": 1.7672092211127177, "global_mean": 606.0799281544679, "global_std": 601.032876236081}]}, {"cluster": "cluster_3", "size": 588, "facts": [{"type": "numerical", "feature_label": "Engaged in Days", "cluster_label": "cluster_3", "mean": 170.10374149659864, "std": 108.22571428729913, "diff": -0.9139084478940014, "global_mean": 354.89357880556804, "global_std": 202.1973182705518}, {"type": "numerical", "feature_label": "Num Total Purchase", "cluster_label": "cluster_3", "mean": 8.183673469387756, "std": 3.293730367906127, "diff": -0.8799506342197252, "global_mean": 14.882352941176471, "global_std": 7.612562808967808}, {"type": "numerical", "feature_label": "Expenses", "cluster_label": "cluster_3", "mean": 115.31802721088435, "std": 122.45926575750165, "diff": -0.8165308760095448, "global_mean": 606.0799281544679, "global_std": 601.032876236081}]}, {"cluster": "cluster_4", "size": 497, "facts": [{"type": "numerical", "feature_label": "NumDealsPurchases", "cluster_label": "cluster_4", "mean": 4.225352112676056, "std": 2.3915006438208892, "diff": 1.0045217997227007, "global_mean": 2.3219577907498876, "global_std": 1.8948262969022696}, {"type": "numerical", "feature_label": "NumWebPurchases", "cluster_label": "cluster_4", "mean": 6.668008048289739, "std": 2.628251184772429, "diff": 0.9244037634730459, "global_mean": 4.103726986977997, "global_std": 2.7739837965150302}, {"type": "numerical", "feature_label": "Num Total Purchase", "cluster_label": "cluster_4", "mean": 21.430583501006037, "std": 4.479310667279221, "diff": 0.8601873934117917, "global_mean": 14.882352941176471, "global_std": 7.612562808967808}]}]}