{
    "metrics": {
        "inertia": 12628.146356916302,
        "silhouette": 0.19396655060811918,
        "nbClusters": 5
    },
    "processed_feature_names": [
        "factor_0",
        "factor_1",
        "factor_2",
        "factor_3",
        "factor_4",
        "factor_5",
        "factor_6"
    ],
    "variables_importance": {
        "variables": [
            "MntWines",
            "Expenses",
            "NumWebPurchases",
            "Engaged in Days",
            "MntFruits",
            "NumCatalogPurchases",
            "Total Accepted Cmp",
            "Num Total Purchase",
            "Amount Per Purchase",
            "MntMeatProducts",
            "NumWebVisitsMonth",
            "MntFishProducts",
            "MntSweetProducts",
            "MntGoldProds",
            "Recency",
            "NumStorePurchases",
            "NumDealsPurchases"
        ],
        "importances": [
            0.08884084627825142,
            0.10122133933987452,
            0.021502597574200574,
            0.1817778851990569,
            0.03478612849414458,
            0.03008222671780252,
            0.05517004601720373,
            0.09450462543546073,
            0.06682993290310793,
            0.06216720372073779,
            0.08177353209432744,
            0.044963122192343254,
            0.025657702642933888,
            0.016476992954579307,
            0.01462532130234223,
            0.027308688351643885,
            0.05231180878198925
        ]
    },
    "reduce_vars": [
        "factor_0",
        "factor_1",
        "factor_2",
        "factor_3",
        "factor_4",
        "factor_5",
        "factor_6"
    ],
    "train_nb_records": 2227,
    "train_nb_features": 7,
    "train_nb_outliers": 0,
    "cluster_description": [
        {
            "variable": "MntWines",
            "var": 135157.09,
            "values": [
                {
                    "cluster": "cluster_0",
                    "value": 476.85054945054947
                },
                {
                    "cluster": "cluster_1",
                    "value": 42.11991869918699
                },
                {
                    "cluster": "cluster_2",
                    "value": 935.0153846153846
                },
                {
                    "cluster": "cluster_3",
                    "value": 57.095238095238095
                },
                {
                    "cluster": "cluster_4",
                    "value": 455.1951710261569
                }
            ]
        },
        {
            "variable": "Expenses",
            "var": 469509.61,
            "values": [
                {
                    "cluster": "cluster_0",
                    "value": 1213.2835164835165
                },
                {
                    "cluster": "cluster_1",
                    "value": 104.51422764227642
                },
                {
                    "cluster": "cluster_2",
                    "value": 1668.2307692307693
                },
                {
                    "cluster": "cluster_3",
                    "value": 115.31802721088435
                },
                {
                    "cluster": "cluster_4",
                    "value": 710.58953722334
                }
            ]
        },
        {
            "variable": "NumWebPurchases",
            "var": 4.31,
            "values": [
                {
                    "cluster": "cluster_0",
                    "value": 5.193406593406594
                },
                {
                    "cluster": "cluster_1",
                    "value": 2.298780487804878
                },
                {
                    "cluster": "cluster_2",
                    "value": 5.687179487179487
                },
                {
                    "cluster": "cluster_3",
                    "value": 2.078231292517007
                },
                {
                    "cluster": "cluster_4",
                    "value": 6.668008048289739
                }
            ]
        },
        {
            "variable": "Engaged in Days",
            "var": 14541.67,
            "values": [
                {
                    "cluster": "cluster_0",
                    "value": 359.7318681318681
                },
                {
                    "cluster": "cluster_1",
                    "value": 493.7560975609756
                },
                {
                    "cluster": "cluster_2",
                    "value": 373.94871794871796
                },
                {
                    "cluster": "cluster_3",
                    "value": 170.10374149659864
                },
                {
                    "cluster": "cluster_4",
                    "value": 424.14688128772633
                }
            ]
        },
        {
            "variable": "MntFruits",
            "var": 916.3,
            "values": [
                {
                    "cluster": "cluster_0",
                    "value": 73.93186813186813
                },
                {
                    "cluster": "cluster_1",
                    "value": 5.508130081300813
                },
                {
                    "cluster": "cluster_2",
                    "value": 50.297435897435896
                },
                {
                    "cluster": "cluster_3",
                    "value": 5.47108843537415
                },
                {
                    "cluster": "cluster_4",
                    "value": 18.822937625754527
                }
            ]
        },
        {
            "variable": "NumCatalogPurchases",
            "var": 7.0,
            "values": [
                {
                    "cluster": "cluster_0",
                    "value": 5.520879120879121
                },
                {
                    "cluster": "cluster_1",
                    "value": 0.5203252032520326
                },
                {
                    "cluster": "cluster_2",
                    "value": 6.235897435897436
                },
                {
                    "cluster": "cluster_3",
                    "value": 0.717687074829932
                },
                {
                    "cluster": "cluster_4",
                    "value": 2.9597585513078473
                }
            ]
        },
        {
            "variable": "Total Accepted Cmp",
            "var": 0.64,
            "values": [
                {
                    "cluster": "cluster_0",
                    "value": 0.15824175824175823
                },
                {
                    "cluster": "cluster_1",
                    "value": 0.08333333333333333
                },
                {
                    "cluster": "cluster_2",
                    "value": 1.9230769230769231
                },
                {
                    "cluster": "cluster_3",
                    "value": 0.08333333333333333
                },
                {
                    "cluster": "cluster_4",
                    "value": 0.2575452716297787
                }
            ]
        },
        {
            "variable": "Num Total Purchase",
            "var": 51.18,
            "values": [
                {
                    "cluster": "cluster_0",
                    "value": 20.81758241758242
                },
                {
                    "cluster": "cluster_1",
                    "value": 8.178861788617887
                },
                {
                    "cluster": "cluster_2",
                    "value": 21.456410256410255
                },
                {
                    "cluster": "cluster_3",
                    "value": 8.183673469387756
                },
                {
                    "cluster": "cluster_4",
                    "value": 21.430583501006037
                }
            ]
        },
        {
            "variable": "Amount Per Purchase",
            "var": 1122.29,
            "values": [
                {
                    "cluster": "cluster_0",
                    "value": 60.65714285714286
                },
                {
                    "cluster": "cluster_1",
                    "value": 11.902439024390244
                },
                {
                    "cluster": "cluster_2",
                    "value": 89.34871794871795
                },
                {
                    "cluster": "cluster_3",
                    "value": 11.79421768707483
                },
                {
                    "cluster": "cluster_4",
                    "value": 32.87525150905432
                }
            ]
        },
        {
            "variable": "MntMeatProducts",
            "var": 45676.2,
            "values": [
                {
                    "cluster": "cluster_0",
                    "value": 403.5978021978022
                },
                {
                    "cluster": "cluster_1",
                    "value": 25.01829268292683
                },
                {
                    "cluster": "cluster_2",
                    "value": 475.7230769230769
                },
                {
                    "cluster": "cluster_3",
                    "value": 25.44557823129252
                },
                {
                    "cluster": "cluster_4",
                    "value": 130.2655935613682
                }
            ]
        },
        {
            "variable": "NumWebVisitsMonth",
            "var": 3.61,
            "values": [
                {
                    "cluster": "cluster_0",
                    "value": 2.9164835164835163
                },
                {
                    "cluster": "cluster_1",
                    "value": 7.4817073170731705
                },
                {
                    "cluster": "cluster_2",
                    "value": 3.4205128205128204
                },
                {
                    "cluster": "cluster_3",
                    "value": 5.307823129251701
                },
                {
                    "cluster": "cluster_4",
                    "value": 6.169014084507042
                }
            ]
        },
        {
            "variable": "MntFishProducts",
            "var": 1917.06,
            "values": [
                {
                    "cluster": "cluster_0",
                    "value": 104.46153846153847
                },
                {
                    "cluster": "cluster_1",
                    "value": 8.363821138211382
                },
                {
                    "cluster": "cluster_2",
                    "value": 76.93333333333334
                },
                {
                    "cluster": "cluster_3",
                    "value": 7.5561224489795915
                },
                {
                    "cluster": "cluster_4",
                    "value": 25.782696177062373
                }
            ]
        },
        {
            "variable": "MntSweetProducts",
            "var": 974.87,
            "values": [
                {
                    "cluster": "cluster_0",
                    "value": 72.63296703296703
                },
                {
                    "cluster": "cluster_1",
                    "value": 5.526422764227642
                },
                {
                    "cluster": "cluster_2",
                    "value": 58.687179487179485
                },
                {
                    "cluster": "cluster_3",
                    "value": 5.576530612244898
                },
                {
                    "cluster": "cluster_4",
                    "value": 20.227364185110662
                }
            ]
        },
        {
            "variable": "MntGoldProds",
            "var": 972.19,
            "values": [
                {
                    "cluster": "cluster_0",
                    "value": 81.8087912087912
                },
                {
                    "cluster": "cluster_1",
                    "value": 17.977642276422763
                },
                {
                    "cluster": "cluster_2",
                    "value": 71.57435897435897
                },
                {
                    "cluster": "cluster_3",
                    "value": 14.173469387755102
                },
                {
                    "cluster": "cluster_4",
                    "value": 60.29577464788732
                }
            ]
        },
        {
            "variable": "Recency",
            "var": 3.22,
            "values": [
                {
                    "cluster": "cluster_0",
                    "value": 49.71868131868132
                },
                {
                    "cluster": "cluster_1",
                    "value": 51.49186991869919
                },
                {
                    "cluster": "cluster_2",
                    "value": 50.57948717948718
                },
                {
                    "cluster": "cluster_3",
                    "value": 47.30102040816327
                },
                {
                    "cluster": "cluster_4",
                    "value": 47.78672032193159
                }
            ]
        },
        {
            "variable": "NumStorePurchases",
            "var": 7.15,
            "values": [
                {
                    "cluster": "cluster_0",
                    "value": 8.569230769230769
                },
                {
                    "cluster": "cluster_1",
                    "value": 3.1097560975609757
                },
                {
                    "cluster": "cluster_2",
                    "value": 8.4
                },
                {
                    "cluster": "cluster_3",
                    "value": 3.610544217687075
                },
                {
                    "cluster": "cluster_4",
                    "value": 7.577464788732394
                }
            ]
        },
        {
            "variable": "NumDealsPurchases",
            "var": 1.47,
            "values": [
                {
                    "cluster": "cluster_0",
                    "value": 1.5340659340659342
                },
                {
                    "cluster": "cluster_1",
                    "value": 2.25
                },
                {
                    "cluster": "cluster_2",
                    "value": 1.1333333333333333
                },
                {
                    "cluster": "cluster_3",
                    "value": 1.7772108843537415
                },
                {
                    "cluster": "cluster_4",
                    "value": 4.225352112676056
                }
            ]
        },
        {
            "variable": "factor_0",
            "var": 9.09,
            "values": [
                {
                    "cluster": "cluster_0",
                    "value": 3.1178548001508677
                },
                {
                    "cluster": "cluster_1",
                    "value": -2.4383888768509743
                },
                {
                    "cluster": "cluster_2",
                    "value": 4.1337014457301455
                },
                {
                    "cluster": "cluster_3",
                    "value": -2.2842216246050495
                },
                {
                    "cluster": "cluster_4",
                    "value": 0.6400682629626258
                }
            ]
        },
        {
            "variable": "factor_1",
            "var": 1.17,
            "values": [
                {
                    "cluster": "cluster_0",
                    "value": 0.7297303473682086
                },
                {
                    "cluster": "cluster_1",
                    "value": -0.22581118573399384
                },
                {
                    "cluster": "cluster_2",
                    "value": 0.6383681247487119
                },
                {
                    "cluster": "cluster_3",
                    "value": 0.8634459827196498
                },
                {
                    "cluster": "cluster_4",
                    "value": -1.7165316435343314
                }
            ]
        },
        {
            "variable": "factor_2",
            "var": 1.22,
            "values": [
                {
                    "cluster": "cluster_0",
                    "value": -0.9710401742541818
                },
                {
                    "cluster": "cluster_1",
                    "value": 0.0339677277525653
                },
                {
                    "cluster": "cluster_2",
                    "value": 2.046176997045738
                },
                {
                    "cluster": "cluster_3",
                    "value": -0.010262857398308999
                },
                {
                    "cluster": "cluster_4",
                    "value": 0.064670428486273
                }
            ]
        },
        {
            "variable": "factor_3",
            "var": 0.27,
            "values": [
                {
                    "cluster": "cluster_0",
                    "value": 0.10872700940624805
                },
                {
                    "cluster": "cluster_1",
                    "value": 0.8179247624174523
                },
                {
                    "cluster": "cluster_2",
                    "value": 0.11341198765853198
                },
                {
                    "cluster": "cluster_3",
                    "value": -0.4930477658348755
                },
                {
                    "cluster": "cluster_4",
                    "value": -0.3704084983334737
                }
            ]
        },
        {
            "variable": "factor_4",
            "var": 0.05,
            "values": [
                {
                    "cluster": "cluster_0",
                    "value": 0.09500199988979616
                },
                {
                    "cluster": "cluster_1",
                    "value": 0.35750745296367603
                },
                {
                    "cluster": "cluster_2",
                    "value": 0.008743065236785072
                },
                {
                    "cluster": "cluster_3",
                    "value": -0.2228391685742678
                },
                {
                    "cluster": "cluster_4",
                    "value": -0.18067413160460627
                }
            ]
        },
        {
            "variable": "factor_5",
            "var": 0.04,
            "values": [
                {
                    "cluster": "cluster_0",
                    "value": 0.10633258751563068
                },
                {
                    "cluster": "cluster_1",
                    "value": -0.04467398526121126
                },
                {
                    "cluster": "cluster_2",
                    "value": -0.35129364074454816
                },
                {
                    "cluster": "cluster_3",
                    "value": -0.032417734418235165
                },
                {
                    "cluster": "cluster_4",
                    "value": 0.12306269861572078
                }
            ]
        },
        {
            "variable": "factor_6",
            "var": 0.07,
            "values": [
                {
                    "cluster": "cluster_0",
                    "value": 0.023398025629477747
                },
                {
                    "cluster": "cluster_1",
                    "value": -0.26870001601197435
                },
                {
                    "cluster": "cluster_2",
                    "value": -0.3808307849957762
                },
                {
                    "cluster": "cluster_3",
                    "value": 0.15336462381397126
                },
                {
                    "cluster": "cluster_4",
                    "value": 0.2125511277425355
                }
            ]
        },
        {
            "variable": "cluster_size",
            "var": 21990.3,
            "values": [
                {
                    "cluster": "cluster_3",
                    "value": 588
                },
                {
                    "cluster": "cluster_4",
                    "value": 497
                },
                {
                    "cluster": "cluster_1",
                    "value": 492
                },
                {
                    "cluster": "cluster_0",
                    "value": 455
                },
                {
                    "cluster": "cluster_2",
                    "value": 195
                }
            ]
        }
    ],
    "summary": {
        "clusters": []
    }
}