{
    "modelId": "m3",
    "state": "DONE",
    "startTime": 1677559713690,
    "endTime": 1677559724070,
    "preprocessingTime": 314,
    "trainingTime": 2672,
    "progress": {
        "stack": [],
        "top_level_todo": [],
        "top_level_done": [
            {
                "name": "Loading source dataset",
                "time": 40
            },
            {
                "name": "Collecting statistics",
                "time": 56
            },
            {
                "name": "Preprocessing data",
                "time": 208
            },
            {
                "name": "Fitting model",
                "time": 359
            },
            {
                "name": "Saving model",
                "time": 7
            },
            {
                "name": "Scoring model",
                "time": 2305
            }
        ]
    }
}