{
    "per_feature": {
        "BounceRates": {
            "stats": {
                "min": 0.0,
                "average": 0.021331838578327558,
                "median": 0.002702703,
                "max": 0.2,
                "p99": 0.2,
                "std": 0.04751819695267976
            },
            "missing_impute_with_value": 0.021331838578327558
        },
        "ExitRates": {
            "stats": {
                "min": 0.0,
                "average": 0.04180661071285229,
                "median": 0.025,
                "max": 0.2,
                "p99": 0.2,
                "std": 0.047891539960086264
            },
            "missing_impute_with_value": 0.04180661071285229
        },
        "Informational_Duration": {
            "stats": {
                "min": 0.0,
                "average": 35.04606144199305,
                "median": 0.0,
                "max": 2549.375,
                "p99": 694.2560000000018,
                "std": 139.17145249174618
            },
            "missing_impute_with_value": 35.04606144199305
        },
        "PageValues": {
            "stats": {
                "min": 0.0,
                "average": 7.262459930130285,
                "median": 0.0,
                "max": 361.7637419,
                "p99": 92.94978709920001,
                "std": 20.76203849922484
            },
            "missing_impute_with_value": 7.262459930130285
        },
        "Administrative_Duration": {
            "stats": {
                "min": 0.0,
                "average": 82.06691835921967,
                "median": 10.0,
                "max": 3398.75,
                "p99": 820.8771147440002,
                "std": 178.57686846825308
            },
            "missing_impute_with_value": 82.06691835921967
        },
        "ProductRelated": {
            "stats": {
                "min": 0.0,
                "average": 32.67502452850758,
                "median": 19.0,
                "max": 705.0,
                "p99": 224.28000000000065,
                "std": 45.6986877962785
            },
            "missing_impute_with_value": 32.67502452850758
        },
        "Administrative": {
            "stats": {
                "min": 0.0,
                "average": 2.365093208328791,
                "median": 1.0,
                "max": 27.0,
                "p99": 14.0,
                "std": 3.348787994806292
            },
            "missing_impute_with_value": 2.365093208328791
        },
        "ProductRelated_Duration": {
            "stats": {
                "min": 0.0,
                "average": 1236.0105196479622,
                "median": 633.75,
                "max": 63973.52223,
                "p99": 8864.633393600001,
                "std": 1996.0999715997743
            },
            "missing_impute_with_value": 1236.0105196479622
        },
        "Month": {
            "stats": {
                "mostFrequentValue": "May",
                "leastFrequentValue": "Feb"
            },
            "category_possible_values": [
                "May",
                "Nov",
                "Mar",
                "Dec",
                "Oct",
                "Jul",
                "Sep",
                "Aug",
                "June",
                "Feb"
            ],
            "category_possible_counts": [
                2444,
                2302,
                1404,
                1279,
                413,
                332,
                330,
                328,
                203,
                138
            ]
        },
        "OperatingSystems": {
            "stats": {
                "min": 1.0,
                "average": 2.122097459936771,
                "median": 2.0,
                "max": 8.0,
                "p99": 4.0,
                "std": 0.9096355622878372
            },
            "missing_impute_with_value": 2.122097459936771
        },
        "Region": {
            "stats": {
                "min": 1.0,
                "average": 3.1247138340782734,
                "median": 3.0,
                "max": 9.0,
                "p99": 9.0,
                "std": 2.3920962896924016
            },
            "missing_impute_with_value": 3.1247138340782734
        },
        "Informational": {
            "stats": {
                "min": 0.0,
                "average": 0.5172789708928377,
                "median": 0.0,
                "max": 24.0,
                "p99": 6.0,
                "std": 1.3045974963434863
            },
            "missing_impute_with_value": 0.5172789708928377
        },
        "Revenue": {
            "stats": {}
        },
        "Weekend": {
            "stats": {
                "mostFrequentValue": "FALSE",
                "leastFrequentValue": "TRUE"
            },
            "category_possible_values": [
                "FALSE",
                "TRUE"
            ],
            "category_possible_counts": [
                7001,
                2172
            ]
        },
        "Browser": {
            "stats": {
                "min": 1.0,
                "average": 2.346560558159817,
                "median": 2.0,
                "max": 13.0,
                "p99": 10.0,
                "std": 1.7036582322100111
            },
            "missing_impute_with_value": 2.346560558159817
        },
        "TrafficType": {
            "stats": {
                "min": 1.0,
                "average": 4.010901558922926,
                "median": 2.0,
                "max": 20.0,
                "p99": 20.0,
                "std": 3.9630999388876944
            },
            "missing_impute_with_value": 4.010901558922926
        },
        "VisitorType": {
            "stats": {
                "mostFrequentValue": "Returning_Visitor",
                "leastFrequentValue": "Other"
            },
            "category_possible_values": [
                "Returning_Visitor",
                "New_Visitor",
                "Other"
            ],
            "category_possible_counts": [
                7811,
                1302,
                60
            ]
        }
    },
    "feature_order": [
        "BounceRates",
        "ExitRates",
        "Informational_Duration",
        "PageValues",
        "Administrative_Duration",
        "ProductRelated",
        "Administrative",
        "ProductRelated_Duration",
        "Month",
        "OperatingSystems",
        "Region",
        "Informational",
        "Revenue",
        "Weekend",
        "Browser",
        "TrafficType",
        "VisitorType"
    ]
}