{
    "details": {
        "Month": {
            "levels": [
                "May",
                "Nov",
                "Mar",
                "Dec",
                "Oct",
                "Jul",
                "Sep",
                "Aug",
                "June",
                "Feb"
            ],
            "with_others": true
        },
        "Weekend": {
            "levels": [
                "FALSE",
                "TRUE"
            ],
            "with_others": true
        },
        "VisitorType": {
            "levels": [
                "Returning_Visitor",
                "New_Visitor",
                "Other"
            ],
            "with_others": true
        }
    }
}